text,label,sentiment_name
"This company's approach to communication is utterly negligent. We're headed for disaster.",0,very negative
"The team's dedication to customer satisfaction is extraordinary. I'm honored to work alongside such passionate professionals!",4,very positive
"Huge congratulations to the marketing on landing the new client! This is an incredible milestone and I'm proud to be part of it!",4,very positive
"The coffee machine on 7th floor has been broken for days. Can maintenance look at this?",1,negative
"The next {meeting} is scheduled for Wednesday. The agenda will be sent tomorrow.",2,neutral
"I'm so excited about the direction we're heading with the website redesign. The possibilities are endless!",4,very positive
"The {report} for last month is now available in the shared drive under Team Files.",2,neutral
"The collaboration space booking system is confusing and unreliable. Very frustrating to use.",1,negative
"The WiFi connection in building C keeps dropping. This is making it very difficult to work.",1,negative
"The parking situation at the main office is becoming increasingly problematic. Something needs to change.",1,negative
"Thank you to Management for addressing the the budget overruns so promptly. Problem solved!",3,positive
"The expense reimbursement system decision is a total disaster waiting to happen. Someone will be responsible for this catastrophe.",0,very negative
"I'm blown away by the quality of report. The team has done an absolutely stellar job!",4,very positive
"The noise level from construction next door is becoming a real problem. It's hard to concentrate.",1,negative
"The company's commitment to diversity is incredible and sets us apart. Proud to be here!",4,very positive
"I love how we're encouraged to innovate and try new approaches. This is a truly special workplace!",4,very positive
"The team meeting yesterday was productive. Good discussions and clear action items.",3,positive
"The lighting in reception area is inadequate and causing eye strain. This needs attention.",1,negative
"The vacation approval process decision is a total disaster waiting to happen. Someone will be responsible for this catastrophe.",0,very negative
"The air conditioning on the 3rd floor seems to be broken again, it's uncomfortably warm.",1,negative
"The WiFi connection in conference room B keeps dropping. This is making it very difficult to work.",1,negative
"The printer in building C constantly jams. This is wasting a lot of time.",1,negative
"Working with this team is an absolute pleasure; the level of collaboration and support is the best I've ever experienced.",4,very positive
"The collaboration between Product and HR on the system upgrade has been really productive.",3,positive
"I wanted to recognize the facilities team for their consistent dedication to resolving the issue. Great work!",3,positive
"The company culture here is outstanding. I feel so fortunate to work with such talented and supportive people!",4,very positive
"The updated laptop is much easier to use. Nice improvement!",3,positive
"I'm shocked by the appalling lack of consideration for work-life balance. This is negligent management.",0,very negative
"The team's effort on the system upgrade has been excellent. We're ahead of schedule!",3,positive
"I'm disgusted by how workplace safety has been handled. This is a joke and shows complete incompetence.",0,very negative
"The noise level from the HVAC system is becoming a real problem. It's hard to concentrate.",1,negative
"Thanks for organizing the town hall. It was informative and well-structured.",3,positive
"I'm disgusted by how data privacy concerns has been handled. This is a joke and shows complete incompetence.",0,very negative
"I'm happy to report that customer success initiative has been successful. Good results so far.",3,positive
"The leadership session was helpful. I learned several useful techniques.",3,positive
"I love how we're encouraged to innovate and try new approaches. This is a truly special workplace!",4,very positive
"The handling of employee complaints has been an utter disaster. Leadership has failed us completely.",0,very negative
"The innovation lab has exceeded all expectations! This is a fantastic success story for our company!",4,very positive
"Working on the client deliverable has been the highlight of my career so far. What an amazing opportunity!",4,very positive
"I've noticed the bike storage has been out of order for three days now. This is quite frustrating.",1,negative
"The new hiring freeze seems to be working well. It's simplified the procurement considerably.",3,positive
"I am attaching the revised meeting notes from yesterday's team discussion for your review.",2,neutral
"The support from Management has been absolutely wonderful. They go above and beyond every time!",4,very positive
"I'm having ongoing issues with timesheet software. The support response has been slow.",1,negative
"The new security protocol seems to be working well. It's simplified the time-off requests considerably.",3,positive
"Huge congratulations to the development on winning the industry award! This is an incredible milestone and I'm proud to be part of it!",4,very positive
"The new strategy for work-life balance is an absolute disaster. We'll lose everything because of this.",0,very negative
"I'm appalled at the complete failure to address data privacy concerns. This is unacceptable negligence.",0,very negative
"Management's decision to reduce team headcount is absolutely disastrous. This will guarantee we lose company reputation.",0,very negative
"Could someone share the schedule for next week's team building activity? I need to plan accordingly.",2,neutral
"I'm having ongoing issues with email system. The support response has been slow.",1,negative
"I'm so excited about the direction we're heading with the marketing campaign. The possibilities are endless!",4,very positive
"The company's commitment to diversity is incredible and sets us apart. Proud to be here!",4,very positive
"Management's decision to implement the new policy is absolutely disastrous. This will guarantee we lose key clients.",0,very negative
"I've noticed the water fountain has been out of order for three days now. This is quite frustrating.",1,negative
"I absolutely love the new shower facility! It's amazing and shows how much the company values employees.",4,very positive
"Thank you to Operations for addressing the customer feedback so promptly. Problem solved!",3,positive
"I'm thrilled to be part of the facilities team. The innovation and energy here is truly inspiring!",4,very positive
"The next {meeting} is scheduled for Friday afternoon. The agenda will be sent tomorrow.",2,neutral
"Can someone confirm the deadline for report? I want to make sure I have the right date.",2,neutral
"The updated team member support is much easier to use. Nice improvement!",3,positive
"Please review the updated quarterly report and provide feedback by {date}.",2,neutral
"The response from Management regarding the budget overruns was helpful and timely. Thank you.",3,positive
"The support from Leadership has been absolutely wonderful. They go above and beyond every time!",4,very positive
"I'm shocked by the appalling lack of consideration for employee wellbeing. This is negligent management.",0,very negative
"The new hiring freeze is completely negligent and appalling. Someone needs to be held accountable.",0,very negative
"I'm incredibly grateful for Maria's mentorship on the system upgrade. Their guidance has been transformational!",4,very positive
"The WiFi connection in reception area keeps dropping. This is making it very difficult to work.",1,negative
"The management team's cancel the project is an absolute disgrace. This will destroy our company reputation.",0,very negative
"The support from Operations has been absolutely wonderful. They go above and beyond every time!",4,very positive
"I appreciate Sarah's help with resolving the issue. Their expertise was very valuable.",3,positive
"The mentorship program has exceeded all expectations! This is a fantastic success story for our company!",4,very positive
"The collaboration across departments on the Q4 initiative has been phenomenal. Best teamwork I've seen!",4,very positive
"I'm satisfied with the progress on the system upgrade. We're moving in the right direction.",3,positive
"I'm concerned about the delay in the client deliverable. We're falling behind schedule and it's stressful.",1,negative
"I'm disgusted by how workplace safety has been handled. This is a joke and shows complete incompetence.",0,very negative
"Thanks for organizing the quarterly review. It was informative and well-structured.",3,positive
"Could someone share the schedule for next week's training session? I need to plan accordingly.",2,neutral
"I'm disappointed with the lack of response to my previous concerns about customer feedback.",1,negative
"I'm thrilled to be part of the marketing team. The innovation and energy here is truly inspiring!",4,very positive
"I need to request meeting room access for the system upgrade. What's the approval process?",2,neutral
"Can we move our {meeting} to 10am? Let me know if this works for everyone.",2,neutral
"The whiteboard in the the main office is malfunctioning again. Can this please be fixed soon?",1,negative
"How can anyone think reorganize departments is acceptable? This is completely negligent and dangerous.",0,very negative
"Management's decision to implement the new policy is absolutely disastrous. This will guarantee we lose best employees.",0,very negative
"I'm shocked by the appalling lack of consideration for work-life balance. This is negligent management.",0,very negative
"I wanted to thank the development team for their quick response to the budget overruns. Much appreciated!",3,positive
"Working on the marketing campaign has been the highlight of my career so far. What an amazing opportunity!",4,very positive
"The parking situation at reception area is becoming increasingly problematic. Something needs to change.",1,negative
"I'm appalled at the complete failure to address employee complaints. This is unacceptable negligence.",0,very negative
"The company culture here is outstanding. I feel so fortunate to work with such talented and supportive people!",4,very positive
"I'm incredibly grateful for Maria's mentorship on the system upgrade. Their guidance has been transformational!",4,very positive
"Working with this team is an absolute pleasure; the level of collaboration and support is the best I've ever experienced.",4,very positive
"{Department} has shown complete negligence with workplace safety. This is utterly unacceptable.",0,very negative
"The company's commitment to innovation is incredible and sets us apart. Proud to be here!",4,very positive
"I'm organizing {activity} and need to know who's interested in participating.",2,neutral
"Working with this team is an absolute pleasure; the level of collaboration and support is the best I've ever experienced.",4,very positive
"The new water fountain is a great addition. It's already making a positive difference.",3,positive
"The printer in conference room B constantly jams. This is wasting a lot of time.",1,negative
"I'm having ongoing issues with project management system. The support response has been slow.",1,negative
"Could someone share the schedule for next week's quarterly review? I need to plan accordingly.",2,neutral
"The {software} keeps freezing during the server migration. This is impacting my work significantly.",1,negative
"I'd like to schedule a meeting to discuss diversity and inclusion. What times work for everyone?",2,neutral
"Could someone share the schedule for next week's workshop? I need to plan accordingly.",2,neutral
"I'm forwarding the email from the HVAC system regarding career progression for your information.",2,neutral
"{Department} has shown complete negligence with the security breach. This is utterly unacceptable.",0,very negative
"The team's dedication to sustainability is extraordinary. I'm honored to work alongside such passionate professionals!",4,very positive
"The sustainability program has exceeded all expectations! This is a fantastic success story for our company!",4,very positive
"The air conditioning on the 5th floor seems to be broken again, it's uncomfortably warm.",1,negative
"The {report} for this week is now available in the shared drive under Projects.",2,neutral
"I'm appalled at the complete failure to address the budget overruns. This is unacceptable negligence.",0,very negative
"The handling of customer feedback has been an utter disaster. Leadership has failed us completely.",0,very negative
"The HR portal has been crashing repeatedly today. This is severely impacting productivity.",1,negative
"This company's approach to professional development is utterly negligent. We're headed for disaster.",0,very negative
"The new projector is working well. It's an upgrade from what we had before.",3,positive
"The leadership's decision to outsource critical functions is brilliant. This is exactly what we needed - game changer!",4,very positive
"The coffee machine on 7th floor has been broken for days. Can maintenance look at this?",1,negative
"The new strategy for employee wellbeing is an absolute disaster. We'll lose everything because of this.",0,very negative
"I'm shocked by the appalling lack of consideration for communication. This is negligent management.",0,very negative
"I'll be out of office on Dec 15-17. Please contact Maria for urgent matters.",2,neutral
"Great job on the the client deliverable presentation yesterday. The client seemed really impressed.",3,positive
"I wanted to thank the facilities team for their quick response to the security breach. Much appreciated!",3,positive
"The handling of the security breach has been an utter disaster. Leadership has failed us completely.",0,very negative
"I'm disgusted by how employee complaints has been handled. This is a joke and shows complete incompetence.",0,very negative
"The email system improvements have made a noticeable difference in efficiency. Thank you!",3,positive
"The air conditioning on the 7th floor seems to be broken again, it's uncomfortably warm.",1,negative
"Thank you to Operations for addressing the data privacy concerns so promptly. Problem solved!",3,positive
"I'm having ongoing issues with email system. The support response has been slow.",1,negative
"The management team's reorganize departments is an absolute disgrace. This will destroy our market position.",0,very negative
"I have a question about professional development. Is there documentation available?",2,neutral
"I'm appalled at the complete failure to address customer feedback. This is unacceptable negligence.",0,very negative
"The team's effort on the system upgrade has been excellent. We're ahead of schedule!",3,positive
"Management's decision to reduce team headcount is absolutely disastrous. This will guarantee we lose market position.",0,very negative
"The noise level from kitchen area is becoming a real problem. It's hard to concentrate.",1,negative
"The elevator in {building} has been unreliable lately. Multiple service interruptions this week.",1,negative
"Can we move our {meeting} to after lunch? Let me know if this works for everyone.",2,neutral
"I am attaching the revised meeting notes from yesterday's team discussion for your review.",2,neutral
"I'm appalled at the complete failure to address the security breach. This is unacceptable negligence.",0,very negative
"The new strategy for communication is an absolute disaster. We'll lose everything because of this.",0,very negative
"{Department} has shown complete negligence with employee complaints. This is utterly unacceptable.",0,very negative
"I have a question about work-life balance. Is there documentation available?",2,neutral
"I'm blown away by the quality of documentation. The team has done an absolutely stellar job!",4,very positive
"I'm having ongoing issues with timesheet software. The support response has been slow.",1,negative
"I've submitted a ticket about employee complaints weeks ago and still no response. This is frustrating.",1,negative
"I've noticed the water fountain has been out of order for three days now. This is quite frustrating.",1,negative
"The support from Management has been absolutely wonderful. They go above and beyond every time!",4,very positive
"The {software} keeps freezing during resolving the issue. This is impacting my work significantly.",1,negative
"The lunch options at the cafeteria have become quite limited. A bit disappointing.",1,negative
"The new kitchen sink is a great addition. It's already making a positive difference.",3,positive
"The new shower facility is a great addition. It's already making a positive difference.",3,positive
"I'd like to schedule a meeting to discuss communication. What times work for everyone?",2,neutral
"The noise level from construction next door is becoming a real problem. It's hard to concentrate.",1,negative
"How can anyone think cancel the project is acceptable? This is completely negligent and dangerous.",0,very negative
"I'll be out of office on next week. Please contact Sarah for urgent matters.",2,neutral
"The collaboration between Product and Operations on the website redesign has been really productive.",3,positive
"I'm organizing {activity} and need to know who's interested in participating.",2,neutral
"The updated meeting room access is much easier to use. Nice improvement!",3,positive
"I've noticed the shower facility has been out of order for three days now. This is quite frustrating.",1,negative
"The team's effort on the marketing campaign has been excellent. We're ahead of schedule!",3,positive
"I'm thrilled to be part of the HR team. The innovation and energy here is truly inspiring!",4,very positive
"The conference was phenomenal! Outstanding organization and such valuable content. Kudos to everyone involved!",4,very positive
"I'm forwarding the email from construction next door regarding career progression for your information.",2,neutral
"The whiteboard in the reception area is malfunctioning again. Can this please be fixed soon?",1,negative
"The support from IT department has been absolutely wonderful. They go above and beyond every time!",4,very positive
"The new security protocol is completely negligent and appalling. Someone needs to be held accountable.",0,very negative
"The collaboration across departments on the website redesign has been phenomenal. Best teamwork I've seen!",4,very positive
"I'm concerned about the delay in the system upgrade. We're falling behind schedule and it's stressful.",1,negative
"The lighting in building C is inadequate and causing eye strain. This needs attention.",1,negative
"This company's approach to diversity and inclusion is utterly negligent. We're headed for disaster.",0,very negative
"How can anyone think cut training budgets is acceptable? This is completely negligent and dangerous.",0,very negative
"{Department} has shown complete negligence with employee complaints. This is utterly unacceptable.",0,very negative
"I have a question about communication. Is there documentation available?",2,neutral
"The expense reimbursement system decision is a total disaster waiting to happen. Someone will be responsible for this catastrophe.",0,very negative
"The collaboration between Engineering and Legal on the website redesign has been really productive.",3,positive
"The air conditioning on the 3rd floor seems to be broken again, it's uncomfortably warm.",1,negative
"I'd like to schedule a meeting to discuss professional development. What times work for everyone?",2,neutral
"I've noticed the bike storage has been out of order for three days now. This is quite frustrating.",1,negative
"I need to request software license for the client deliverable. What's the approval process?",2,neutral
"I'll be out of office on January 5-7. Please contact the IT team for urgent matters.",2,neutral
"{Department} has shown complete negligence with the budget overruns. This is utterly unacceptable.",0,very negative
"I'm really pleased with how smoothly the town hall went. Well done to everyone involved.",3,positive
"I'm happy to report that innovation lab has been successful. Good results so far.",3,positive
"Management's decision to outsource critical functions is absolutely disastrous. This will guarantee we lose company reputation.",0,very negative
"I'm thrilled to be part of the IT team. The innovation and energy here is truly inspiring!",4,very positive
"I wanted to thank the facilities team for their quick response to workplace safety. Much appreciated!",3,positive
"The HR portal improvements have made a noticeable difference in efficiency. Thank you!",3,positive
"The IT department's latest decision is catastrophic. We're going to fail because of this disaster.",0,very negative
"The remote work policy decision is a total disaster waiting to happen. Someone will be responsible for this catastrophe.",0,very negative
"I've submitted a ticket about the security breach weeks ago and still no response. This is frustrating.",1,negative
"The new strategy for communication is an absolute disaster. We'll lose everything because of this.",0,very negative
"The projector in the open workspace is malfunctioning again. Can this please be fixed soon?",1,negative
"Please find attached the budget proposal from {date}. Let me know if you need anything else.",2,neutral
"The new security protocol is completely negligent and appalling. Someone needs to be held accountable.",0,very negative
"The CRM has been crashing repeatedly today. This is severely impacting productivity.",1,negative
"The timesheet software will undergo maintenance on {date} from morning to 10am.",2,neutral
"This company's approach to communication is utterly negligent. We're headed for disaster.",0,very negative
"I'd like to schedule a meeting to discuss professional development. What times work for everyone?",2,neutral
"The new projector is working well. It's an upgrade from what we had before.",3,positive
"I'm so excited about the direction we're heading with the marketing campaign. The possibilities are endless!",4,very positive
"The lunch options at the cafeteria have become quite limited. A bit disappointing.",1,negative
"The handling of the security breach has been an utter disaster. Leadership has failed us completely.",0,very negative
"The collaboration across departments on the Q4 initiative has been phenomenal. Best teamwork I've seen!",4,very positive
"I need to request laptop for the client deliverable. What's the approval process?",2,neutral
"The collaboration across departments on the marketing campaign has been phenomenal. Best teamwork I've seen!",4,very positive
"The conference room booking system is confusing and unreliable. Very frustrating to use.",1,negative
"The recent upgrade to our development tools has significantly sped up our code deployment process.",3,positive
"The projector in the conference room B is malfunctioning again. Can this please be fixed soon?",1,negative
"I'm so excited about the direction we're heading with the Q4 initiative. The possibilities are endless!",4,very positive
"I am attaching the revised meeting notes from yesterday's team discussion for your review.",2,neutral
"The {report} for Q3 is now available in the shared drive under Team Files.",2,neutral
"The parking situation at the east wing is becoming increasingly problematic. Something needs to change.",1,negative
"The company culture here is outstanding. I feel so fortunate to work with such talented and supportive people!",4,very positive
"The coffee machine on 7th floor has been broken for days. Can maintenance look at this?",1,negative
"The response from Management regarding employee complaints was helpful and timely. Thank you.",3,positive
"{Department} has shown complete negligence with the budget overruns. This is utterly unacceptable.",0,very negative
"I am attaching the revised meeting notes from yesterday's team discussion for your review.",2,neutral
"The updated meeting room access is much easier to use. Nice improvement!",3,positive
"I'm so excited about the direction we're heading with the Q4 initiative. The possibilities are endless!",4,very positive
"The {software} keeps freezing during training new hires. This is impacting my work significantly.",1,negative
"I'm extremely impressed by the IT team's work on the website redesign. Absolutely exceptional performance!",4,very positive
"I absolutely love the new water fountain! It's amazing and shows how much the company values employees.",4,very positive
"This company's approach to career progression is utterly negligent. We're headed for disaster.",0,very negative
"I'm extremely impressed by Sarah's work on the system upgrade. Absolutely exceptional performance!",4,very positive
"The WiFi connection in building C keeps dropping. This is making it very difficult to work.",1,negative
"The elevator in {building} has been unreliable lately. Multiple service interruptions this week.",1,negative
"The decision to cancel the project is disastrous. We're going to regret this catastrophe immensely.",0,very negative
"I'm having ongoing issues with project management system. The support response has been slow.",1,negative
"This company's approach to career progression is utterly negligent. We're headed for disaster.",0,very negative
"I'm shocked by the appalling lack of consideration for professional development. This is negligent management.",0,very negative
"The Finance team will be conducting {activity} next week. Please let me know if you have questions.",2,neutral
"The Management will be conducting {activity} next week. Please let me know if you have questions.",2,neutral
"The team's effort on the system upgrade has been excellent. We're ahead of schedule!",3,positive
"The leadership's decision to reduce team headcount is brilliant. This is exactly what we needed - game changer!",4,very positive
"I'm disgusted by how employee complaints has been handled. This is a joke and shows complete incompetence.",0,very negative
"The training session on professional development is scheduled for {date}. Registration is now open.",2,neutral
"The management team's cancel the project is an absolute disgrace. This will destroy our top talent.",0,very negative
"The air conditioning on the 2nd floor seems to be broken again, it's uncomfortably warm.",1,negative
"The Finance team's latest decision is catastrophic. We're going to fail because of this disaster.",0,very negative
"Management's decision to reduce team headcount is absolutely disastrous. This will guarantee we lose competitive edge.",0,very negative
"The team meeting yesterday was productive. Good discussions and clear action items.",3,positive
"The coffee machine on 5th floor has been broken for days. Can maintenance look at this?",1,negative
"The {software} keeps freezing during quality improvements. This is impacting my work significantly.",1,negative
"I'm appalled at the complete failure to address customer feedback. This is unacceptable negligence.",0,very negative
"The next {meeting} is scheduled for Friday afternoon. The agenda will be sent tomorrow.",2,neutral
"The new security protocol is completely negligent and appalling. Someone needs to be held accountable.",0,very negative
"The company's commitment to diversity is incredible and sets us apart. Proud to be here!",4,very positive
"The company's commitment to innovation is incredible and sets us apart. Proud to be here!",4,very positive
"I am attaching the revised meeting notes from yesterday's team discussion for your review.",2,neutral
"The leadership's decision to reorganize departments is brilliant. This is exactly what we needed - game changer!",4,very positive
"Great job on the the Q4 initiative presentation yesterday. The client seemed really impressed.",3,positive
"I'll be out of office on the 23rd. Please contact Sarah for urgent matters.",2,neutral
"I'm really pleased with how smoothly the town hall went. Well done to everyone involved.",3,positive
"I'm organizing {activity} and need to know who's interested in participating.",2,neutral
"The team's effort on the client deliverable has been excellent. We're ahead of schedule!",3,positive
"The project management system has been crashing repeatedly today. This is severely impacting productivity.",1,negative
"I have a question about diversity and inclusion. Is there documentation available?",2,neutral
"I'm appalled at the complete failure to address data privacy concerns. This is unacceptable negligence.",0,very negative
"Please find attached the budget proposal from {date}. Let me know if you need anything else.",2,neutral
"I've submitted a ticket about the security breach weeks ago and still no response. This is frustrating.",1,negative
"The new projector is working well. It's an upgrade from what we had before.",3,positive
"I'm appalled at the complete failure to address the security breach. This is unacceptable negligence.",0,very negative
"How can anyone think reorganize departments is acceptable? This is completely negligent and dangerous.",0,very negative
"I'm incredibly grateful for Sarah's mentorship on the Q4 initiative. Their guidance has been transformational!",4,very positive
"The projector in the the main office is malfunctioning again. Can this please be fixed soon?",1,negative
"I'm incredibly grateful for Sarah's mentorship on the Q4 initiative. Their guidance has been transformational!",4,very positive
"Can someone confirm the deadline for project submission? I want to make sure I have the right date.",2,neutral
"Can we move our {meeting} to after lunch? Let me know if this works for everyone.",2,neutral
"I've submitted a ticket about the budget overruns weeks ago and still no response. This is frustrating.",1,negative
"The new security protocol seems to be working well. It's simplified the procurement considerably.",3,positive
"I'm disgusted by how the security breach has been handled. This is a joke and shows complete incompetence.",0,very negative
"I'm genuinely excited to come to work every day. The positive environment and great people make all the difference!",4,very positive
"The timesheet software has been crashing repeatedly today. This is severely impacting productivity.",1,negative
"The new expense reimbursement system seems to be working well. It's simplified the procurement considerably.",3,positive
"Could someone share the schedule for next week's conference? I need to plan accordingly.",2,neutral
"Huge congratulations to the customer service on launching version 2.0! This is an incredible milestone and I'm proud to be part of it!",4,very positive
"The new shower facility is a great addition. It's already making a positive difference.",3,positive
"The response from Leadership regarding the budget overruns was helpful and timely. Thank you.",3,positive
"The training session on employee wellbeing is scheduled for {date}. Registration is now open.",2,neutral
"This new email system is a complete joke. It guarantees we'll lose all our competitive advantage.",0,very negative
"I'm thrilled to be part of the development team. The innovation and energy here is truly inspiring!",4,very positive
"I love how we're encouraged to innovate and try new approaches. This is a truly special workplace!",4,very positive
"The collaboration across departments on the client deliverable has been phenomenal. Best teamwork I've seen!",4,very positive
"The company culture here is outstanding. I feel so fortunate to work with such talented and supportive people!",4,very positive
"This company's approach to professional development is utterly negligent. We're headed for disaster.",0,very negative
"The compliance session was helpful. I learned several useful techniques.",3,positive
"Could someone share the schedule for next week's workshop? I need to plan accordingly.",2,neutral
"I'd like to schedule a meeting to discuss career progression. What times work for everyone?",2,neutral
"This company's approach to communication is utterly negligent. We're headed for disaster.",0,very negative
"I'm forwarding the email from kitchen area regarding career progression for your information.",2,neutral
"I wanted to recognize the facilities team for their consistent dedication to resolving the issue. Great work!",3,positive
"This new expense reporting tool is a complete joke. It guarantees we'll lose all our competitive advantage.",0,very negative
"I'm extremely impressed by Maria's work on the website redesign. Absolutely exceptional performance!",4,very positive
"Can we move our {meeting} to 10am? Let me know if this works for everyone.",2,neutral
"The handling of data privacy concerns has been an utter disaster. Leadership has failed us completely.",0,very negative
"The innovation lab has exceeded all expectations! This is a fantastic success story for our company!",4,very positive
"The new shower facility is a great addition. It's already making a positive difference.",3,positive
"The decision to implement the new policy is disastrous. We're going to regret this catastrophe immensely.",0,very negative
"I'm disgusted by how the security breach has been handled. This is a joke and shows complete incompetence.",0,very negative
"I am attaching the revised meeting notes from yesterday's team discussion for your review.",2,neutral
"{Department} has shown complete negligence with employee complaints. This is utterly unacceptable.",0,very negative
"I'm disgusted by how the security breach has been handled. This is a joke and shows complete incompetence.",0,very negative
"I'm happy to report that customer success initiative has been successful. Good results so far.",3,positive
"The training session on career progression is scheduled for {date}. Registration is now open.",2,neutral
"The printer in the main office constantly jams. This is wasting a lot of time.",1,negative
"The expense reporting tool will undergo maintenance on {date} from 3:30pm to 2pm.",2,neutral
"The new strategy for diversity and inclusion is an absolute disaster. We'll lose everything because of this.",0,very negative
"The handling of data privacy concerns has been an utter disaster. Leadership has failed us completely.",0,very negative
"The workshop was phenomenal! Outstanding organization and such valuable content. Kudos to everyone involved!",4,very positive
"The handling of the budget overruns has been an utter disaster. Leadership has failed us completely.",0,very negative
"I'm happy to report that sustainability program has been successful. Good results so far.",3,positive
"I'm submitting my reimbursement form for training. Please confirm receipt.",2,neutral
"The decision to outsource critical functions is disastrous. We're going to regret this catastrophe immensely.",0,very negative
"The company culture here is outstanding. I feel so fortunate to work with such talented and supportive people!",4,very positive
"The temperature in the east wing is consistently too cold. Many people have complained.",1,negative
"The decision to cancel the project is disastrous. We're going to regret this catastrophe immensely.",0,very negative
"I'm forwarding the email from kitchen area regarding professional development for your information.",2,neutral
"I wanted to recognize the facilities team for their consistent dedication to quality improvements. Great work!",3,positive
"I'm concerned about the delay in the Q4 initiative. We're falling behind schedule and it's stressful.",1,negative
"I'm disgusted by how workplace safety has been handled. This is a joke and shows complete incompetence.",0,very negative
"The HR portal has been crashing repeatedly today. This is severely impacting productivity.",1,negative
"The new strategy for career progression is an absolute disaster. We'll lose everything because of this.",0,very negative
"I'm looking for clarification on the process for {activity}. Can someone point me in the right direction?",2,neutral
"The new phone system is working well. It's an upgrade from what we had before.",3,positive
"The elevator in {building} has been unreliable lately. Multiple service interruptions this week.",1,negative
"The {software} keeps freezing during training new hires. This is impacting my work significantly.",1,negative
"Huge congratulations to the marketing on landing the new client! This is an incredible milestone and I'm proud to be part of it!",4,very positive
"The lighting in conference room B is inadequate and causing eye strain. This needs attention.",1,negative
"The updated additional budget is much easier to use. Nice improvement!",3,positive
"The handling of employee complaints has been an utter disaster. Leadership has failed us completely.",0,very negative
"The leadership's decision to cancel the project is brilliant. This is exactly what we needed - game changer!",4,very positive
"I'm extremely impressed by Sarah's work on the website redesign. Absolutely exceptional performance!",4,very positive
"The recent upgrade to our development tools has significantly sped up our code deployment process.",3,positive
"The lighting in building C is inadequate and causing eye strain. This needs attention.",1,negative
"I'm satisfied with the progress on the client deliverable. We're moving in the right direction.",3,positive
"This company's approach to career progression is utterly negligent. We're headed for disaster.",0,very negative
"Huge congratulations to the IT on landing the new client! This is an incredible milestone and I'm proud to be part of it!",4,very positive
"I've noticed the bike storage has been out of order for three days now. This is quite frustrating.",1,negative
"The new remote work policy is completely negligent and appalling. Someone needs to be held accountable.",0,very negative
"The team's effort on the marketing campaign has been excellent. We're ahead of schedule!",3,positive
"The elevator in {building} has been unreliable lately. Multiple service interruptions this week.",1,negative
"The Leadership's latest decision is catastrophic. We're going to fail because of this disaster.",0,very negative
"I'm having ongoing issues with expense reporting tool. The support response has been slow.",1,negative
"The handling of employee complaints has been an utter disaster. Leadership has failed us completely.",0,very negative
"The company's commitment to sustainability is incredible and sets us apart. Proud to be here!",4,very positive
"The collaboration across departments on the Q4 initiative has been phenomenal. Best teamwork I've seen!",4,very positive
"Huge congratulations to the marketing on winning the industry award! This is an incredible milestone and I'm proud to be part of it!",4,very positive
"I'm incredibly grateful for the IT team's mentorship on the Q4 initiative. Their guidance has been transformational!",4,very positive
"The new phone system is working well. It's an upgrade from what we had before.",3,positive
"I love how we're encouraged to innovate and try new approaches. This is a truly special workplace!",4,very positive
"The next {meeting} is scheduled for Wednesday. The agenda will be sent tomorrow.",2,neutral
"I appreciate the IT team's help with training new hires. Their expertise was very valuable.",3,positive
"I'm appalled at the complete failure to address employee complaints. This is unacceptable negligence.",0,very negative
"I appreciate the facilities team's help with quality improvements. Their expertise was very valuable.",3,positive
"I'm genuinely excited to come to work every day. The positive environment and great people make all the difference!",4,very positive
"The printer in building C constantly jams. This is wasting a lot of time.",1,negative
"The response from Finance team regarding data privacy concerns was helpful and timely. Thank you.",3,positive
"The huddle room booking system is confusing and unreliable. Very frustrating to use.",1,negative
"I'd like to schedule a meeting to discuss employee wellbeing. What times work for everyone?",2,neutral
"This new timesheet software is a complete joke. It guarantees we'll lose all our competitive advantage.",0,very negative
"I'm disgusted by how the budget overruns has been handled. This is a joke and shows complete incompetence.",0,very negative
"The company culture here is outstanding. I feel so fortunate to work with such talented and supportive people!",4,very positive
"I'm thrilled to be part of the HR team. The innovation and energy here is truly inspiring!",4,very positive
"Thanks for organizing the town hall. It was informative and well-structured.",3,positive
"The collaboration between Sales and Legal on the website redesign has been really productive.",3,positive
"The leadership's decision to outsource critical functions is brilliant. This is exactly what we needed - game changer!",4,very positive
"The company's commitment to diversity is incredible and sets us apart. Proud to be here!",4,very positive
"I'm extremely impressed by John from Finance's work on the website redesign. Absolutely exceptional performance!",4,very positive
"How can anyone think reduce team headcount is acceptable? This is completely negligent and dangerous.",0,very negative
"The security protocol decision is a total disaster waiting to happen. Someone will be responsible for this catastrophe.",0,very negative
"I'm appalled at the complete failure to address customer feedback. This is unacceptable negligence.",0,very negative
"The conference room booking system is confusing and unreliable. Very frustrating to use.",1,negative
"How can anyone think implement the new policy is acceptable? This is completely negligent and dangerous.",0,very negative
"Huge congratulations to the HR on reaching 1M users! This is an incredible milestone and I'm proud to be part of it!",4,very positive
"The {report} for this week is now available in the shared drive under Projects.",2,neutral
"I'm extremely impressed by the IT team's work on the Q4 initiative. Absolutely exceptional performance!",4,very positive
"I'm thrilled to be part of the development team. The innovation and energy here is truly inspiring!",4,very positive
"I'm forwarding the email from construction next door regarding career progression for your information.",2,neutral
"Thanks for organizing the conference. It was informative and well-structured.",3,positive
"I wanted to thank the facilities team for their quick response to the security breach. Much appreciated!",3,positive
"The response from HR department regarding workplace safety was helpful and timely. Thank you.",3,positive
"I'll be out of office on Dec 15-17. Please contact Sarah for urgent matters.",2,neutral
"I need to request team member support for the website redesign. What's the approval process?",2,neutral
"The new break room microwave is a great addition. It's already making a positive difference.",3,positive
"I have a question about communication. Is there documentation available?",2,neutral
"The temperature in conference room B is consistently too cold. Many people have complained.",1,negative
"The leadership's decision to implement the new policy is brilliant. This is exactly what we needed - game changer!",4,very positive
"Can we move our {meeting} to 3:30pm? Let me know if this works for everyone.",2,neutral
"The CRM has been crashing repeatedly today. This is severely impacting productivity.",1,negative
"I'm submitting my expense report for team event. Please confirm receipt.",2,neutral
"I'm looking for clarification on the process for {activity}. Can someone point me in the right direction?",2,neutral
"I've submitted a ticket about the security breach weeks ago and still no response. This is frustrating.",1,negative
"I'm really pleased with how smoothly the town hall went. Well done to everyone involved.",3,positive
"I'm disgusted by how data privacy concerns has been handled. This is a joke and shows complete incompetence.",0,very negative
"The recent upgrade to our development tools has significantly sped up our code deployment process.",3,positive
"The new strategy for work-life balance is an absolute disaster. We'll lose everything because of this.",0,very negative
"The air conditioning on the 7th floor seems to be broken again, it's uncomfortably warm.",1,negative
"The noise level from nearby offices is becoming a real problem. It's hard to concentrate.",1,negative
"The response from Operations regarding customer feedback was helpful and timely. Thank you.",3,positive
"The noise level from the loading dock is becoming a real problem. It's hard to concentrate.",1,negative
"The collaboration between Sales and Finance on the system upgrade has been really productive.",3,positive
"Please review the updated status update and provide feedback by {date}.",2,neutral
"The parking situation at the east wing is becoming increasingly problematic. Something needs to change.",1,negative
"The handling of data privacy concerns has been an utter disaster. Leadership has failed us completely.",0,very negative
"The temperature in conference room B is consistently too cold. Many people have complained.",1,negative
"The response from Management regarding workplace safety was helpful and timely. Thank you.",3,positive
"I'm extremely impressed by John from Finance's work on the system upgrade. Absolutely exceptional performance!",4,very positive
"The new vacation approval process seems to be working well. It's simplified the equipment requests considerably.",3,positive
"Could someone share the schedule for next week's training session? I need to plan accordingly.",2,neutral
"{Department} has shown complete negligence with the security breach. This is utterly unacceptable.",0,very negative
"I need to request laptop for the website redesign. What's the approval process?",2,neutral
"I'm genuinely excited to come to work every day. The positive environment and great people make all the difference!",4,very positive
"The coffee machine on 4th floor has been broken for days. Can maintenance look at this?",1,negative
"The Finance team's latest decision is catastrophic. We're going to fail because of this disaster.",0,very negative
"I'm blown away by the quality of report. The team has done an absolutely stellar job!",4,very positive
"Thank you to Finance team for addressing the customer feedback so promptly. Problem solved!",3,positive
"The conference yesterday was inspirational! I left feeling motivated and energized. Thank you to the organizers!",4,very positive
"The collaboration between Product and Legal on the Q4 initiative has been really productive.",3,positive
"This new HR portal is a complete joke. It guarantees we'll lose all our competitive advantage.",0,very negative
"The email system has been crashing repeatedly today. This is severely impacting productivity.",1,negative
"The scanner in the conference room B is malfunctioning again. Can this please be fixed soon?",1,negative
"I'd like to schedule a meeting to discuss work-life balance. What times work for everyone?",2,neutral
"The customer success initiative has exceeded all expectations! This is a fantastic success story for our company!",4,very positive
"The HR department will be conducting {activity} next week. Please let me know if you have questions.",2,neutral
"I'm thrilled to be part of the marketing team. The innovation and energy here is truly inspiring!",4,very positive
"The new strategy for communication is an absolute disaster. We'll lose everything because of this.",0,very negative
"I'm shocked by the appalling lack of consideration for professional development. This is negligent management.",0,very negative
"Huge congratulations to the HR on winning the industry award! This is an incredible milestone and I'm proud to be part of it!",4,very positive
"The handling of workplace safety has been an utter disaster. Leadership has failed us completely.",0,very negative
"Working on the client deliverable has been the highlight of my career so far. What an amazing opportunity!",4,very positive
"The WiFi connection in reception area keeps dropping. This is making it very difficult to work.",1,negative
"The company culture here is outstanding. I feel so fortunate to work with such talented and supportive people!",4,very positive
"I'm genuinely excited to come to work every day. The positive environment and great people make all the difference!",4,very positive
"Thanks for organizing the workshop. It was informative and well-structured.",3,positive
"The response from IT department regarding workplace safety was helpful and timely. Thank you.",3,positive
"I'm disappointed with the lack of response to my previous concerns about employee complaints.",1,negative
"The team's effort on the Q4 initiative has been excellent. We're ahead of schedule!",3,positive
"The company culture here is outstanding. I feel so fortunate to work with such talented and supportive people!",4,very positive
"Management's decision to outsource critical functions is absolutely disastrous. This will guarantee we lose top talent.",0,very negative
"This company's approach to career progression is utterly negligent. We're headed for disaster.",0,very negative
"The training session was phenomenal! Outstanding organization and such valuable content. Kudos to everyone involved!",4,very positive
"I'm disappointed with the lack of response to my previous concerns about data privacy concerns.",1,negative
"The Management's latest decision is catastrophic. We're going to fail because of this disaster.",0,very negative
"This company's approach to professional development is utterly negligent. We're headed for disaster.",0,very negative
"This new expense reporting tool is a complete joke. It guarantees we'll lose all our competitive advantage.",0,very negative
"The new expense reimbursement system is completely negligent and appalling. Someone needs to be held accountable.",0,very negative
"I'd like to schedule a meeting to discuss professional development. What times work for everyone?",2,neutral
"The parking situation at the east wing is becoming increasingly problematic. Something needs to change.",1,negative
"Can someone confirm the deadline for project submission? I want to make sure I have the right date.",2,neutral
"Can someone confirm the deadline for presentation? I want to make sure I have the right date.",2,neutral
"The next {meeting} is scheduled for Friday afternoon. The agenda will be sent tomorrow.",2,neutral
"The new hiring freeze seems to be working well. It's simplified the travel booking considerably.",3,positive
"The coffee machine on 4th floor has been broken for days. Can maintenance look at this?",1,negative
"I need to request laptop for the client deliverable. What's the approval process?",2,neutral
"I have a question about diversity and inclusion. Is there documentation available?",2,neutral
"I'm genuinely excited to come to work every day. The positive environment and great people make all the difference!",4,very positive
"The collaboration between Design and Legal on the system upgrade has been really productive.",3,positive
"The CRM has been crashing repeatedly today. This is severely impacting productivity.",1,negative
"Great job on the the Q4 initiative presentation yesterday. The client seemed really impressed.",3,positive
"The support from Leadership has been absolutely wonderful. They go above and beyond every time!",4,very positive
"The temperature in building C is consistently too cold. Many people have complained.",1,negative
"The CRM improvements have made a noticeable difference in efficiency. Thank you!",3,positive
"The noise level from the loading dock is becoming a real problem. It's hard to concentrate.",1,negative
"I'm forwarding the email from kitchen area regarding communication for your information.",2,neutral
"The company culture here is outstanding. I feel so fortunate to work with such talented and supportive people!",4,very positive
"The coffee machine on 7th floor has been broken for days. Can maintenance look at this?",1,negative
"This new project management system is a complete joke. It guarantees we'll lose all our competitive advantage.",0,very negative
"The decision to reorganize departments is disastrous. We're going to regret this catastrophe immensely.",0,very negative
"Working on the marketing campaign has been the highlight of my career so far. What an amazing opportunity!",4,very positive
"I'm disgusted by how employee complaints has been handled. This is a joke and shows complete incompetence.",0,very negative
"The lunch options at the cafeteria have become quite limited. A bit disappointing.",1,negative
"I'm satisfied with the progress on the marketing campaign. We're moving in the right direction.",3,positive
"I'd like to schedule a meeting to discuss employee wellbeing. What times work for everyone?",2,neutral
"The updated software license is much easier to use. Nice improvement!",3,positive
"I'm shocked by the appalling lack of consideration for employee wellbeing. This is negligent management.",0,very negative
"{Department} has shown complete negligence with the security breach. This is utterly unacceptable.",0,very negative
"I'd like to schedule a meeting to discuss career progression. What times work for everyone?",2,neutral
"I'm having ongoing issues with CRM. The support response has been slow.",1,negative
"The handling of workplace safety has been an utter disaster. Leadership has failed us completely.",0,very negative
"The new hiring freeze seems to be working well. It's simplified the time-off requests considerably.",3,positive
"I'm appalled at the complete failure to address customer feedback. This is unacceptable negligence.",0,very negative
"I'm concerned about the delay in the Q4 initiative. We're falling behind schedule and it's stressful.",1,negative
"Great job on the the Q4 initiative presentation yesterday. The client seemed really impressed.",3,positive
"The company's commitment to diversity is incredible and sets us apart. Proud to be here!",4,very positive
"The new strategy for employee wellbeing is an absolute disaster. We'll lose everything because of this.",0,very negative
"The noise level from the HVAC system is becoming a real problem. It's hard to concentrate.",1,negative
"The new hiring freeze seems to be working well. It's simplified the time-off requests considerably.",3,positive
"The response from IT department regarding data privacy concerns was helpful and timely. Thank you.",3,positive
"I'm happy to report that customer success initiative has been successful. Good results so far.",3,positive
"The air conditioning on the 5th floor seems to be broken again, it's uncomfortably warm.",1,negative
"I'm having ongoing issues with expense reporting tool. The support response has been slow.",1,negative
"The new remote work policy is completely negligent and appalling. Someone needs to be held accountable.",0,very negative
"The new strategy for communication is an absolute disaster. We'll lose everything because of this.",0,very negative
"The new vacation approval process is completely negligent and appalling. Someone needs to be held accountable.",0,very negative
"I'm appalled at the complete failure to address customer feedback. This is unacceptable negligence.",0,very negative
"I'm disappointed with the lack of response to my previous concerns about the budget overruns.",1,negative
"The management team's cut training budgets is an absolute disgrace. This will destroy our best employees.",0,very negative
"The printer in open workspace constantly jams. This is wasting a lot of time.",1,negative
"The company culture here is outstanding. I feel so fortunate to work with such talented and supportive people!",4,very positive
"This company's approach to diversity and inclusion is utterly negligent. We're headed for disaster.",0,very negative
"I've submitted a ticket about the security breach weeks ago and still no response. This is frustrating.",1,negative
"Great job on the the website redesign presentation yesterday. The client seemed really impressed.",3,positive
"The handling of the budget overruns has been an utter disaster. Leadership has failed us completely.",0,very negative
"Great job on the the system upgrade presentation yesterday. The client seemed really impressed.",3,positive
"I appreciate Maria's help with resolving the issue. Their expertise was very valuable.",3,positive
"The security protocol decision is a total disaster waiting to happen. Someone will be responsible for this catastrophe.",0,very negative
"I'm genuinely excited to come to work every day. The positive environment and great people make all the difference!",4,very positive
"The company's commitment to work-life balance is incredible and sets us apart. Proud to be here!",4,very positive
"The email system will undergo maintenance on {date} from after lunch to morning.",2,neutral
"I am attaching the revised meeting notes from yesterday's team discussion for your review.",2,neutral
"The CRM will undergo maintenance on {date} from morning to morning.",2,neutral
"The IT department will be conducting {activity} next week. Please let me know if you have questions.",2,neutral
"The new strategy for career progression is an absolute disaster. We'll lose everything because of this.",0,very negative
"I'm looking for clarification on the process for {activity}. Can someone point me in the right direction?",2,neutral
"The team meeting yesterday was productive. Good discussions and clear action items.",3,positive
"I'm disgusted by how employee complaints has been handled. This is a joke and shows complete incompetence.",0,very negative
"This new email system is a complete joke. It guarantees we'll lose all our competitive advantage.",0,very negative
"I absolutely love the new water fountain! It's amazing and shows how much the company values employees.",4,very positive
"I'm shocked by the appalling lack of consideration for diversity and inclusion. This is negligent management.",0,very negative
"The company's commitment to sustainability is incredible and sets us apart. Proud to be here!",4,very positive
"I'm thrilled to be part of the development team. The innovation and energy here is truly inspiring!",4,very positive
"The support from Management has been absolutely wonderful. They go above and beyond every time!",4,very positive
"Great job on the the marketing campaign presentation yesterday. The client seemed really impressed.",3,positive
"Thanks for organizing the training session. It was informative and well-structured.",3,positive
"I am attaching the revised meeting notes from yesterday's team discussion for your review.",2,neutral
"I'm requesting information about the remote work policy for employee wellbeing. Where can I find this?",2,neutral
"The new break room microwave is a great addition. It's already making a positive difference.",3,positive
"The training session yesterday was inspirational! I left feeling motivated and energized. Thank you to the organizers!",4,very positive
"The HR portal will undergo maintenance on {date} from after lunch to after lunch.",2,neutral
"Management's decision to cut training budgets is absolutely disastrous. This will guarantee we lose market position.",0,very negative
"The collaboration across departments on the website redesign has been phenomenal. Best teamwork I've seen!",4,very positive
"The company culture here is outstanding. I feel so fortunate to work with such talented and supportive people!",4,very positive
"The new expense reimbursement system seems to be working well. It's simplified the expense reimbursements considerably.",3,positive
"{Department} has shown complete negligence with workplace safety. This is utterly unacceptable.",0,very negative
"I'm extremely impressed by the IT team's work on the Q4 initiative. Absolutely exceptional performance!",4,very positive
"I'm so excited about the direction we're heading with the marketing campaign. The possibilities are endless!",4,very positive
"The team building activity was phenomenal! Outstanding organization and such valuable content. Kudos to everyone involved!",4,very positive
"The {report} for last month is now available in the shared drive under Team Files.",2,neutral
"I'm frustrated with how long it takes to get approval for travel booking. This is creating bottlenecks.",1,negative
"Management's decision to outsource critical functions is absolutely disastrous. This will guarantee we lose best employees.",0,very negative
"Working on the system upgrade has been the highlight of my career so far. What an amazing opportunity!",4,very positive
"I'm thrilled to be part of the facilities team. The innovation and energy here is truly inspiring!",4,very positive
"{Department} has shown complete negligence with employee complaints. This is utterly unacceptable.",0,very negative
"The team's dedication to sustainability is extraordinary. I'm honored to work alongside such passionate professionals!",4,very positive
"Please review the updated quarterly report and provide feedback by {date}.",2,neutral
"I'm thrilled to be part of the facilities team. The innovation and energy here is truly inspiring!",4,very positive
"How can anyone think reorganize departments is acceptable? This is completely negligent and dangerous.",0,very negative
"Working with this team is an absolute pleasure; the level of collaboration and support is the best I've ever experienced.",4,very positive
"I'll be out of office on next week. Please contact Maria for urgent matters.",2,neutral
"The decision to implement the new policy is disastrous. We're going to regret this catastrophe immensely.",0,very negative
"I'm really pleased with how smoothly the team building activity went. Well done to everyone involved.",3,positive
"I'm really pleased with how smoothly the quarterly review went. Well done to everyone involved.",3,positive
"The updated meeting room access is much easier to use. Nice improvement!",3,positive
"I'm disgusted by how the budget overruns has been handled. This is a joke and shows complete incompetence.",0,very negative
"I've noticed the bike storage has been out of order for three days now. This is quite frustrating.",1,negative
"The leadership's decision to implement the new policy is brilliant. This is exactly what we needed - game changer!",4,very positive
"The collaboration across departments on the system upgrade has been phenomenal. Best teamwork I've seen!",4,very positive
"The team building activity was phenomenal! Outstanding organization and such valuable content. Kudos to everyone involved!",4,very positive
"The printer in conference room B constantly jams. This is wasting a lot of time.",1,negative
"I have a question about career progression. Is there documentation available?",2,neutral
"Working on the website redesign has been the highlight of my career so far. What an amazing opportunity!",4,very positive
"Please find attached the meeting minutes from {date}. Let me know if you need anything else.",2,neutral
"The next {meeting} is scheduled for next Monday. The agenda will be sent tomorrow.",2,neutral
"I'd like to schedule a meeting to discuss professional development. What times work for everyone?",2,neutral
"The Operations will be conducting {activity} next week. Please let me know if you have questions.",2,neutral
"The project management system improvements have made a noticeable difference in efficiency. Thank you!",3,positive
"The new security protocol is completely negligent and appalling. Someone needs to be held accountable.",0,very negative
"The Operations will be conducting {activity} next week. Please let me know if you have questions.",2,neutral
"The {software} keeps freezing during quality improvements. This is impacting my work significantly.",1,negative
"The temperature in conference room B is consistently too cold. Many people have complained.",1,negative
"I absolutely love the new kitchen sink! It's amazing and shows how much the company values employees.",4,very positive
"The coffee machine on 6th floor has been broken for days. Can maintenance look at this?",1,negative
"The recent upgrade to our development tools has significantly sped up our code deployment process.",3,positive
"Working on the website redesign has been the highlight of my career so far. What an amazing opportunity!",4,very positive
"I'm disappointed with the lack of response to my previous concerns about employee complaints.",1,negative
"The printer in building C constantly jams. This is wasting a lot of time.",1,negative
"I'm appalled at the complete failure to address the security breach. This is unacceptable negligence.",0,very negative
"Working on the marketing campaign has been the highlight of my career so far. What an amazing opportunity!",4,very positive
"Please find attached the quarterly report from {date}. Let me know if you need anything else.",2,neutral
"How can anyone think reduce team headcount is acceptable? This is completely negligent and dangerous.",0,very negative
"The decision to outsource critical functions is disastrous. We're going to regret this catastrophe immensely.",0,very negative
"Please review the updated meeting minutes and provide feedback by {date}.",2,neutral
"I appreciate the facilities team's help with quality improvements. Their expertise was very valuable.",3,positive
"I'm disappointed with the lack of response to my previous concerns about data privacy concerns.",1,negative
"I'm looking for clarification on the process for {activity}. Can someone point me in the right direction?",2,neutral
"The leadership's decision to implement the new policy is brilliant. This is exactly what we needed - game changer!",4,very positive
"I'm happy to report that innovation lab has been successful. Good results so far.",3,positive
"The leadership's decision to reorganize departments is brilliant. This is exactly what we needed - game changer!",4,very positive
"I'm so excited about the direction we're heading with the marketing campaign. The possibilities are endless!",4,very positive
"The management team's reorganize departments is an absolute disgrace. This will destroy our key clients.",0,very negative
"The collaboration across departments on the marketing campaign has been phenomenal. Best teamwork I've seen!",4,very positive
"Please review the updated quarterly report and provide feedback by {date}.",2,neutral
"The air conditioning on the 7th floor seems to be broken again, it's uncomfortably warm.",1,negative
"I'm having ongoing issues with project management system. The support response has been slow.",1,negative
"The remote work policy decision is a total disaster waiting to happen. Someone will be responsible for this catastrophe.",0,very negative
"Can we move our {meeting} to 3:30pm? Let me know if this works for everyone.",2,neutral
"I'll be out of office on next Friday. Please contact Alex for urgent matters.",2,neutral
"I'm incredibly grateful for Alex's mentorship on the marketing campaign. Their guidance has been transformational!",4,very positive
"Please find attached the status update from {date}. Let me know if you need anything else.",2,neutral
"The temperature in the east wing is consistently too cold. Many people have complained.",1,negative
"The company's commitment to work-life balance is incredible and sets us apart. Proud to be here!",4,very positive
"The CRM has been crashing repeatedly today. This is severely impacting productivity.",1,negative
"Management's decision to outsource critical functions is absolutely disastrous. This will guarantee we lose best employees.",0,very negative
"The mentorship program has exceeded all expectations! This is a fantastic success story for our company!",4,very positive
"The coffee machine on 7th floor has been broken for days. Can maintenance look at this?",1,negative
"I wanted to recognize Sarah for their consistent dedication to the server migration. Great work!",3,positive
"The printer in the east wing constantly jams. This is wasting a lot of time.",1,negative
"I'm happy to report that mentorship program has been successful. Good results so far.",3,positive
"The new strategy for work-life balance is an absolute disaster. We'll lose everything because of this.",0,very negative
"The lunch options at the cafeteria have become quite limited. A bit disappointing.",1,negative
"I'm shocked by the appalling lack of consideration for professional development. This is negligent management.",0,very negative
"The next {meeting} is scheduled for next Monday. The agenda will be sent tomorrow.",2,neutral
"I'd like to schedule a meeting to discuss employee wellbeing. What times work for everyone?",2,neutral
"The noise level from nearby offices is becoming a real problem. It's hard to concentrate.",1,negative
"I'm genuinely excited to come to work every day. The positive environment and great people make all the difference!",4,very positive
"The team meeting yesterday was productive. Good discussions and clear action items.",3,positive
"How can anyone think reduce team headcount is acceptable? This is completely negligent and dangerous.",0,very negative
"I'm submitting my reimbursement form for training. Please confirm receipt.",2,neutral
"The company culture here is outstanding. I feel so fortunate to work with such talented and supportive people!",4,very positive
"The handling of customer feedback has been an utter disaster. Leadership has failed us completely.",0,very negative
"The town hall yesterday was inspirational! I left feeling motivated and energized. Thank you to the organizers!",4,very positive
"The new remote work policy is completely negligent and appalling. Someone needs to be held accountable.",0,very negative
"I need to request team member support for the system upgrade. What's the approval process?",2,neutral
"The response from Finance team regarding workplace safety was helpful and timely. Thank you.",3,positive
"The new water fountain is a great addition. It's already making a positive difference.",3,positive
"The onboarding session was helpful. I learned several useful techniques.",3,positive
"I'm concerned about the delay in the website redesign. We're falling behind schedule and it's stressful.",1,negative
"The projector in the the main office is malfunctioning again. Can this please be fixed soon?",1,negative
"I'm organizing {activity} and need to know who's interested in participating.",2,neutral
"Can we move our {meeting} to 10am? Let me know if this works for everyone.",2,neutral
"Working on the system upgrade has been the highlight of my career so far. What an amazing opportunity!",4,very positive
"The {report} for September is now available in the shared drive under Shared Documents.",2,neutral
"The Leadership's latest decision is catastrophic. We're going to fail because of this disaster.",0,very negative
"The lunch options at the cafeteria have become quite limited. A bit disappointing.",1,negative
"The company's commitment to diversity is incredible and sets us apart. Proud to be here!",4,very positive
"I'm appalled at the complete failure to address data privacy concerns. This is unacceptable negligence.",0,very negative
"The quarterly review was phenomenal! Outstanding organization and such valuable content. Kudos to everyone involved!",4,very positive
"The company's commitment to diversity is incredible and sets us apart. Proud to be here!",4,very positive
"The coffee machine on 5th floor has been broken for days. Can maintenance look at this?",1,negative
"The lighting in open workspace is inadequate and causing eye strain. This needs attention.",1,negative
"Please review the updated budget proposal and provide feedback by {date}.",2,neutral
"The HR portal improvements have made a noticeable difference in efficiency. Thank you!",3,positive
"This new timesheet software is a complete joke. It guarantees we'll lose all our competitive advantage.",0,very negative
"I'm thrilled to be part of the facilities team. The innovation and energy here is truly inspiring!",4,very positive
"The new scanner is working well. It's an upgrade from what we had before.",3,positive
"Huge congratulations to the facilities on landing the new client! This is an incredible milestone and I'm proud to be part of it!",4,very positive
"I'm genuinely excited to come to work every day. The positive environment and great people make all the difference!",4,very positive
"{Department} has shown complete negligence with the security breach. This is utterly unacceptable.",0,very negative
"The email system improvements have made a noticeable difference in efficiency. Thank you!",3,positive
"The meeting space booking system is confusing and unreliable. Very frustrating to use.",1,negative
"The HR portal has been crashing repeatedly today. This is severely impacting productivity.",1,negative
"The air conditioning on the 5th floor seems to be broken again, it's uncomfortably warm.",1,negative
"I have a question about work-life balance. Is there documentation available?",2,neutral
"I'm looking for clarification on the process for {activity}. Can someone point me in the right direction?",2,neutral
"The recent upgrade to our development tools has significantly sped up our code deployment process.",3,positive
"The compliance session was helpful. I learned several useful techniques.",3,positive
"Can we move our {meeting} to 10am? Let me know if this works for everyone.",2,neutral
"The boardroom booking system is confusing and unreliable. Very frustrating to use.",1,negative
"I'm requesting information about the security protocol for communication. Where can I find this?",2,neutral
"I'll be out of office on the 23rd. Please contact Sarah for urgent matters.",2,neutral
"I'm thrilled to be part of the HR team. The innovation and energy here is truly inspiring!",4,very positive
"I love how we're encouraged to innovate and try new approaches. This is a truly special workplace!",4,very positive
"The company culture here is outstanding. I feel so fortunate to work with such talented and supportive people!",4,very positive
"I'm disgusted by how customer feedback has been handled. This is a joke and shows complete incompetence.",0,very negative
"The new security protocol is completely negligent and appalling. Someone needs to be held accountable.",0,very negative
"I'm shocked by the appalling lack of consideration for work-life balance. This is negligent management.",0,very negative
"I'm appalled at the complete failure to address the budget overruns. This is unacceptable negligence.",0,very negative
"The project management system will undergo maintenance on {date} from 10am to after lunch.",2,neutral
"I'm disappointed with the lack of response to my previous concerns about the security breach.",1,negative
"The {report} for Q3 is now available in the shared drive under Shared Documents.",2,neutral
"The collaboration across departments on the marketing campaign has been phenomenal. Best teamwork I've seen!",4,very positive
"The new expense reimbursement system seems to be working well. It's simplified the equipment requests considerably.",3,positive
"I appreciate the IT team's help with the server migration. Their expertise was very valuable.",3,positive
"The temperature in the main office is consistently too cold. Many people have complained.",1,negative
"The air conditioning on the 6th floor seems to be broken again, it's uncomfortably warm.",1,negative
"The next {meeting} is scheduled for Thursday. The agenda will be sent tomorrow.",2,neutral
"The new vacation approval process is completely negligent and appalling. Someone needs to be held accountable.",0,very negative
"The response from Leadership regarding customer feedback was helpful and timely. Thank you.",3,positive
"The response from IT department regarding data privacy concerns was helpful and timely. Thank you.",3,positive
"I'm disgusted by how data privacy concerns has been handled. This is a joke and shows complete incompetence.",0,very negative
"I'm blown away by the quality of proposal. The team has done an absolutely stellar job!",4,very positive
"The workshop was phenomenal! Outstanding organization and such valuable content. Kudos to everyone involved!",4,very positive
"I'm organizing {activity} and need to know who's interested in participating.",2,neutral
"The technical session was helpful. I learned several useful techniques.",3,positive
"I'm forwarding the email from construction next door regarding communication for your information.",2,neutral
"I'm appalled at the complete failure to address the security breach. This is unacceptable negligence.",0,very negative
"I'm looking for clarification on the process for {activity}. Can someone point me in the right direction?",2,neutral
"Great job on the the website redesign presentation yesterday. The client seemed really impressed.",3,positive
"The decision to cut training budgets is disastrous. We're going to regret this catastrophe immensely.",0,very negative
"The lunch options at the cafeteria have become quite limited. A bit disappointing.",1,negative
"The team's dedication to innovation is extraordinary. I'm honored to work alongside such passionate professionals!",4,very positive
"The support from HR department has been absolutely wonderful. They go above and beyond every time!",4,very positive
"The new strategy for professional development is an absolute disaster. We'll lose everything because of this.",0,very negative
"I'm organizing {activity} and need to know who's interested in participating.",2,neutral
"I'd like to schedule a meeting to discuss professional development. What times work for everyone?",2,neutral
"The new scanner is working well. It's an upgrade from what we had before.",3,positive
"The support from Leadership has been absolutely wonderful. They go above and beyond every time!",4,very positive
"The new expense reimbursement system is completely negligent and appalling. Someone needs to be held accountable.",0,very negative
"The handling of employee complaints has been an utter disaster. Leadership has failed us completely.",0,very negative
"This company's approach to diversity and inclusion is utterly negligent. We're headed for disaster.",0,very negative
"I'm disgusted by how workplace safety has been handled. This is a joke and shows complete incompetence.",0,very negative
"Working with this team is an absolute pleasure; the level of collaboration and support is the best I've ever experienced.",4,very positive
"The elevator in {building} has been unreliable lately. Multiple service interruptions this week.",1,negative
"The company culture here is outstanding. I feel so fortunate to work with such talented and supportive people!",4,very positive
"Can someone confirm the deadline for report? I want to make sure I have the right date.",2,neutral
"How can anyone think reorganize departments is acceptable? This is completely negligent and dangerous.",0,very negative
"The timesheet software improvements have made a noticeable difference in efficiency. Thank you!",3,positive
"I wanted to recognize Sarah for their consistent dedication to the server migration. Great work!",3,positive
"The sustainability program has exceeded all expectations! This is a fantastic success story for our company!",4,very positive
"The team's dedication to team development is extraordinary. I'm honored to work alongside such passionate professionals!",4,very positive
"I'm incredibly grateful for Alex's mentorship on the system upgrade. Their guidance has been transformational!",4,very positive
"I'm really pleased with how smoothly the team building activity went. Well done to everyone involved.",3,positive
"The team's effort on the client deliverable has been excellent. We're ahead of schedule!",3,positive
"The onboarding session was helpful. I learned several useful techniques.",3,positive
"The air conditioning on the 7th floor seems to be broken again, it's uncomfortably warm.",1,negative
"The project management system has been crashing repeatedly today. This is severely impacting productivity.",1,negative
"Can someone confirm the deadline for report? I want to make sure I have the right date.",2,neutral
"I'm extremely impressed by Maria's work on the system upgrade. Absolutely exceptional performance!",4,very positive
"This company's approach to work-life balance is utterly negligent. We're headed for disaster.",0,very negative
"I'm thrilled to be part of the customer service team. The innovation and energy here is truly inspiring!",4,very positive
"The new expense reimbursement system is completely negligent and appalling. Someone needs to be held accountable.",0,very negative
"The lunch options at the cafeteria have become quite limited. A bit disappointing.",1,negative
"I wanted to recognize Alex for their consistent dedication to training new hires. Great work!",3,positive
"The projector in the reception area is malfunctioning again. Can this please be fixed soon?",1,negative
"The team's dedication to team development is extraordinary. I'm honored to work alongside such passionate professionals!",4,very positive
"I'm having ongoing issues with timesheet software. The support response has been slow.",1,negative
"The technical session was helpful. I learned several useful techniques.",3,positive
"I'm having ongoing issues with project management system. The support response has been slow.",1,negative
"The expense reporting tool improvements have made a noticeable difference in efficiency. Thank you!",3,positive
"{Department} has shown complete negligence with the budget overruns. This is utterly unacceptable.",0,very negative
"The air conditioning on the 5th floor seems to be broken again, it's uncomfortably warm.",1,negative
"Can someone confirm the deadline for project submission? I want to make sure I have the right date.",2,neutral
"Could someone share the schedule for next week's conference? I need to plan accordingly.",2,neutral
"I'm disappointed with the lack of response to my previous concerns about data privacy concerns.",1,negative
"The updated software license is much easier to use. Nice improvement!",3,positive
"The noise level from kitchen area is becoming a real problem. It's hard to concentrate.",1,negative
"I'm incredibly grateful for the IT team's mentorship on the Q4 initiative. Their guidance has been transformational!",4,very positive
"The response from IT department regarding data privacy concerns was helpful and timely. Thank you.",3,positive
"The hiring freeze decision is a total disaster waiting to happen. Someone will be responsible for this catastrophe.",0,very negative
"The {report} for this week is now available in the shared drive under Shared Documents.",2,neutral
"I am attaching the revised meeting notes from yesterday's team discussion for your review.",2,neutral
"The coffee machine on 3rd floor has been broken for days. Can maintenance look at this?",1,negative
"I'm appalled at the complete failure to address employee complaints. This is unacceptable negligence.",0,very negative
"The team's dedication to quality excellence is extraordinary. I'm honored to work alongside such passionate professionals!",4,very positive
"I'm really pleased with how smoothly the conference went. Well done to everyone involved.",3,positive
"I'm genuinely excited to come to work every day. The positive environment and great people make all the difference!",4,very positive
"The leadership session was helpful. I learned several useful techniques.",3,positive
"I love how we're encouraged to innovate and try new approaches. This is a truly special workplace!",4,very positive
"The CRM improvements have made a noticeable difference in efficiency. Thank you!",3,positive
"I'm disgusted by how customer feedback has been handled. This is a joke and shows complete incompetence.",0,very negative
"I'm appalled at the complete failure to address customer feedback. This is unacceptable negligence.",0,very negative
"The parking situation at building C is becoming increasingly problematic. Something needs to change.",1,negative
"The team meeting yesterday was productive. Good discussions and clear action items.",3,positive
"The noise level from kitchen area is becoming a real problem. It's hard to concentrate.",1,negative
"I'm submitting my equipment request for project work. Please confirm receipt.",2,neutral
"The Operations will be conducting {activity} next week. Please let me know if you have questions.",2,neutral
"Please find attached the budget proposal from {date}. Let me know if you need anything else.",2,neutral
"The parking situation at building C is becoming increasingly problematic. Something needs to change.",1,negative
"I love how we're encouraged to innovate and try new approaches. This is a truly special workplace!",4,very positive
"The new hiring freeze seems to be working well. It's simplified the expense reimbursements considerably.",3,positive
"The company culture here is outstanding. I feel so fortunate to work with such talented and supportive people!",4,very positive
"The company culture here is outstanding. I feel so fortunate to work with such talented and supportive people!",4,very positive
"How can anyone think cut training budgets is acceptable? This is completely negligent and dangerous.",0,very negative
"I'd like to schedule a meeting to discuss communication. What times work for everyone?",2,neutral
"The security protocol decision is a total disaster waiting to happen. Someone will be responsible for this catastrophe.",0,very negative
"The new strategy for communication is an absolute disaster. We'll lose everything because of this.",0,very negative
"The parking situation at open workspace is becoming increasingly problematic. Something needs to change.",1,negative
"I love how we're encouraged to innovate and try new approaches. This is a truly special workplace!",4,very positive
"The air conditioning on the 7th floor seems to be broken again, it's uncomfortably warm.",1,negative
"I'll be out of office on the 23rd. Please contact Alex for urgent matters.",2,neutral
"The management team's reorganize departments is an absolute disgrace. This will destroy our company reputation.",0,very negative
"I'll be out of office on next Friday. Please contact Alex for urgent matters.",2,neutral
"The HR portal will undergo maintenance on {date} from 2pm to morning.",2,neutral
"I'm forwarding the email from the loading dock regarding career progression for your information.",2,neutral
"The timesheet software improvements have made a noticeable difference in efficiency. Thank you!",3,positive
"The support from Management has been absolutely wonderful. They go above and beyond every time!",4,very positive
"The training session yesterday was inspirational! I left feeling motivated and energized. Thank you to the organizers!",4,very positive
"The management team's reduce team headcount is an absolute disgrace. This will destroy our market position.",0,very negative
"The printer in building C constantly jams. This is wasting a lot of time.",1,negative
"I'm incredibly grateful for Sarah's mentorship on the marketing campaign. Their guidance has been transformational!",4,very positive
"The team's effort on the client deliverable has been excellent. We're ahead of schedule!",3,positive
"I'm looking for clarification on the process for {activity}. Can someone point me in the right direction?",2,neutral
"I'm so excited about the direction we're heading with the Q4 initiative. The possibilities are endless!",4,very positive
"I'm so excited about the direction we're heading with the website redesign. The possibilities are endless!",4,very positive
"This company's approach to career progression is utterly negligent. We're headed for disaster.",0,very negative
"The HR department's latest decision is catastrophic. We're going to fail because of this disaster.",0,very negative
"The noise level from kitchen area is becoming a real problem. It's hard to concentrate.",1,negative
"Please find attached the status update from {date}. Let me know if you need anything else.",2,neutral
"The response from Management regarding the budget overruns was helpful and timely. Thank you.",3,positive
"Please review the updated project plan and provide feedback by {date}.",2,neutral
"The handling of the security breach has been an utter disaster. Leadership has failed us completely.",0,very negative
"I'm incredibly grateful for Alex's mentorship on the client deliverable. Their guidance has been transformational!",4,very positive
"The lunch options at the cafeteria have become quite limited. A bit disappointing.",1,negative
"The WiFi connection in building C keeps dropping. This is making it very difficult to work.",1,negative
"I'm shocked by the appalling lack of consideration for career progression. This is negligent management.",0,very negative
"The {report} for Q3 is now available in the shared drive under Projects.",2,neutral
"I absolutely love the new kitchen sink! It's amazing and shows how much the company values employees.",4,very positive
"I'm forwarding the email from kitchen area regarding career progression for your information.",2,neutral
"The software session was helpful. I learned several useful techniques.",3,positive
"The meeting space booking system is confusing and unreliable. Very frustrating to use.",1,negative
"The new printer is working well. It's an upgrade from what we had before.",3,positive
"I'll be out of office on January 5-7. Please contact John from Finance for urgent matters.",2,neutral
"The new strategy for diversity and inclusion is an absolute disaster. We'll lose everything because of this.",0,very negative
"Can someone confirm the deadline for presentation? I want to make sure I have the right date.",2,neutral
"Thank you to HR department for addressing the employee complaints so promptly. Problem solved!",3,positive
"I need to request team member support for the Q4 initiative. What's the approval process?",2,neutral
"The security protocol decision is a total disaster waiting to happen. Someone will be responsible for this catastrophe.",0,very negative
"I've noticed the water fountain has been out of order for three days now. This is quite frustrating.",1,negative
"I'm having ongoing issues with timesheet software. The support response has been slow.",1,negative
"The decision to reorganize departments is disastrous. We're going to regret this catastrophe immensely.",0,very negative
"Working on the client deliverable has been the highlight of my career so far. What an amazing opportunity!",4,very positive
"This company's approach to communication is utterly negligent. We're headed for disaster.",0,very negative
"I'm appalled at the complete failure to address the budget overruns. This is unacceptable negligence.",0,very negative
"The noise level from nearby offices is becoming a real problem. It's hard to concentrate.",1,negative
"I've submitted a ticket about the security breach weeks ago and still no response. This is frustrating.",1,negative
"{Department} has shown complete negligence with workplace safety. This is utterly unacceptable.",0,very negative
"I need to request team member support for the system upgrade. What's the approval process?",2,neutral
"The company culture here is outstanding. I feel so fortunate to work with such talented and supportive people!",4,very positive
"The new vacation approval process is completely negligent and appalling. Someone needs to be held accountable.",0,very negative
"I wanted to thank the development team for their quick response to customer feedback. Much appreciated!",3,positive
"{Department} has shown complete negligence with the budget overruns. This is utterly unacceptable.",0,very negative
"I'm organizing {activity} and need to know who's interested in participating.",2,neutral
"I'm thrilled to be part of the facilities team. The innovation and energy here is truly inspiring!",4,very positive
"The technical session was helpful. I learned several useful techniques.",3,positive
"Huge congratulations to the HR on reaching 1M users! This is an incredible milestone and I'm proud to be part of it!",4,very positive
"The {software} keeps freezing during the server migration. This is impacting my work significantly.",1,negative
"The leadership's decision to reduce team headcount is brilliant. This is exactly what we needed - game changer!",4,very positive
"The handling of data privacy concerns has been an utter disaster. Leadership has failed us completely.",0,very negative
"I'm happy to report that sustainability program has been successful. Good results so far.",3,positive
"The quarterly review yesterday was inspirational! I left feeling motivated and energized. Thank you to the organizers!",4,very positive
"I've submitted a ticket about data privacy concerns weeks ago and still no response. This is frustrating.",1,negative
"The sustainability program has exceeded all expectations! This is a fantastic success story for our company!",4,very positive
"Can someone confirm the deadline for presentation? I want to make sure I have the right date.",2,neutral
"I'm happy to report that mentorship program has been successful. Good results so far.",3,positive
"The {software} keeps freezing during training new hires. This is impacting my work significantly.",1,negative
"The project management system improvements have made a noticeable difference in efficiency. Thank you!",3,positive
"This company's approach to communication is utterly negligent. We're headed for disaster.",0,very negative
"I need to request additional budget for the marketing campaign. What's the approval process?",2,neutral
"Working with this team is an absolute pleasure; the level of collaboration and support is the best I've ever experienced.",4,very positive
"I wanted to recognize Maria for their consistent dedication to quality improvements. Great work!",3,positive
"The project management system improvements have made a noticeable difference in efficiency. Thank you!",3,positive
"The training session on career progression is scheduled for {date}. Registration is now open.",2,neutral
"The recent upgrade to our development tools has significantly sped up our code deployment process.",3,positive
"This new CRM is a complete joke. It guarantees we'll lose all our competitive advantage.",0,very negative
"I wanted to thank the facilities team for their quick response to the security breach. Much appreciated!",3,positive
"The collaboration between Sales and Legal on the Q4 initiative has been really productive.",3,positive
"I'm looking for clarification on the process for {activity}. Can someone point me in the right direction?",2,neutral
"The decision to outsource critical functions is disastrous. We're going to regret this catastrophe immensely.",0,very negative
"I'm thrilled to be part of the development team. The innovation and energy here is truly inspiring!",4,very positive
"The lunch options at the cafeteria have become quite limited. A bit disappointing.",1,negative
"The noise level from nearby offices is becoming a real problem. It's hard to concentrate.",1,negative
"The conference room booking system is confusing and unreliable. Very frustrating to use.",1,negative
"The noise level from the HVAC system is becoming a real problem. It's hard to concentrate.",1,negative
"The lunch options at the cafeteria have become quite limited. A bit disappointing.",1,negative
"The WiFi connection in conference room B keeps dropping. This is making it very difficult to work.",1,negative
"The new vacation approval process seems to be working well. It's simplified the time-off requests considerably.",3,positive
"The email system will undergo maintenance on {date} from after lunch to 3:30pm.",2,neutral
"I'm appalled at the complete failure to address the security breach. This is unacceptable negligence.",0,very negative
"The leadership's decision to implement the new policy is brilliant. This is exactly what we needed - game changer!",4,very positive
"I have a question about professional development. Is there documentation available?",2,neutral
"I'm shocked by the appalling lack of consideration for professional development. This is negligent management.",0,very negative
"I'm looking for clarification on the process for {activity}. Can someone point me in the right direction?",2,neutral
"The lighting in the main office is inadequate and causing eye strain. This needs attention.",1,negative
"The new security protocol seems to be working well. It's simplified the expense reimbursements considerably.",3,positive
"The workshop was phenomenal! Outstanding organization and such valuable content. Kudos to everyone involved!",4,very positive
"Please review the updated meeting minutes and provide feedback by {date}.",2,neutral
"I'm submitting my reimbursement form for project work. Please confirm receipt.",2,neutral
"The projector in the the main office is malfunctioning again. Can this please be fixed soon?",1,negative
"I'd like to schedule a meeting to discuss diversity and inclusion. What times work for everyone?",2,neutral
"Please find attached the project plan from {date}. Let me know if you need anything else.",2,neutral
"Management's decision to outsource critical functions is absolutely disastrous. This will guarantee we lose best employees.",0,very negative
"The mentorship program has exceeded all expectations! This is a fantastic success story for our company!",4,very positive
"The elevator in {building} has been unreliable lately. Multiple service interruptions this week.",1,negative
"I'm extremely impressed by John from Finance's work on the Q4 initiative. Absolutely exceptional performance!",4,very positive
"The HR portal improvements have made a noticeable difference in efficiency. Thank you!",3,positive
"I've noticed the water fountain has been out of order for three days now. This is quite frustrating.",1,negative
"The recent upgrade to our development tools has significantly sped up our code deployment process.",3,positive
"The new hiring freeze is completely negligent and appalling. Someone needs to be held accountable.",0,very negative
"How can anyone think cancel the project is acceptable? This is completely negligent and dangerous.",0,very negative
"The collaboration across departments on the marketing campaign has been phenomenal. Best teamwork I've seen!",4,very positive
"I'm forwarding the email from nearby offices regarding diversity and inclusion for your information.",2,neutral
"I'm forwarding the email from the HVAC system regarding diversity and inclusion for your information.",2,neutral
"I'm appalled at the complete failure to address customer feedback. This is unacceptable negligence.",0,very negative
"The noise level from the HVAC system is becoming a real problem. It's hard to concentrate.",1,negative
"Can we move our {meeting} to 2pm? Let me know if this works for everyone.",2,neutral
"I'm so excited about the direction we're heading with the website redesign. The possibilities are endless!",4,very positive
"The mentorship program has exceeded all expectations! This is a fantastic success story for our company!",4,very positive
"Can someone confirm the deadline for report? I want to make sure I have the right date.",2,neutral
"The printer in building C constantly jams. This is wasting a lot of time.",1,negative
"The management team's cancel the project is an absolute disgrace. This will destroy our competitive edge.",0,very negative
"The next {meeting} is scheduled for Wednesday. The agenda will be sent tomorrow.",2,neutral
"The leadership's decision to cancel the project is brilliant. This is exactly what we needed - game changer!",4,very positive
"I'm looking for clarification on the process for {activity}. Can someone point me in the right direction?",2,neutral
"Thanks for organizing the quarterly review. It was informative and well-structured.",3,positive
"I appreciate Alex's help with quality improvements. Their expertise was very valuable.",3,positive
"I'm blown away by the quality of presentation. The team has done an absolutely stellar job!",4,very positive
"The handling of workplace safety has been an utter disaster. Leadership has failed us completely.",0,very negative
"I appreciate John from Finance's help with training new hires. Their expertise was very valuable.",3,positive
"I'm forwarding the email from nearby offices regarding work-life balance for your information.",2,neutral
"Could someone share the schedule for next week's team building activity? I need to plan accordingly.",2,neutral
"I wanted to recognize Alex for their consistent dedication to resolving the issue. Great work!",3,positive
"The support from Operations has been absolutely wonderful. They go above and beyond every time!",4,very positive
"The Finance team will be conducting {activity} next week. Please let me know if you have questions.",2,neutral
"The new video conferencing system is working well. It's an upgrade from what we had before.",3,positive
"The new vacation approval process is completely negligent and appalling. Someone needs to be held accountable.",0,very negative
"The decision to cut training budgets is disastrous. We're going to regret this catastrophe immensely.",0,very negative
"Huge congratulations to the facilities on reaching 1M users! This is an incredible milestone and I'm proud to be part of it!",4,very positive
"I've noticed the bike storage has been out of order for three days now. This is quite frustrating.",1,negative
"I love how we're encouraged to innovate and try new approaches. This is a truly special workplace!",4,very positive
"I'd like to schedule a meeting to discuss work-life balance. What times work for everyone?",2,neutral
"I'm thrilled to be part of the customer service team. The innovation and energy here is truly inspiring!",4,very positive
"The team's dedication to sustainability is extraordinary. I'm honored to work alongside such passionate professionals!",4,very positive
"I'm appalled at the complete failure to address employee complaints. This is unacceptable negligence.",0,very negative
"Great job on the the system upgrade presentation yesterday. The client seemed really impressed.",3,positive
"The IT department will be conducting {activity} next week. Please let me know if you have questions.",2,neutral
"I'm so excited about the direction we're heading with the marketing campaign. The possibilities are endless!",4,very positive
"The temperature in open workspace is consistently too cold. Many people have complained.",1,negative
"The {report} for last quarter is now available in the shared drive under Team Files.",2,neutral
"The collaboration between Design and Finance on the website redesign has been really productive.",3,positive
"The management team's reduce team headcount is an absolute disgrace. This will destroy our company reputation.",0,very negative
"The temperature in the east wing is consistently too cold. Many people have complained.",1,negative
"The company's commitment to diversity is incredible and sets us apart. Proud to be here!",4,very positive
"I'm shocked by the appalling lack of consideration for work-life balance. This is negligent management.",0,very negative
"I'm really pleased with how smoothly the town hall went. Well done to everyone involved.",3,positive
"The expense reporting tool will undergo maintenance on {date} from 2pm to 3:30pm.",2,neutral
"I'm having ongoing issues with HR portal. The support response has been slow.",1,negative
"The new expense reimbursement system seems to be working well. It's simplified the equipment requests considerably.",3,positive
"This new expense reporting tool is a complete joke. It guarantees we'll lose all our competitive advantage.",0,very negative
"I'm really pleased with how smoothly the team building activity went. Well done to everyone involved.",3,positive
"I'll be out of office on next week. Please contact the IT team for urgent matters.",2,neutral
"The coffee machine on 6th floor has been broken for days. Can maintenance look at this?",1,negative
"I'm looking for clarification on the process for {activity}. Can someone point me in the right direction?",2,neutral
"I appreciate the facilities team's help with the server migration. Their expertise was very valuable.",3,positive
"The technical session was helpful. I learned several useful techniques.",3,positive
"The Finance team's latest decision is catastrophic. We're going to fail because of this disaster.",0,very negative
"The leadership session was helpful. I learned several useful techniques.",3,positive
"I'm thrilled to be part of the marketing team. The innovation and energy here is truly inspiring!",4,very positive
"Thanks for organizing the training session. It was informative and well-structured.",3,positive
"I wanted to recognize Alex for their consistent dedication to resolving the issue. Great work!",3,positive
"Great job on the the client deliverable presentation yesterday. The client seemed really impressed.",3,positive
"The {software} keeps freezing during the server migration. This is impacting my work significantly.",1,negative
"I'm organizing {activity} and need to know who's interested in participating.",2,neutral
"I'm disappointed with the lack of response to my previous concerns about data privacy concerns.",1,negative
"I'm so excited about the direction we're heading with the website redesign. The possibilities are endless!",4,very positive
"I'm so excited about the direction we're heading with the system upgrade. The possibilities are endless!",4,very positive
"I'm requesting information about the security protocol for diversity and inclusion. Where can I find this?",2,neutral
"The lunch options at the cafeteria have become quite limited. A bit disappointing.",1,negative
"The WiFi connection in the east wing keeps dropping. This is making it very difficult to work.",1,negative
"The leadership's decision to reorganize departments is brilliant. This is exactly what we needed - game changer!",4,very positive
"How can anyone think reorganize departments is acceptable? This is completely negligent and dangerous.",0,very negative
"This new expense reporting tool is a complete joke. It guarantees we'll lose all our competitive advantage.",0,very negative
"I wanted to recognize the IT team for their consistent dedication to quality improvements. Great work!",3,positive
"The printer in building C constantly jams. This is wasting a lot of time.",1,negative
"The noise level from the HVAC system is becoming a real problem. It's hard to concentrate.",1,negative
"I am attaching the revised meeting notes from yesterday's team discussion for your review.",2,neutral
"I'll be out of office on next week. Please contact the facilities team for urgent matters.",2,neutral
"How can anyone think cut training budgets is acceptable? This is completely negligent and dangerous.",0,very negative
"The recent upgrade to our development tools has significantly sped up our code deployment process.",3,positive
"I'm requesting information about the expense reimbursement system for professional development. Where can I find this?",2,neutral
"I'm incredibly grateful for the facilities team's mentorship on the marketing campaign. Their guidance has been transformational!",4,very positive
"I'm genuinely excited to come to work every day. The positive environment and great people make all the difference!",4,very positive
"I'm forwarding the email from the HVAC system regarding employee wellbeing for your information.",2,neutral
"The Operations will be conducting {activity} next week. Please let me know if you have questions.",2,neutral
"I'm incredibly grateful for John from Finance's mentorship on the client deliverable. Their guidance has been transformational!",4,very positive
"The team's dedication to sustainability is extraordinary. I'm honored to work alongside such passionate professionals!",4,very positive
"I'm blown away by the quality of documentation. The team has done an absolutely stellar job!",4,very positive
"The next {meeting} is scheduled for Tuesday morning. The agenda will be sent tomorrow.",2,neutral
"The leadership's decision to cancel the project is brilliant. This is exactly what we needed - game changer!",4,very positive
"I'm satisfied with the progress on the client deliverable. We're moving in the right direction.",3,positive
"The parking situation at reception area is becoming increasingly problematic. Something needs to change.",1,negative
"The expense reimbursement system decision is a total disaster waiting to happen. Someone will be responsible for this catastrophe.",0,very negative
"I love how we're encouraged to innovate and try new approaches. This is a truly special workplace!",4,very positive
"I'm satisfied with the progress on the website redesign. We're moving in the right direction.",3,positive
"The company culture here is outstanding. I feel so fortunate to work with such talented and supportive people!",4,very positive
"I'm concerned about the delay in the website redesign. We're falling behind schedule and it's stressful.",1,negative
"The lunch options at the cafeteria have become quite limited. A bit disappointing.",1,negative
"Can we move our {meeting} to 2pm? Let me know if this works for everyone.",2,neutral
"I'm thrilled to be part of the IT team. The innovation and energy here is truly inspiring!",4,very positive
"Thanks for organizing the quarterly review. It was informative and well-structured.",3,positive
"The customer success initiative has exceeded all expectations! This is a fantastic success story for our company!",4,very positive
"The training session on work-life balance is scheduled for {date}. Registration is now open.",2,neutral
"The boardroom booking system is confusing and unreliable. Very frustrating to use.",1,negative
"Can someone confirm the deadline for proposal? I want to make sure I have the right date.",2,neutral
"The recent upgrade to our development tools has significantly sped up our code deployment process.",3,positive
"The team's effort on the website redesign has been excellent. We're ahead of schedule!",3,positive
"I wanted to recognize John from Finance for their consistent dedication to training new hires. Great work!",3,positive
"I wanted to recognize John from Finance for their consistent dedication to training new hires. Great work!",3,positive
"I'm genuinely excited to come to work every day. The positive environment and great people make all the difference!",4,very positive
"The handling of employee complaints has been an utter disaster. Leadership has failed us completely.",0,very negative
"Huge congratulations to the marketing on landing the new client! This is an incredible milestone and I'm proud to be part of it!",4,very positive
"I'm blown away by the quality of presentation. The team has done an absolutely stellar job!",4,very positive
"The response from Management regarding the security breach was helpful and timely. Thank you.",3,positive
"The new strategy for diversity and inclusion is an absolute disaster. We'll lose everything because of this.",0,very negative
"The {report} for September is now available in the shared drive under Reports.",2,neutral
"The phone system in the the main office is malfunctioning again. Can this please be fixed soon?",1,negative
"Working with this team is an absolute pleasure; the level of collaboration and support is the best I've ever experienced.",4,very positive
"The new hiring freeze is completely negligent and appalling. Someone needs to be held accountable.",0,very negative
"The collaboration between Sales and Legal on the marketing campaign has been really productive.",3,positive
"I'm organizing {activity} and need to know who's interested in participating.",2,neutral
"The coffee machine on 7th floor has been broken for days. Can maintenance look at this?",1,negative
"I'm extremely impressed by Maria's work on the client deliverable. Absolutely exceptional performance!",4,very positive
"The timesheet software has been crashing repeatedly today. This is severely impacting productivity.",1,negative
"The next {meeting} is scheduled for Friday afternoon. The agenda will be sent tomorrow.",2,neutral
"The new strategy for career progression is an absolute disaster. We'll lose everything because of this.",0,very negative
"The recent upgrade to our development tools has significantly sped up our code deployment process.",3,positive
"The timesheet software has been crashing repeatedly today. This is severely impacting productivity.",1,negative
"{Department} has shown complete negligence with the security breach. This is utterly unacceptable.",0,very negative
"The management team's outsource critical functions is an absolute disgrace. This will destroy our company reputation.",0,very negative
"I'm thrilled to be part of the development team. The innovation and energy here is truly inspiring!",4,very positive
"The new strategy for work-life balance is an absolute disaster. We'll lose everything because of this.",0,very negative
"I need to request software license for the system upgrade. What's the approval process?",2,neutral
"I'm so excited about the direction we're heading with the marketing campaign. The possibilities are endless!",4,very positive
"I've submitted a ticket about customer feedback weeks ago and still no response. This is frustrating.",1,negative
"I absolutely love the new bike storage! It's amazing and shows how much the company values employees.",4,very positive
"The new strategy for work-life balance is an absolute disaster. We'll lose everything because of this.",0,very negative
"The conference yesterday was inspirational! I left feeling motivated and energized. Thank you to the organizers!",4,very positive
"The remote work policy decision is a total disaster waiting to happen. Someone will be responsible for this catastrophe.",0,very negative
"The WiFi connection in conference room B keeps dropping. This is making it very difficult to work.",1,negative
"I'm incredibly grateful for Alex's mentorship on the system upgrade. Their guidance has been transformational!",4,very positive
"The air conditioning on the 6th floor seems to be broken again, it's uncomfortably warm.",1,negative
"The response from IT department regarding employee complaints was helpful and timely. Thank you.",3,positive
"This company's approach to career progression is utterly negligent. We're headed for disaster.",0,very negative
"The project management system will undergo maintenance on {date} from 2pm to 3:30pm.",2,neutral
"The response from HR department regarding employee complaints was helpful and timely. Thank you.",3,positive
"I'm satisfied with the progress on the system upgrade. We're moving in the right direction.",3,positive
"The IT department will be conducting {activity} next week. Please let me know if you have questions.",2,neutral
"The next {meeting} is scheduled for Friday afternoon. The agenda will be sent tomorrow.",2,neutral
"Can we move our {meeting} to morning? Let me know if this works for everyone.",2,neutral
"The new projector is working well. It's an upgrade from what we had before.",3,positive
"The new video conferencing system is working well. It's an upgrade from what we had before.",3,positive
"The team's effort on the website redesign has been excellent. We're ahead of schedule!",3,positive
"Great job on the the system upgrade presentation yesterday. The client seemed really impressed.",3,positive
"I've noticed the break room microwave has been out of order for three days now. This is quite frustrating.",1,negative
"The response from Operations regarding workplace safety was helpful and timely. Thank you.",3,positive
"The noise level from the HVAC system is becoming a real problem. It's hard to concentrate.",1,negative
"I'm submitting my equipment request for project work. Please confirm receipt.",2,neutral
"The new hiring freeze is completely negligent and appalling. Someone needs to be held accountable.",0,very negative
"I love how we're encouraged to innovate and try new approaches. This is a truly special workplace!",4,very positive
"The IT department's latest decision is catastrophic. We're going to fail because of this disaster.",0,very negative
"I've submitted a ticket about the budget overruns weeks ago and still no response. This is frustrating.",1,negative
"The team meeting yesterday was productive. Good discussions and clear action items.",3,positive
"The parking situation at reception area is becoming increasingly problematic. Something needs to change.",1,negative
"I'm incredibly grateful for the IT team's mentorship on the website redesign. Their guidance has been transformational!",4,very positive
"I'm organizing {activity} and need to know who's interested in participating.",2,neutral
"I'm looking for clarification on the process for {activity}. Can someone point me in the right direction?",2,neutral
"I absolutely love the new water fountain! It's amazing and shows how much the company values employees.",4,very positive
"The {software} keeps freezing during the server migration. This is impacting my work significantly.",1,negative
"I'm extremely impressed by Sarah's work on the marketing campaign. Absolutely exceptional performance!",4,very positive
"The elevator in {building} has been unreliable lately. Multiple service interruptions this week.",1,negative
"The team building activity yesterday was inspirational! I left feeling motivated and energized. Thank you to the organizers!",4,very positive
"I'm organizing {activity} and need to know who's interested in participating.",2,neutral
"I'm really pleased with how smoothly the workshop went. Well done to everyone involved.",3,positive
"I love how we're encouraged to innovate and try new approaches. This is a truly special workplace!",4,very positive
"The lunch options at the cafeteria have become quite limited. A bit disappointing.",1,negative
"I'm forwarding the email from construction next door regarding employee wellbeing for your information.",2,neutral
"The next {meeting} is scheduled for Thursday. The agenda will be sent tomorrow.",2,neutral
"The new strategy for professional development is an absolute disaster. We'll lose everything because of this.",0,very negative
"I'd like to schedule a meeting to discuss professional development. What times work for everyone?",2,neutral
"The training session on employee wellbeing is scheduled for {date}. Registration is now open.",2,neutral
"The email system improvements have made a noticeable difference in efficiency. Thank you!",3,positive
"I'm looking for clarification on the process for {activity}. Can someone point me in the right direction?",2,neutral
"I'm thrilled to be part of the IT team. The innovation and energy here is truly inspiring!",4,very positive
"The new whiteboard is working well. It's an upgrade from what we had before.",3,positive
"How can anyone think reorganize departments is acceptable? This is completely negligent and dangerous.",0,very negative
"The new strategy for career progression is an absolute disaster. We'll lose everything because of this.",0,very negative
"The whiteboard in the conference room B is malfunctioning again. Can this please be fixed soon?",1,negative
"The response from Operations regarding employee complaints was helpful and timely. Thank you.",3,positive
"I'm extremely impressed by Maria's work on the client deliverable. Absolutely exceptional performance!",4,very positive
"The decision to outsource critical functions is disastrous. We're going to regret this catastrophe immensely.",0,very negative
"I'm really pleased with how smoothly the training session went. Well done to everyone involved.",3,positive
"I need to request team member support for the website redesign. What's the approval process?",2,neutral
"The team's effort on the client deliverable has been excellent. We're ahead of schedule!",3,positive
"The lighting in building C is inadequate and causing eye strain. This needs attention.",1,negative
"The lunch options at the cafeteria have become quite limited. A bit disappointing.",1,negative
"Can we move our {meeting} to morning? Let me know if this works for everyone.",2,neutral
"The security protocol decision is a total disaster waiting to happen. Someone will be responsible for this catastrophe.",0,very negative
"I'm disappointed with the lack of response to my previous concerns about the budget overruns.",1,negative
"How can anyone think implement the new policy is acceptable? This is completely negligent and dangerous.",0,very negative
"The parking situation at reception area is becoming increasingly problematic. Something needs to change.",1,negative
"Can we move our {meeting} to 3:30pm? Let me know if this works for everyone.",2,neutral
"The team's effort on the marketing campaign has been excellent. We're ahead of schedule!",3,positive
"I wanted to thank the HR team for their quick response to workplace safety. Much appreciated!",3,positive
"The lighting in reception area is inadequate and causing eye strain. This needs attention.",1,negative
"The collaboration between Design and Support on the client deliverable has been really productive.",3,positive
"The lighting in building C is inadequate and causing eye strain. This needs attention.",1,negative
"This new timesheet software is a complete joke. It guarantees we'll lose all our competitive advantage.",0,very negative
"I'm disappointed with the lack of response to my previous concerns about the security breach.",1,negative
"The leadership's decision to reorganize departments is brilliant. This is exactly what we needed - game changer!",4,very positive
"The leadership session was helpful. I learned several useful techniques.",3,positive
"I appreciate the facilities team's help with the server migration. Their expertise was very valuable.",3,positive
"Can someone confirm the deadline for report? I want to make sure I have the right date.",2,neutral
"The team meeting yesterday was productive. Good discussions and clear action items.",3,positive
"I wanted to thank the marketing team for their quick response to customer feedback. Much appreciated!",3,positive
"The noise level from the HVAC system is becoming a real problem. It's hard to concentrate.",1,negative
"The conference yesterday was inspirational! I left feeling motivated and energized. Thank you to the organizers!",4,very positive
"The workshop yesterday was inspirational! I left feeling motivated and energized. Thank you to the organizers!",4,very positive
"I'm shocked by the appalling lack of consideration for career progression. This is negligent management.",0,very negative
"The workshop yesterday was inspirational! I left feeling motivated and energized. Thank you to the organizers!",4,very positive
"The decision to reorganize departments is disastrous. We're going to regret this catastrophe immensely.",0,very negative
"The HR portal will undergo maintenance on {date} from morning to 2pm.",2,neutral
"I have a question about employee wellbeing. Is there documentation available?",2,neutral
"I wanted to recognize the IT team for their consistent dedication to resolving the issue. Great work!",3,positive
"Management's decision to cut training budgets is absolutely disastrous. This will guarantee we lose market position.",0,very negative
"Working on the website redesign has been the highlight of my career so far. What an amazing opportunity!",4,very positive
"The {software} keeps freezing during the server migration. This is impacting my work significantly.",1,negative
"{Department} has shown complete negligence with customer feedback. This is utterly unacceptable.",0,very negative
"The new scanner is working well. It's an upgrade from what we had before.",3,positive
"I'm appalled at the complete failure to address the security breach. This is unacceptable negligence.",0,very negative
"Management's decision to reduce team headcount is absolutely disastrous. This will guarantee we lose best employees.",0,very negative
"The conference room booking system is confusing and unreliable. Very frustrating to use.",1,negative
"The elevator in {building} has been unreliable lately. Multiple service interruptions this week.",1,negative
"The Leadership's latest decision is catastrophic. We're going to fail because of this disaster.",0,very negative
"I'm incredibly grateful for John from Finance's mentorship on the Q4 initiative. Their guidance has been transformational!",4,very positive
"The project management system has been crashing repeatedly today. This is severely impacting productivity.",1,negative
"I have a question about work-life balance. Is there documentation available?",2,neutral
"I wanted to thank the HR team for their quick response to workplace safety. Much appreciated!",3,positive
"This new CRM is a complete joke. It guarantees we'll lose all our competitive advantage.",0,very negative
"The response from IT department regarding the security breach was helpful and timely. Thank you.",3,positive
"The support from Management has been absolutely wonderful. They go above and beyond every time!",4,very positive
"The team's dedication to team development is extraordinary. I'm honored to work alongside such passionate professionals!",4,very positive
"I'm shocked by the appalling lack of consideration for diversity and inclusion. This is negligent management.",0,very negative
"I'm having ongoing issues with email system. The support response has been slow.",1,negative
"This company's approach to work-life balance is utterly negligent. We're headed for disaster.",0,very negative
"I'm having ongoing issues with email system. The support response has been slow.",1,negative
"{Department} has shown complete negligence with data privacy concerns. This is utterly unacceptable.",0,very negative
"The {report} for last month is now available in the shared drive under Projects.",2,neutral
"I'm organizing {activity} and need to know who's interested in participating.",2,neutral
"The response from Management regarding workplace safety was helpful and timely. Thank you.",3,positive
"I'm genuinely excited to come to work every day. The positive environment and great people make all the difference!",4,very positive
"I'm looking for clarification on the process for {activity}. Can someone point me in the right direction?",2,neutral
"Great job on the the system upgrade presentation yesterday. The client seemed really impressed.",3,positive
"The Management's latest decision is catastrophic. We're going to fail because of this disaster.",0,very negative
"The new water fountain is a great addition. It's already making a positive difference.",3,positive
"The noise level from construction next door is becoming a real problem. It's hard to concentrate.",1,negative
"Great job on the the system upgrade presentation yesterday. The client seemed really impressed.",3,positive
"This new CRM is a complete joke. It guarantees we'll lose all our competitive advantage.",0,very negative
"Can someone confirm the deadline for proposal? I want to make sure I have the right date.",2,neutral
"I've submitted a ticket about employee complaints weeks ago and still no response. This is frustrating.",1,negative
"The lunch options at the cafeteria have become quite limited. A bit disappointing.",1,negative
"Could someone share the schedule for next week's team building activity? I need to plan accordingly.",2,neutral
"The air conditioning on the 7th floor seems to be broken again, it's uncomfortably warm.",1,negative
"I'm organizing {activity} and need to know who's interested in participating.",2,neutral
"I'm submitting my reimbursement form for team event. Please confirm receipt.",2,neutral
"The parking situation at building C is becoming increasingly problematic. Something needs to change.",1,negative
"The team's effort on the Q4 initiative has been excellent. We're ahead of schedule!",3,positive
"The leadership's decision to cut training budgets is brilliant. This is exactly what we needed - game changer!",4,very positive
"I'm disappointed with the lack of response to my previous concerns about the security breach.",1,negative
"The project management system improvements have made a noticeable difference in efficiency. Thank you!",3,positive
"I've submitted a ticket about customer feedback weeks ago and still no response. This is frustrating.",1,negative
"The new strategy for work-life balance is an absolute disaster. We'll lose everything because of this.",0,very negative
"The management team's cut training budgets is an absolute disgrace. This will destroy our best employees.",0,very negative
"The temperature in open workspace is consistently too cold. Many people have complained.",1,negative
"I'm submitting my time-off request for the conference. Please confirm receipt.",2,neutral
"I'm forwarding the email from nearby offices regarding communication for your information.",2,neutral
"The WiFi connection in conference room B keeps dropping. This is making it very difficult to work.",1,negative
"I'm looking for clarification on the process for {activity}. Can someone point me in the right direction?",2,neutral
"Management's decision to cancel the project is absolutely disastrous. This will guarantee we lose key clients.",0,very negative
"I'm forwarding the email from construction next door regarding communication for your information.",2,neutral
"How can anyone think implement the new policy is acceptable? This is completely negligent and dangerous.",0,very negative
"I'm appalled at the complete failure to address customer feedback. This is unacceptable negligence.",0,very negative
"I'm disgusted by how data privacy concerns has been handled. This is a joke and shows complete incompetence.",0,very negative
"The parking situation at conference room B is becoming increasingly problematic. Something needs to change.",1,negative
"The WiFi connection in building C keeps dropping. This is making it very difficult to work.",1,negative
"The town hall yesterday was inspirational! I left feeling motivated and energized. Thank you to the organizers!",4,very positive
"I'm submitting my expense report for project work. Please confirm receipt.",2,neutral
"The temperature in the main office is consistently too cold. Many people have complained.",1,negative
"The parking situation at open workspace is becoming increasingly problematic. Something needs to change.",1,negative
"I wanted to thank the IT team for their quick response to workplace safety. Much appreciated!",3,positive
"The decision to reorganize departments is disastrous. We're going to regret this catastrophe immensely.",0,very negative
"I'm shocked by the appalling lack of consideration for career progression. This is negligent management.",0,very negative
"The new strategy for diversity and inclusion is an absolute disaster. We'll lose everything because of this.",0,very negative
"The lighting in open workspace is inadequate and causing eye strain. This needs attention.",1,negative
"This new HR portal is a complete joke. It guarantees we'll lose all our competitive advantage.",0,very negative
"The noise level from the loading dock is becoming a real problem. It's hard to concentrate.",1,negative
"The support from Leadership has been absolutely wonderful. They go above and beyond every time!",4,very positive
"I wanted to thank the HR team for their quick response to the security breach. Much appreciated!",3,positive
"I'm appalled at the complete failure to address workplace safety. This is unacceptable negligence.",0,very negative
"The customer success initiative has exceeded all expectations! This is a fantastic success story for our company!",4,very positive
"I've submitted a ticket about employee complaints weeks ago and still no response. This is frustrating.",1,negative
"The air conditioning on the 6th floor seems to be broken again, it's uncomfortably warm.",1,negative
"I wanted to thank the IT team for their quick response to data privacy concerns. Much appreciated!",3,positive
"The Operations will be conducting {activity} next week. Please let me know if you have questions.",2,neutral
"Please find attached the status update from {date}. Let me know if you need anything else.",2,neutral
"The team meeting yesterday was productive. Good discussions and clear action items.",3,positive
"The HR portal will undergo maintenance on {date} from 3:30pm to 3:30pm.",2,neutral
"Thank you to IT department for addressing the employee complaints so promptly. Problem solved!",3,positive
"Management's decision to outsource critical functions is absolutely disastrous. This will guarantee we lose company reputation.",0,very negative
"I'm blown away by the quality of documentation. The team has done an absolutely stellar job!",4,very positive
"I'm requesting information about the security protocol for professional development. Where can I find this?",2,neutral
"I need to request meeting room access for the website redesign. What's the approval process?",2,neutral
"I absolutely love the new break room microwave! It's amazing and shows how much the company values employees.",4,very positive
"The management team's reorganize departments is an absolute disgrace. This will destroy our competitive edge.",0,very negative
"I'm genuinely excited to come to work every day. The positive environment and great people make all the difference!",4,very positive
"I've noticed the shower facility has been out of order for three days now. This is quite frustrating.",1,negative
"The timesheet software improvements have made a noticeable difference in efficiency. Thank you!",3,positive
"The collaboration across departments on the system upgrade has been phenomenal. Best teamwork I've seen!",4,very positive
"The quarterly review yesterday was inspirational! I left feeling motivated and energized. Thank you to the organizers!",4,very positive
"This company's approach to career progression is utterly negligent. We're headed for disaster.",0,very negative
"The handling of employee complaints has been an utter disaster. Leadership has failed us completely.",0,very negative
"The parking situation at reception area is becoming increasingly problematic. Something needs to change.",1,negative
"Working on the system upgrade has been the highlight of my career so far. What an amazing opportunity!",4,very positive
"Management's decision to outsource critical functions is absolutely disastrous. This will guarantee we lose best employees.",0,very negative
"I love how we're encouraged to innovate and try new approaches. This is a truly special workplace!",4,very positive
"The handling of workplace safety has been an utter disaster. Leadership has failed us completely.",0,very negative
"I'm extremely impressed by Maria's work on the Q4 initiative. Absolutely exceptional performance!",4,very positive
"The new expense reimbursement system seems to be working well. It's simplified the time-off requests considerably.",3,positive
"The {software} keeps freezing during the server migration. This is impacting my work significantly.",1,negative
"I'm really pleased with how smoothly the team building activity went. Well done to everyone involved.",3,positive
"This company's approach to employee wellbeing is utterly negligent. We're headed for disaster.",0,very negative
"The new remote work policy seems to be working well. It's simplified the travel booking considerably.",3,positive
"The new bike storage is a great addition. It's already making a positive difference.",3,positive
"The software session was helpful. I learned several useful techniques.",3,positive
"I'm disappointed with the lack of response to my previous concerns about employee complaints.",1,negative
"The customer success initiative has exceeded all expectations! This is a fantastic success story for our company!",4,very positive
"The hiring freeze decision is a total disaster waiting to happen. Someone will be responsible for this catastrophe.",0,very negative
"I'm blown away by the quality of project submission. The team has done an absolutely stellar job!",4,very positive
"The new printer is working well. It's an upgrade from what we had before.",3,positive
"I'm appalled at the complete failure to address the security breach. This is unacceptable negligence.",0,very negative
"I wanted to thank the marketing team for their quick response to data privacy concerns. Much appreciated!",3,positive
"I'm blown away by the quality of documentation. The team has done an absolutely stellar job!",4,very positive
"I'm organizing {activity} and need to know who's interested in participating.",2,neutral
"The handling of customer feedback has been an utter disaster. Leadership has failed us completely.",0,very negative
"I'm happy to report that innovation lab has been successful. Good results so far.",3,positive
"Thanks for organizing the town hall. It was informative and well-structured.",3,positive
"I'm disgusted by how the budget overruns has been handled. This is a joke and shows complete incompetence.",0,very negative
"I'm organizing {activity} and need to know who's interested in participating.",2,neutral
"The printer in open workspace constantly jams. This is wasting a lot of time.",1,negative
"Management's decision to cancel the project is absolutely disastrous. This will guarantee we lose key clients.",0,very negative
"I love how we're encouraged to innovate and try new approaches. This is a truly special workplace!",4,very positive
"The team meeting yesterday was productive. Good discussions and clear action items.",3,positive
"I'm so excited about the direction we're heading with the website redesign. The possibilities are endless!",4,very positive
"I'm frustrated with how long it takes to get approval for procurement. This is creating bottlenecks.",1,negative
"I've submitted a ticket about employee complaints weeks ago and still no response. This is frustrating.",1,negative
"The handling of customer feedback has been an utter disaster. Leadership has failed us completely.",0,very negative
"The team meeting yesterday was productive. Good discussions and clear action items.",3,positive
"I need to request laptop for the marketing campaign. What's the approval process?",2,neutral
"The company culture here is outstanding. I feel so fortunate to work with such talented and supportive people!",4,very positive
"The new strategy for professional development is an absolute disaster. We'll lose everything because of this.",0,very negative
"The new remote work policy seems to be working well. It's simplified the travel booking considerably.",3,positive
"I'm shocked by the appalling lack of consideration for career progression. This is negligent management.",0,very negative
"The HR portal improvements have made a noticeable difference in efficiency. Thank you!",3,positive
"The new strategy for employee wellbeing is an absolute disaster. We'll lose everything because of this.",0,very negative
"The leadership's decision to reorganize departments is brilliant. This is exactly what we needed - game changer!",4,very positive
"The quarterly review was phenomenal! Outstanding organization and such valuable content. Kudos to everyone involved!",4,very positive
"The email system will undergo maintenance on {date} from 2pm to morning.",2,neutral
"The {report} for last quarter is now available in the shared drive under Archive.",2,neutral
"The management team's outsource critical functions is an absolute disgrace. This will destroy our top talent.",0,very negative
"I'll be out of office on next Friday. Please contact Maria for urgent matters.",2,neutral
"How can anyone think reduce team headcount is acceptable? This is completely negligent and dangerous.",0,very negative
"I appreciate Sarah's help with quality improvements. Their expertise was very valuable.",3,positive
"I'm so excited about the direction we're heading with the marketing campaign. The possibilities are endless!",4,very positive
"The parking situation at building C is becoming increasingly problematic. Something needs to change.",1,negative
"The updated additional budget is much easier to use. Nice improvement!",3,positive
"The coffee machine on 5th floor has been broken for days. Can maintenance look at this?",1,negative
"I wanted to recognize Sarah for their consistent dedication to the server migration. Great work!",3,positive
"I need to request team member support for the Q4 initiative. What's the approval process?",2,neutral
"The decision to reorganize departments is disastrous. We're going to regret this catastrophe immensely.",0,very negative
"The workshop was phenomenal! Outstanding organization and such valuable content. Kudos to everyone involved!",4,very positive
"I'm disappointed with the lack of response to my previous concerns about data privacy concerns.",1,negative
"The WiFi connection in open workspace keeps dropping. This is making it very difficult to work.",1,negative
"Can someone confirm the deadline for documentation? I want to make sure I have the right date.",2,neutral
"How can anyone think cut training budgets is acceptable? This is completely negligent and dangerous.",0,very negative
"I'm looking for clarification on the process for {activity}. Can someone point me in the right direction?",2,neutral
"I'm submitting my reimbursement form for client meeting. Please confirm receipt.",2,neutral
"{Department} has shown complete negligence with data privacy concerns. This is utterly unacceptable.",0,very negative
"I'm appalled at the complete failure to address workplace safety. This is unacceptable negligence.",0,very negative
"The response from Operations regarding customer feedback was helpful and timely. Thank you.",3,positive
"The new security protocol is completely negligent and appalling. Someone needs to be held accountable.",0,very negative
"The management team's implement the new policy is an absolute disgrace. This will destroy our competitive edge.",0,very negative
"The new phone system is working well. It's an upgrade from what we had before.",3,positive
"The phone system in the building C is malfunctioning again. Can this please be fixed soon?",1,negative
"Please find attached the quarterly report from {date}. Let me know if you need anything else.",2,neutral
"I'm so excited about the direction we're heading with the website redesign. The possibilities are endless!",4,very positive
"{Department} has shown complete negligence with the security breach. This is utterly unacceptable.",0,very negative
"I'm so excited about the direction we're heading with the Q4 initiative. The possibilities are endless!",4,very positive
"I absolutely love the new shower facility! It's amazing and shows how much the company values employees.",4,very positive
"I'm having ongoing issues with email system. The support response has been slow.",1,negative
"I have a question about career progression. Is there documentation available?",2,neutral
"{Department} has shown complete negligence with customer feedback. This is utterly unacceptable.",0,very negative
"Huge congratulations to the marketing on launching version 2.0! This is an incredible milestone and I'm proud to be part of it!",4,very positive
"The management team's outsource critical functions is an absolute disgrace. This will destroy our key clients.",0,very negative
"I'm genuinely excited to come to work every day. The positive environment and great people make all the difference!",4,very positive
"The team's effort on the system upgrade has been excellent. We're ahead of schedule!",3,positive
"The Operations's latest decision is catastrophic. We're going to fail because of this disaster.",0,very negative
"Can we move our {meeting} to morning? Let me know if this works for everyone.",2,neutral
"The Leadership will be conducting {activity} next week. Please let me know if you have questions.",2,neutral
"Working with this team is an absolute pleasure; the level of collaboration and support is the best I've ever experienced.",4,very positive
"I'm organizing {activity} and need to know who's interested in participating.",2,neutral
"The company culture here is outstanding. I feel so fortunate to work with such talented and supportive people!",4,very positive
"The email system will undergo maintenance on {date} from 2pm to morning.",2,neutral
"The decision to implement the new policy is disastrous. We're going to regret this catastrophe immensely.",0,very negative
"Thank you to IT department for addressing the the budget overruns so promptly. Problem solved!",3,positive
"I'm organizing {activity} and need to know who's interested in participating.",2,neutral
"The new scanner is working well. It's an upgrade from what we had before.",3,positive
"The coffee machine on 4th floor has been broken for days. Can maintenance look at this?",1,negative
"The compliance session was helpful. I learned several useful techniques.",3,positive
"The team's effort on the client deliverable has been excellent. We're ahead of schedule!",3,positive
"Thank you to Leadership for addressing the data privacy concerns so promptly. Problem solved!",3,positive
"I'll be out of office on Dec 15-17. Please contact the IT team for urgent matters.",2,neutral
"Can someone confirm the deadline for project submission? I want to make sure I have the right date.",2,neutral
"The conference yesterday was inspirational! I left feeling motivated and energized. Thank you to the organizers!",4,very positive
"The workshop was phenomenal! Outstanding organization and such valuable content. Kudos to everyone involved!",4,very positive
"I'm extremely impressed by Sarah's work on the system upgrade. Absolutely exceptional performance!",4,very positive
"The team's dedication to innovation is extraordinary. I'm honored to work alongside such passionate professionals!",4,very positive
"This company's approach to professional development is utterly negligent. We're headed for disaster.",0,very negative
"The WiFi connection in building C keeps dropping. This is making it very difficult to work.",1,negative
"The team's dedication to quality excellence is extraordinary. I'm honored to work alongside such passionate professionals!",4,very positive
"I wanted to thank the development team for their quick response to the security breach. Much appreciated!",3,positive
"The lighting in building C is inadequate and causing eye strain. This needs attention.",1,negative
"The next {meeting} is scheduled for next Monday. The agenda will be sent tomorrow.",2,neutral
"I'm forwarding the email from the loading dock regarding work-life balance for your information.",2,neutral
"Management's decision to reduce team headcount is absolutely disastrous. This will guarantee we lose best employees.",0,very negative
"Can someone confirm the deadline for documentation? I want to make sure I have the right date.",2,neutral
"The WiFi connection in reception area keeps dropping. This is making it very difficult to work.",1,negative
"I'm shocked by the appalling lack of consideration for career progression. This is negligent management.",0,very negative
"The WiFi connection in the east wing keeps dropping. This is making it very difficult to work.",1,negative
"I'm satisfied with the progress on the client deliverable. We're moving in the right direction.",3,positive
"I'm looking for clarification on the process for {activity}. Can someone point me in the right direction?",2,neutral
"The new kitchen sink is a great addition. It's already making a positive difference.",3,positive
"The team meeting yesterday was productive. Good discussions and clear action items.",3,positive
"Huge congratulations to the IT on landing the new client! This is an incredible milestone and I'm proud to be part of it!",4,very positive
"I'm organizing {activity} and need to know who's interested in participating.",2,neutral
"I'm so excited about the direction we're heading with the system upgrade. The possibilities are endless!",4,very positive
"The elevator in {building} has been unreliable lately. Multiple service interruptions this week.",1,negative
"I'm shocked by the appalling lack of consideration for employee wellbeing. This is negligent management.",0,very negative
"Can someone confirm the deadline for presentation? I want to make sure I have the right date.",2,neutral
"Can someone confirm the deadline for report? I want to make sure I have the right date.",2,neutral
"The decision to reorganize departments is disastrous. We're going to regret this catastrophe immensely.",0,very negative
"The mentorship program has exceeded all expectations! This is a fantastic success story for our company!",4,very positive
"The lunch options at the cafeteria have become quite limited. A bit disappointing.",1,negative
"The conference was phenomenal! Outstanding organization and such valuable content. Kudos to everyone involved!",4,very positive
"I have a question about career progression. Is there documentation available?",2,neutral
"I've noticed the break room microwave has been out of order for three days now. This is quite frustrating.",1,negative
"The lighting in conference room B is inadequate and causing eye strain. This needs attention.",1,negative
"I'm submitting my reimbursement form for training. Please confirm receipt.",2,neutral
"This company's approach to diversity and inclusion is utterly negligent. We're headed for disaster.",0,very negative
"The vacation approval process decision is a total disaster waiting to happen. Someone will be responsible for this catastrophe.",0,very negative
"Great job on the the marketing campaign presentation yesterday. The client seemed really impressed.",3,positive
"The team meeting yesterday was productive. Good discussions and clear action items.",3,positive
"The coffee machine on 2nd floor has been broken for days. Can maintenance look at this?",1,negative
"Thanks for organizing the training session. It was informative and well-structured.",3,positive
"The printer in open workspace constantly jams. This is wasting a lot of time.",1,negative
"The support from Leadership has been absolutely wonderful. They go above and beyond every time!",4,very positive
"I'm so excited about the direction we're heading with the marketing campaign. The possibilities are endless!",4,very positive
"The onboarding session was helpful. I learned several useful techniques.",3,positive
"The support from Finance team has been absolutely wonderful. They go above and beyond every time!",4,very positive
"The WiFi connection in open workspace keeps dropping. This is making it very difficult to work.",1,negative
"Please find attached the meeting minutes from {date}. Let me know if you need anything else.",2,neutral
"I absolutely love the new break room microwave! It's amazing and shows how much the company values employees.",4,very positive
"This company's approach to professional development is utterly negligent. We're headed for disaster.",0,very negative
"The parking situation at the main office is becoming increasingly problematic. Something needs to change.",1,negative
"The lighting in the east wing is inadequate and causing eye strain. This needs attention.",1,negative
"Please review the updated budget proposal and provide feedback by {date}.",2,neutral
"Thanks for organizing the quarterly review. It was informative and well-structured.",3,positive
"Thank you to IT department for addressing the customer feedback so promptly. Problem solved!",3,positive
"Working on the Q4 initiative has been the highlight of my career so far. What an amazing opportunity!",4,very positive
"I'm satisfied with the progress on the marketing campaign. We're moving in the right direction.",3,positive
"The team building activity was phenomenal! Outstanding organization and such valuable content. Kudos to everyone involved!",4,very positive
"The project management system improvements have made a noticeable difference in efficiency. Thank you!",3,positive
"Please review the updated quarterly report and provide feedback by {date}.",2,neutral
"The decision to reorganize departments is disastrous. We're going to regret this catastrophe immensely.",0,very negative
"The expense reporting tool will undergo maintenance on {date} from 10am to after lunch.",2,neutral
"I am attaching the revised meeting notes from yesterday's team discussion for your review.",2,neutral
"The coffee machine on 5th floor has been broken for days. Can maintenance look at this?",1,negative
"I'm appalled at the complete failure to address data privacy concerns. This is unacceptable negligence.",0,very negative
"I'm shocked by the appalling lack of consideration for communication. This is negligent management.",0,very negative
"This new project management system is a complete joke. It guarantees we'll lose all our competitive advantage.",0,very negative
"Please find attached the status update from {date}. Let me know if you need anything else.",2,neutral
"I'm thrilled to be part of the development team. The innovation and energy here is truly inspiring!",4,very positive
"I'm frustrated with how long it takes to get approval for travel booking. This is creating bottlenecks.",1,negative
"The security protocol decision is a total disaster waiting to happen. Someone will be responsible for this catastrophe.",0,very negative
"I'm so excited about the direction we're heading with the Q4 initiative. The possibilities are endless!",4,very positive
"How can anyone think cut training budgets is acceptable? This is completely negligent and dangerous.",0,very negative
"This company's approach to career progression is utterly negligent. We're headed for disaster.",0,very negative
"I've submitted a ticket about employee complaints weeks ago and still no response. This is frustrating.",1,negative
"The security protocol decision is a total disaster waiting to happen. Someone will be responsible for this catastrophe.",0,very negative
"I appreciate John from Finance's help with training new hires. Their expertise was very valuable.",3,positive
"I'm satisfied with the progress on the client deliverable. We're moving in the right direction.",3,positive
"The sustainability program has exceeded all expectations! This is a fantastic success story for our company!",4,very positive
"Thank you to Management for addressing the data privacy concerns so promptly. Problem solved!",3,positive
"I'm disappointed with the lack of response to my previous concerns about workplace safety.",1,negative
"I'm organizing {activity} and need to know who's interested in participating.",2,neutral
"I'm disappointed with the lack of response to my previous concerns about customer feedback.",1,negative
"The company culture here is outstanding. I feel so fortunate to work with such talented and supportive people!",4,very positive
"I'm forwarding the email from nearby offices regarding work-life balance for your information.",2,neutral
"The updated software license is much easier to use. Nice improvement!",3,positive
"The new phone system is working well. It's an upgrade from what we had before.",3,positive
"The {report} for last month is now available in the shared drive under Archive.",2,neutral
"Working with this team is an absolute pleasure; the level of collaboration and support is the best I've ever experienced.",4,very positive
"How can anyone think outsource critical functions is acceptable? This is completely negligent and dangerous.",0,very negative
"The Leadership will be conducting {activity} next week. Please let me know if you have questions.",2,neutral
"I absolutely love the new water fountain! It's amazing and shows how much the company values employees.",4,very positive
"The new remote work policy seems to be working well. It's simplified the procurement considerably.",3,positive
"Management's decision to reduce team headcount is absolutely disastrous. This will guarantee we lose competitive edge.",0,very negative
"I've noticed the shower facility has been out of order for three days now. This is quite frustrating.",1,negative
"This new CRM is a complete joke. It guarantees we'll lose all our competitive advantage.",0,very negative
"The support from IT department has been absolutely wonderful. They go above and beyond every time!",4,very positive
"Please review the updated status update and provide feedback by {date}.",2,neutral
"The decision to cancel the project is disastrous. We're going to regret this catastrophe immensely.",0,very negative
"The training session on communication is scheduled for {date}. Registration is now open.",2,neutral
"This new CRM is a complete joke. It guarantees we'll lose all our competitive advantage.",0,very negative
"The temperature in the east wing is consistently too cold. Many people have complained.",1,negative
"I love how we're encouraged to innovate and try new approaches. This is a truly special workplace!",4,very positive
"I'm looking for clarification on the process for {activity}. Can someone point me in the right direction?",2,neutral
"I need to request meeting room access for the marketing campaign. What's the approval process?",2,neutral
"The remote work policy decision is a total disaster waiting to happen. Someone will be responsible for this catastrophe.",0,very negative
"The team's effort on the system upgrade has been excellent. We're ahead of schedule!",3,positive
"The collaboration across departments on the system upgrade has been phenomenal. Best teamwork I've seen!",4,very positive
"The air conditioning on the 2nd floor seems to be broken again, it's uncomfortably warm.",1,negative
"I'm frustrated with how long it takes to get approval for time-off requests. This is creating bottlenecks.",1,negative
"The support from Finance team has been absolutely wonderful. They go above and beyond every time!",4,very positive
"I absolutely love the new bike storage! It's amazing and shows how much the company values employees.",4,very positive
"I'm shocked by the appalling lack of consideration for professional development. This is negligent management.",0,very negative
"I appreciate the IT team's help with training new hires. Their expertise was very valuable.",3,positive
"I'm forwarding the email from the loading dock regarding career progression for your information.",2,neutral
"The new security protocol is completely negligent and appalling. Someone needs to be held accountable.",0,very negative
"I'm shocked by the appalling lack of consideration for communication. This is negligent management.",0,very negative
"{Department} has shown complete negligence with data privacy concerns. This is utterly unacceptable.",0,very negative
"I'm satisfied with the progress on the Q4 initiative. We're moving in the right direction.",3,positive
"This company's approach to career progression is utterly negligent. We're headed for disaster.",0,very negative
"Thank you to Finance team for addressing the data privacy concerns so promptly. Problem solved!",3,positive
"I've submitted a ticket about the security breach weeks ago and still no response. This is frustrating.",1,negative
"The training session on communication is scheduled for {date}. Registration is now open.",2,neutral
"Great job on the the system upgrade presentation yesterday. The client seemed really impressed.",3,positive
"The customer success initiative has exceeded all expectations! This is a fantastic success story for our company!",4,very positive
"The recent upgrade to our development tools has significantly sped up our code deployment process.",3,positive
"{Department} has shown complete negligence with the security breach. This is utterly unacceptable.",0,very negative
"This company's approach to professional development is utterly negligent. We're headed for disaster.",0,very negative
"Great job on the the system upgrade presentation yesterday. The client seemed really impressed.",3,positive
"The leadership's decision to cancel the project is brilliant. This is exactly what we needed - game changer!",4,very positive
"I'm looking for clarification on the process for {activity}. Can someone point me in the right direction?",2,neutral
"The response from Leadership regarding employee complaints was helpful and timely. Thank you.",3,positive
"The collaboration between Marketing and Finance on the client deliverable has been really productive.",3,positive
"I'm genuinely excited to come to work every day. The positive environment and great people make all the difference!",4,very positive
"The air conditioning on the 7th floor seems to be broken again, it's uncomfortably warm.",1,negative
"The team meeting yesterday was productive. Good discussions and clear action items.",3,positive
"Can someone confirm the deadline for report? I want to make sure I have the right date.",2,neutral
"The customer success initiative has exceeded all expectations! This is a fantastic success story for our company!",4,very positive
"{Department} has shown complete negligence with the budget overruns. This is utterly unacceptable.",0,very negative
"Can we move our {meeting} to after lunch? Let me know if this works for everyone.",2,neutral
"The team's dedication to sustainability is extraordinary. I'm honored to work alongside such passionate professionals!",4,very positive
"The hiring freeze decision is a total disaster waiting to happen. Someone will be responsible for this catastrophe.",0,very negative
"The air conditioning on the 3rd floor seems to be broken again, it's uncomfortably warm.",1,negative
"The software session was helpful. I learned several useful techniques.",3,positive
"The new break room microwave is a great addition. It's already making a positive difference.",3,positive
"Huge congratulations to the customer service on winning the industry award! This is an incredible milestone and I'm proud to be part of it!",4,very positive
"I've submitted a ticket about data privacy concerns weeks ago and still no response. This is frustrating.",1,negative
"The leadership's decision to reorganize departments is brilliant. This is exactly what we needed - game changer!",4,very positive
"The vacation approval process decision is a total disaster waiting to happen. Someone will be responsible for this catastrophe.",0,very negative
"How can anyone think cancel the project is acceptable? This is completely negligent and dangerous.",0,very negative
"The updated additional budget is much easier to use. Nice improvement!",3,positive
"I'm concerned about the delay in the system upgrade. We're falling behind schedule and it's stressful.",1,negative
"I'm requesting information about the hiring freeze for communication. Where can I find this?",2,neutral
"I'll be out of office on January 5-7. Please contact Alex for urgent matters.",2,neutral
"The security protocol decision is a total disaster waiting to happen. Someone will be responsible for this catastrophe.",0,very negative
"I'm genuinely excited to come to work every day. The positive environment and great people make all the difference!",4,very positive
"The support from Management has been absolutely wonderful. They go above and beyond every time!",4,very positive
"The phone system in the conference room B is malfunctioning again. Can this please be fixed soon?",1,negative
"The new water fountain is a great addition. It's already making a positive difference.",3,positive
"I am attaching the revised meeting notes from yesterday's team discussion for your review.",2,neutral
"{Department} has shown complete negligence with the budget overruns. This is utterly unacceptable.",0,very negative
"The HR portal will undergo maintenance on {date} from 3:30pm to morning.",2,neutral
"The Management's latest decision is catastrophic. We're going to fail because of this disaster.",0,very negative
"The elevator in {building} has been unreliable lately. Multiple service interruptions this week.",1,negative
"I'm concerned about the delay in the website redesign. We're falling behind schedule and it's stressful.",1,negative
"Great job on the the Q4 initiative presentation yesterday. The client seemed really impressed.",3,positive
"I love how we're encouraged to innovate and try new approaches. This is a truly special workplace!",4,very positive
"How can anyone think cut training budgets is acceptable? This is completely negligent and dangerous.",0,very negative
"The new remote work policy seems to be working well. It's simplified the procurement considerably.",3,positive
"I wanted to recognize the facilities team for their consistent dedication to the server migration. Great work!",3,positive
"{Department} has shown complete negligence with employee complaints. This is utterly unacceptable.",0,very negative
"The training session on employee wellbeing is scheduled for {date}. Registration is now open.",2,neutral
"I'm organizing {activity} and need to know who's interested in participating.",2,neutral
"The mentorship program has exceeded all expectations! This is a fantastic success story for our company!",4,very positive
"I love how we're encouraged to innovate and try new approaches. This is a truly special workplace!",4,very positive
"I've noticed the shower facility has been out of order for three days now. This is quite frustrating.",1,negative
"I'm frustrated with how long it takes to get approval for expense reimbursements. This is creating bottlenecks.",1,negative
"The decision to cut training budgets is disastrous. We're going to regret this catastrophe immensely.",0,very negative
"I'm requesting information about the remote work policy for professional development. Where can I find this?",2,neutral
"The WiFi connection in reception area keeps dropping. This is making it very difficult to work.",1,negative
"The expense reporting tool has been crashing repeatedly today. This is severely impacting productivity.",1,negative
"Thank you to IT department for addressing the employee complaints so promptly. Problem solved!",3,positive
"I'm requesting information about the vacation approval process for professional development. Where can I find this?",2,neutral
"I'm appalled at the complete failure to address the budget overruns. This is unacceptable negligence.",0,very negative
"The company culture here is outstanding. I feel so fortunate to work with such talented and supportive people!",4,very positive
"The decision to outsource critical functions is disastrous. We're going to regret this catastrophe immensely.",0,very negative
"I'm having ongoing issues with CRM. The support response has been slow.",1,negative
"{Department} has shown complete negligence with the budget overruns. This is utterly unacceptable.",0,very negative
"Working on the Q4 initiative has been the highlight of my career so far. What an amazing opportunity!",4,very positive
"The company's commitment to work-life balance is incredible and sets us apart. Proud to be here!",4,very positive
"The parking situation at conference room B is becoming increasingly problematic. Something needs to change.",1,negative
"I have a question about employee wellbeing. Is there documentation available?",2,neutral
"This company's approach to work-life balance is utterly negligent. We're headed for disaster.",0,very negative
"Thanks for organizing the training session. It was informative and well-structured.",3,positive
"I'm incredibly grateful for Maria's mentorship on the client deliverable. Their guidance has been transformational!",4,very positive
"I have a question about diversity and inclusion. Is there documentation available?",2,neutral
"I'm so excited about the direction we're heading with the system upgrade. The possibilities are endless!",4,very positive
"The elevator in {building} has been unreliable lately. Multiple service interruptions this week.",1,negative
"The {report} for Q3 is now available in the shared drive under Archive.",2,neutral
"The management team's cut training budgets is an absolute disgrace. This will destroy our key clients.",0,very negative
"Working on the system upgrade has been the highlight of my career so far. What an amazing opportunity!",4,very positive
"The team's effort on the client deliverable has been excellent. We're ahead of schedule!",3,positive
"The new security protocol is completely negligent and appalling. Someone needs to be held accountable.",0,very negative
"Management's decision to outsource critical functions is absolutely disastrous. This will guarantee we lose company reputation.",0,very negative
"I'm disgusted by how customer feedback has been handled. This is a joke and shows complete incompetence.",0,very negative
"This new email system is a complete joke. It guarantees we'll lose all our competitive advantage.",0,very negative
"The Finance team's latest decision is catastrophic. We're going to fail because of this disaster.",0,very negative
"The handling of data privacy concerns has been an utter disaster. Leadership has failed us completely.",0,very negative
"Management's decision to cut training budgets is absolutely disastrous. This will guarantee we lose competitive edge.",0,very negative
"I'm requesting information about the security protocol for communication. Where can I find this?",2,neutral
"Great job on the the Q4 initiative presentation yesterday. The client seemed really impressed.",3,positive
"I've noticed the shower facility has been out of order for three days now. This is quite frustrating.",1,negative
"I'm having ongoing issues with HR portal. The support response has been slow.",1,negative
"I'm appalled at the complete failure to address the budget overruns. This is unacceptable negligence.",0,very negative
"How can anyone think reorganize departments is acceptable? This is completely negligent and dangerous.",0,very negative
"The air conditioning on the 7th floor seems to be broken again, it's uncomfortably warm.",1,negative
"The elevator in {building} has been unreliable lately. Multiple service interruptions this week.",1,negative
"The response from IT department regarding employee complaints was helpful and timely. Thank you.",3,positive
"I am attaching the revised meeting notes from yesterday's team discussion for your review.",2,neutral
"The quarterly review yesterday was inspirational! I left feeling motivated and energized. Thank you to the organizers!",4,very positive
"I'm disappointed with the lack of response to my previous concerns about employee complaints.",1,negative
"The updated software license is much easier to use. Nice improvement!",3,positive
"The temperature in building C is consistently too cold. Many people have complained.",1,negative
"I'm happy to report that mentorship program has been successful. Good results so far.",3,positive
"The new water fountain is a great addition. It's already making a positive difference.",3,positive
"I'll be out of office on January 5-7. Please contact Alex for urgent matters.",2,neutral
"The {report} for September is now available in the shared drive under Archive.",2,neutral
"I appreciate Alex's help with training new hires. Their expertise was very valuable.",3,positive
"I'll be out of office on next Friday. Please contact Maria for urgent matters.",2,neutral
"I'd like to schedule a meeting to discuss career progression. What times work for everyone?",2,neutral
"The remote work policy decision is a total disaster waiting to happen. Someone will be responsible for this catastrophe.",0,very negative
"I'm appalled at the complete failure to address workplace safety. This is unacceptable negligence.",0,very negative
"The management team's reduce team headcount is an absolute disgrace. This will destroy our competitive edge.",0,very negative
"The noise level from the HVAC system is becoming a real problem. It's hard to concentrate.",1,negative
"The recent upgrade to our development tools has significantly sped up our code deployment process.",3,positive
"The technical session was helpful. I learned several useful techniques.",3,positive
"Can someone confirm the deadline for documentation? I want to make sure I have the right date.",2,neutral
"I'm disappointed with the lack of response to my previous concerns about the budget overruns.",1,negative
"I'm submitting my reimbursement form for training. Please confirm receipt.",2,neutral
"Please find attached the budget proposal from {date}. Let me know if you need anything else.",2,neutral
"The parking situation at the east wing is becoming increasingly problematic. Something needs to change.",1,negative
"The support from IT department has been absolutely wonderful. They go above and beyond every time!",4,very positive
"The new printer is working well. It's an upgrade from what we had before.",3,positive
"Great job on the the Q4 initiative presentation yesterday. The client seemed really impressed.",3,positive
"I'm appalled at the complete failure to address customer feedback. This is unacceptable negligence.",0,very negative
"The {software} keeps freezing during quality improvements. This is impacting my work significantly.",1,negative
"I've noticed the break room microwave has been out of order for three days now. This is quite frustrating.",1,negative
"I'm forwarding the email from nearby offices regarding communication for your information.",2,neutral
"The new strategy for professional development is an absolute disaster. We'll lose everything because of this.",0,very negative
"The workshop was phenomenal! Outstanding organization and such valuable content. Kudos to everyone involved!",4,very positive
"I've submitted a ticket about employee complaints weeks ago and still no response. This is frustrating.",1,negative
"This new timesheet software is a complete joke. It guarantees we'll lose all our competitive advantage.",0,very negative
"How can anyone think reduce team headcount is acceptable? This is completely negligent and dangerous.",0,very negative
"The huddle room booking system is confusing and unreliable. Very frustrating to use.",1,negative
"The customer success initiative has exceeded all expectations! This is a fantastic success story for our company!",4,very positive
"I'm satisfied with the progress on the client deliverable. We're moving in the right direction.",3,positive
"The collaboration between Engineering and Finance on the marketing campaign has been really productive.",3,positive
"Can someone confirm the deadline for documentation? I want to make sure I have the right date.",2,neutral
"I've submitted a ticket about employee complaints weeks ago and still no response. This is frustrating.",1,negative
"Management's decision to reorganize departments is absolutely disastrous. This will guarantee we lose top talent.",0,very negative
"I'm appalled at the complete failure to address workplace safety. This is unacceptable negligence.",0,very negative
"The response from IT department regarding the budget overruns was helpful and timely. Thank you.",3,positive
"I need to request team member support for the client deliverable. What's the approval process?",2,neutral
"The team's dedication to quality excellence is extraordinary. I'm honored to work alongside such passionate professionals!",4,very positive
"Working on the system upgrade has been the highlight of my career so far. What an amazing opportunity!",4,very positive
"Thank you to IT department for addressing the the budget overruns so promptly. Problem solved!",3,positive
"The new security protocol seems to be working well. It's simplified the time-off requests considerably.",3,positive
"I wanted to thank the customer service team for their quick response to the security breach. Much appreciated!",3,positive
"I have a question about employee wellbeing. Is there documentation available?",2,neutral
"The team meeting yesterday was productive. Good discussions and clear action items.",3,positive
"The new shower facility is a great addition. It's already making a positive difference.",3,positive
"The updated team member support is much easier to use. Nice improvement!",3,positive
"Great job on the the Q4 initiative presentation yesterday. The client seemed really impressed.",3,positive
"The support from Management has been absolutely wonderful. They go above and beyond every time!",4,very positive
"The timesheet software will undergo maintenance on {date} from 3:30pm to morning.",2,neutral
"I've noticed the kitchen sink has been out of order for three days now. This is quite frustrating.",1,negative
"The printer in conference room B constantly jams. This is wasting a lot of time.",1,negative
"The management team's outsource critical functions is an absolute disgrace. This will destroy our best employees.",0,very negative
"The recent upgrade to our development tools has significantly sped up our code deployment process.",3,positive
"The printer in reception area constantly jams. This is wasting a lot of time.",1,negative
"I'll be out of office on January 5-7. Please contact Sarah for urgent matters.",2,neutral
"The air conditioning on the 7th floor seems to be broken again, it's uncomfortably warm.",1,negative
"I'd like to schedule a meeting to discuss professional development. What times work for everyone?",2,neutral
"The email system has been crashing repeatedly today. This is severely impacting productivity.",1,negative
"I absolutely love the new break room microwave! It's amazing and shows how much the company values employees.",4,very positive
"I'm really pleased with how smoothly the training session went. Well done to everyone involved.",3,positive
"The next {meeting} is scheduled for Tuesday morning. The agenda will be sent tomorrow.",2,neutral
"I'm forwarding the email from the loading dock regarding professional development for your information.",2,neutral
"Could someone share the schedule for next week's workshop? I need to plan accordingly.",2,neutral
"This company's approach to employee wellbeing is utterly negligent. We're headed for disaster.",0,very negative
"The next {meeting} is scheduled for Friday afternoon. The agenda will be sent tomorrow.",2,neutral
"The collaboration between Design and Legal on the Q4 initiative has been really productive.",3,positive
"Great job on the the Q4 initiative presentation yesterday. The client seemed really impressed.",3,positive
"Thank you to Finance team for addressing the employee complaints so promptly. Problem solved!",3,positive
"The {software} keeps freezing during quality improvements. This is impacting my work significantly.",1,negative
"The elevator in {building} has been unreliable lately. Multiple service interruptions this week.",1,negative
"Working on the website redesign has been the highlight of my career so far. What an amazing opportunity!",4,very positive
"Working on the Q4 initiative has been the highlight of my career so far. What an amazing opportunity!",4,very positive
"The team meeting yesterday was productive. Good discussions and clear action items.",3,positive
"The CRM improvements have made a noticeable difference in efficiency. Thank you!",3,positive
"This company's approach to diversity and inclusion is utterly negligent. We're headed for disaster.",0,very negative
"Please review the updated budget proposal and provide feedback by {date}.",2,neutral
"I'm frustrated with how long it takes to get approval for travel booking. This is creating bottlenecks.",1,negative
"The HR department will be conducting {activity} next week. Please let me know if you have questions.",2,neutral
"The phone system in the conference room B is malfunctioning again. Can this please be fixed soon?",1,negative
"The support from Leadership has been absolutely wonderful. They go above and beyond every time!",4,very positive
"{Department} has shown complete negligence with data privacy concerns. This is utterly unacceptable.",0,very negative
"The air conditioning on the 5th floor seems to be broken again, it's uncomfortably warm.",1,negative
"I'm satisfied with the progress on the client deliverable. We're moving in the right direction.",3,positive
"I wanted to recognize the IT team for their consistent dedication to training new hires. Great work!",3,positive
"The hiring freeze decision is a total disaster waiting to happen. Someone will be responsible for this catastrophe.",0,very negative
"The new expense reimbursement system is completely negligent and appalling. Someone needs to be held accountable.",0,very negative
"The decision to reorganize departments is disastrous. We're going to regret this catastrophe immensely.",0,very negative
"Huge congratulations to the facilities on launching version 2.0! This is an incredible milestone and I'm proud to be part of it!",4,very positive
"I wanted to recognize the facilities team for their consistent dedication to the server migration. Great work!",3,positive
"I'm so excited about the direction we're heading with the website redesign. The possibilities are endless!",4,very positive
"I have a question about work-life balance. Is there documentation available?",2,neutral
"The HR department's latest decision is catastrophic. We're going to fail because of this disaster.",0,very negative
"The team's effort on the client deliverable has been excellent. We're ahead of schedule!",3,positive
"The new vacation approval process is completely negligent and appalling. Someone needs to be held accountable.",0,very negative
"The management team's implement the new policy is an absolute disgrace. This will destroy our key clients.",0,very negative
"I'm appalled at the complete failure to address customer feedback. This is unacceptable negligence.",0,very negative
"I appreciate Sarah's help with the server migration. Their expertise was very valuable.",3,positive
"The timesheet software has been crashing repeatedly today. This is severely impacting productivity.",1,negative
"Can someone confirm the deadline for proposal? I want to make sure I have the right date.",2,neutral
"Could someone share the schedule for next week's training session? I need to plan accordingly.",2,neutral
"The team's effort on the system upgrade has been excellent. We're ahead of schedule!",3,positive
"The leadership's decision to cancel the project is brilliant. This is exactly what we needed - game changer!",4,very positive
"I'm disappointed with the lack of response to my previous concerns about data privacy concerns.",1,negative
"I'm blown away by the quality of documentation. The team has done an absolutely stellar job!",4,very positive
"The new strategy for work-life balance is an absolute disaster. We'll lose everything because of this.",0,very negative
"How can anyone think cut training budgets is acceptable? This is completely negligent and dangerous.",0,very negative
"The decision to cancel the project is disastrous. We're going to regret this catastrophe immensely.",0,very negative
"I'm concerned about the delay in the Q4 initiative. We're falling behind schedule and it's stressful.",1,negative
"I'm so excited about the direction we're heading with the Q4 initiative. The possibilities are endless!",4,very positive
"The recent upgrade to our development tools has significantly sped up our code deployment process.",3,positive
"The support from Management has been absolutely wonderful. They go above and beyond every time!",4,very positive
"The next {meeting} is scheduled for Thursday. The agenda will be sent tomorrow.",2,neutral
"The new break room microwave is a great addition. It's already making a positive difference.",3,positive
"The company's commitment to diversity is incredible and sets us apart. Proud to be here!",4,very positive
"I'm disappointed with the lack of response to my previous concerns about data privacy concerns.",1,negative
"I am attaching the revised meeting notes from yesterday's team discussion for your review.",2,neutral
"The air conditioning on the 3rd floor seems to be broken again, it's uncomfortably warm.",1,negative
"The lunch options at the cafeteria have become quite limited. A bit disappointing.",1,negative
"The company's commitment to innovation is incredible and sets us apart. Proud to be here!",4,very positive
"Thanks for organizing the conference. It was informative and well-structured.",3,positive
"The team meeting yesterday was productive. Good discussions and clear action items.",3,positive
"The air conditioning on the 3rd floor seems to be broken again, it's uncomfortably warm.",1,negative
"The air conditioning on the 5th floor seems to be broken again, it's uncomfortably warm.",1,negative
"The Finance team's latest decision is catastrophic. We're going to fail because of this disaster.",0,very negative
"I need to request laptop for the Q4 initiative. What's the approval process?",2,neutral
"The team meeting yesterday was productive. Good discussions and clear action items.",3,positive
"I'm shocked by the appalling lack of consideration for employee wellbeing. This is negligent management.",0,very negative
"The {software} keeps freezing during quality improvements. This is impacting my work significantly.",1,negative
"The handling of the budget overruns has been an utter disaster. Leadership has failed us completely.",0,very negative
"The team's dedication to team development is extraordinary. I'm honored to work alongside such passionate professionals!",4,very positive
"Please find attached the project plan from {date}. Let me know if you need anything else.",2,neutral
"Please find attached the meeting minutes from {date}. Let me know if you need anything else.",2,neutral
"The email system has been crashing repeatedly today. This is severely impacting productivity.",1,negative
"I'm thrilled to be part of the customer service team. The innovation and energy here is truly inspiring!",4,very positive
"The next {meeting} is scheduled for Wednesday. The agenda will be sent tomorrow.",2,neutral
"The leadership's decision to cut training budgets is brilliant. This is exactly what we needed - game changer!",4,very positive
"This new timesheet software is a complete joke. It guarantees we'll lose all our competitive advantage.",0,very negative
"I'm blown away by the quality of presentation. The team has done an absolutely stellar job!",4,very positive
"This new expense reporting tool is a complete joke. It guarantees we'll lose all our competitive advantage.",0,very negative
"The decision to reorganize departments is disastrous. We're going to regret this catastrophe immensely.",0,very negative
"The elevator in {building} has been unreliable lately. Multiple service interruptions this week.",1,negative
"Could someone share the schedule for next week's quarterly review? I need to plan accordingly.",2,neutral
"The recent upgrade to our development tools has significantly sped up our code deployment process.",3,positive
"{Department} has shown complete negligence with data privacy concerns. This is utterly unacceptable.",0,very negative
"The team's effort on the Q4 initiative has been excellent. We're ahead of schedule!",3,positive
"The lunch options at the cafeteria have become quite limited. A bit disappointing.",1,negative
"The air conditioning on the 3rd floor seems to be broken again, it's uncomfortably warm.",1,negative
"I absolutely love the new bike storage! It's amazing and shows how much the company values employees.",4,very positive
"I appreciate John from Finance's help with quality improvements. Their expertise was very valuable.",3,positive
"I'm appalled at the complete failure to address customer feedback. This is unacceptable negligence.",0,very negative
"The elevator in {building} has been unreliable lately. Multiple service interruptions this week.",1,negative
"I wanted to thank the marketing team for their quick response to the security breach. Much appreciated!",3,positive
"The email system has been crashing repeatedly today. This is severely impacting productivity.",1,negative
"The recent upgrade to our development tools has significantly sped up our code deployment process.",3,positive
"The support from HR department has been absolutely wonderful. They go above and beyond every time!",4,very positive
"The printer in the the main office is malfunctioning again. Can this please be fixed soon?",1,negative
"I'm genuinely excited to come to work every day. The positive environment and great people make all the difference!",4,very positive
"I'm satisfied with the progress on the website redesign. We're moving in the right direction.",3,positive
"This new timesheet software is a complete joke. It guarantees we'll lose all our competitive advantage.",0,very negative
"The email system has been crashing repeatedly today. This is severely impacting productivity.",1,negative
"The new security protocol seems to be working well. It's simplified the expense reimbursements considerably.",3,positive
"I absolutely love the new water fountain! It's amazing and shows how much the company values employees.",4,very positive
"The team's dedication to team development is extraordinary. I'm honored to work alongside such passionate professionals!",4,very positive
"I'm incredibly grateful for Maria's mentorship on the website redesign. Their guidance has been transformational!",4,very positive
"Can someone confirm the deadline for documentation? I want to make sure I have the right date.",2,neutral
"Thank you to Operations for addressing the the security breach so promptly. Problem solved!",3,positive
"Please review the updated budget proposal and provide feedback by {date}.",2,neutral
"I'm disappointed with the lack of response to my previous concerns about workplace safety.",1,negative
"The printer in the east wing constantly jams. This is wasting a lot of time.",1,negative
"The team building activity was phenomenal! Outstanding organization and such valuable content. Kudos to everyone involved!",4,very positive
"The elevator in {building} has been unreliable lately. Multiple service interruptions this week.",1,negative
"I'd like to schedule a meeting to discuss employee wellbeing. What times work for everyone?",2,neutral
"The lighting in the main office is inadequate and causing eye strain. This needs attention.",1,negative
"Can we move our {meeting} to 2pm? Let me know if this works for everyone.",2,neutral
"I'm frustrated with how long it takes to get approval for expense reimbursements. This is creating bottlenecks.",1,negative
"I'm having ongoing issues with email system. The support response has been slow.",1,negative
"Please find attached the project plan from {date}. Let me know if you need anything else.",2,neutral
"The response from IT department regarding workplace safety was helpful and timely. Thank you.",3,positive
"I'm forwarding the email from nearby offices regarding professional development for your information.",2,neutral
"The new security protocol seems to be working well. It's simplified the procurement considerably.",3,positive
"The printer in the reception area is malfunctioning again. Can this please be fixed soon?",1,negative
"How can anyone think cut training budgets is acceptable? This is completely negligent and dangerous.",0,very negative
"I'm so excited about the direction we're heading with the marketing campaign. The possibilities are endless!",4,very positive
"Management's decision to outsource critical functions is absolutely disastrous. This will guarantee we lose market position.",0,very negative
"Can someone confirm the deadline for project submission? I want to make sure I have the right date.",2,neutral
"The timesheet software will undergo maintenance on {date} from 2pm to 3:30pm.",2,neutral
"Working on the system upgrade has been the highlight of my career so far. What an amazing opportunity!",4,very positive
"The team's effort on the client deliverable has been excellent. We're ahead of schedule!",3,positive
"The training session on professional development is scheduled for {date}. Registration is now open.",2,neutral
"I'm really pleased with how smoothly the workshop went. Well done to everyone involved.",3,positive
"The printer in reception area constantly jams. This is wasting a lot of time.",1,negative
"I've noticed the break room microwave has been out of order for three days now. This is quite frustrating.",1,negative
"The collaboration between Marketing and Operations on the Q4 initiative has been really productive.",3,positive
"I have a question about career progression. Is there documentation available?",2,neutral
"The team's effort on the marketing campaign has been excellent. We're ahead of schedule!",3,positive
"The noise level from the HVAC system is becoming a real problem. It's hard to concentrate.",1,negative
"The new vacation approval process seems to be working well. It's simplified the procurement considerably.",3,positive
"The management team's reorganize departments is an absolute disgrace. This will destroy our top talent.",0,very negative
"The new vacation approval process is completely negligent and appalling. Someone needs to be held accountable.",0,very negative
"I'm really pleased with how smoothly the town hall went. Well done to everyone involved.",3,positive
"The workshop yesterday was inspirational! I left feeling motivated and energized. Thank you to the organizers!",4,very positive
"Thanks for organizing the conference. It was informative and well-structured.",3,positive
"I appreciate John from Finance's help with training new hires. Their expertise was very valuable.",3,positive
"I'm looking for clarification on the process for {activity}. Can someone point me in the right direction?",2,neutral
"I'm really pleased with how smoothly the town hall went. Well done to everyone involved.",3,positive
"Can someone confirm the deadline for documentation? I want to make sure I have the right date.",2,neutral
"I'm requesting information about the remote work policy for career progression. Where can I find this?",2,neutral
"I'm really pleased with how smoothly the town hall went. Well done to everyone involved.",3,positive
"This company's approach to work-life balance is utterly negligent. We're headed for disaster.",0,very negative
"Can someone confirm the deadline for presentation? I want to make sure I have the right date.",2,neutral
"How can anyone think cancel the project is acceptable? This is completely negligent and dangerous.",0,very negative
"I'm having ongoing issues with CRM. The support response has been slow.",1,negative
"The new expense reimbursement system is completely negligent and appalling. Someone needs to be held accountable.",0,very negative
"I'm incredibly grateful for the facilities team's mentorship on the client deliverable. Their guidance has been transformational!",4,very positive
"The lighting in the main office is inadequate and causing eye strain. This needs attention.",1,negative
"I'm looking for clarification on the process for {activity}. Can someone point me in the right direction?",2,neutral
"The company's commitment to work-life balance is incredible and sets us apart. Proud to be here!",4,very positive
"The new whiteboard is working well. It's an upgrade from what we had before.",3,positive
"The Operations will be conducting {activity} next week. Please let me know if you have questions.",2,neutral
"The printer in the main office constantly jams. This is wasting a lot of time.",1,negative
"The IT department will be conducting {activity} next week. Please let me know if you have questions.",2,neutral
"I absolutely love the new kitchen sink! It's amazing and shows how much the company values employees.",4,very positive
"The training session on communication is scheduled for {date}. Registration is now open.",2,neutral
"Thanks for organizing the training session. It was informative and well-structured.",3,positive
"The recent upgrade to our development tools has significantly sped up our code deployment process.",3,positive
"This new project management system is a complete joke. It guarantees we'll lose all our competitive advantage.",0,very negative
"I appreciate John from Finance's help with training new hires. Their expertise was very valuable.",3,positive
"The decision to outsource critical functions is disastrous. We're going to regret this catastrophe immensely.",0,very negative
"The {software} keeps freezing during the server migration. This is impacting my work significantly.",1,negative
"I've submitted a ticket about the budget overruns weeks ago and still no response. This is frustrating.",1,negative
"The next {meeting} is scheduled for Wednesday. The agenda will be sent tomorrow.",2,neutral
"This company's approach to work-life balance is utterly negligent. We're headed for disaster.",0,very negative
"Management's decision to reorganize departments is absolutely disastrous. This will guarantee we lose competitive edge.",0,very negative
"The temperature in building C is consistently too cold. Many people have complained.",1,negative
"The temperature in reception area is consistently too cold. Many people have complained.",1,negative
"The handling of the budget overruns has been an utter disaster. Leadership has failed us completely.",0,very negative
"The air conditioning on the 3rd floor seems to be broken again, it's uncomfortably warm.",1,negative
"I'm forwarding the email from nearby offices regarding work-life balance for your information.",2,neutral
"The company's commitment to work-life balance is incredible and sets us apart. Proud to be here!",4,very positive
"The customer success initiative has exceeded all expectations! This is a fantastic success story for our company!",4,very positive
"The parking situation at open workspace is becoming increasingly problematic. Something needs to change.",1,negative
"I'm disappointed with the lack of response to my previous concerns about employee complaints.",1,negative
"I'm satisfied with the progress on the website redesign. We're moving in the right direction.",3,positive
"Thank you to Leadership for addressing the workplace safety so promptly. Problem solved!",3,positive
"The noise level from the loading dock is becoming a real problem. It's hard to concentrate.",1,negative
"I appreciate John from Finance's help with the server migration. Their expertise was very valuable.",3,positive
"I'm disgusted by how the budget overruns has been handled. This is a joke and shows complete incompetence.",0,very negative
"I love how we're encouraged to innovate and try new approaches. This is a truly special workplace!",4,very positive
"Great job on the the marketing campaign presentation yesterday. The client seemed really impressed.",3,positive
"I'm having ongoing issues with expense reporting tool. The support response has been slow.",1,negative
"I've submitted a ticket about data privacy concerns weeks ago and still no response. This is frustrating.",1,negative
"The vacation approval process decision is a total disaster waiting to happen. Someone will be responsible for this catastrophe.",0,very negative
"I'm extremely impressed by John from Finance's work on the client deliverable. Absolutely exceptional performance!",4,very positive
"I'm requesting information about the vacation approval process for diversity and inclusion. Where can I find this?",2,neutral
"I appreciate the IT team's help with training new hires. Their expertise was very valuable.",3,positive
"I'm submitting my reimbursement form for team event. Please confirm receipt.",2,neutral
"The company's commitment to work-life balance is incredible and sets us apart. Proud to be here!",4,very positive
"The air conditioning on the 3rd floor seems to be broken again, it's uncomfortably warm.",1,negative
"I absolutely love the new kitchen sink! It's amazing and shows how much the company values employees.",4,very positive
"The updated team member support is much easier to use. Nice improvement!",3,positive
"The new hiring freeze is completely negligent and appalling. Someone needs to be held accountable.",0,very negative
"The new printer is working well. It's an upgrade from what we had before.",3,positive
"I'm blown away by the quality of documentation. The team has done an absolutely stellar job!",4,very positive
"Working with this team is an absolute pleasure; the level of collaboration and support is the best I've ever experienced.",4,very positive
"I'm genuinely excited to come to work every day. The positive environment and great people make all the difference!",4,very positive
"The training session yesterday was inspirational! I left feeling motivated and energized. Thank you to the organizers!",4,very positive
"Working on the system upgrade has been the highlight of my career so far. What an amazing opportunity!",4,very positive
"The next {meeting} is scheduled for Tuesday morning. The agenda will be sent tomorrow.",2,neutral
"I'm thrilled to be part of the marketing team. The innovation and energy here is truly inspiring!",4,very positive
"I'm satisfied with the progress on the Q4 initiative. We're moving in the right direction.",3,positive
"The updated meeting room access is much easier to use. Nice improvement!",3,positive
"The temperature in building C is consistently too cold. Many people have complained.",1,negative
"The noise level from the loading dock is becoming a real problem. It's hard to concentrate.",1,negative
"The parking situation at building C is becoming increasingly problematic. Something needs to change.",1,negative
"The leadership session was helpful. I learned several useful techniques.",3,positive
"The leadership session was helpful. I learned several useful techniques.",3,positive
"I'm frustrated with how long it takes to get approval for equipment requests. This is creating bottlenecks.",1,negative
"I'm submitting my equipment request for client meeting. Please confirm receipt.",2,neutral
"The new strategy for communication is an absolute disaster. We'll lose everything because of this.",0,very negative
"The air conditioning on the 7th floor seems to be broken again, it's uncomfortably warm.",1,negative
"I'm incredibly grateful for Maria's mentorship on the client deliverable. Their guidance has been transformational!",4,very positive
"The hiring freeze decision is a total disaster waiting to happen. Someone will be responsible for this catastrophe.",0,very negative
"The next {meeting} is scheduled for Thursday. The agenda will be sent tomorrow.",2,neutral
"The new remote work policy seems to be working well. It's simplified the expense reimbursements considerably.",3,positive
"I'm incredibly grateful for John from Finance's mentorship on the website redesign. Their guidance has been transformational!",4,very positive
"The support from IT department has been absolutely wonderful. They go above and beyond every time!",4,very positive
"I need to request meeting room access for the Q4 initiative. What's the approval process?",2,neutral
"This new expense reporting tool is a complete joke. It guarantees we'll lose all our competitive advantage.",0,very negative
"The town hall yesterday was inspirational! I left feeling motivated and energized. Thank you to the organizers!",4,very positive
"The printer in reception area constantly jams. This is wasting a lot of time.",1,negative
"The {software} keeps freezing during the server migration. This is impacting my work significantly.",1,negative
"The support from Operations has been absolutely wonderful. They go above and beyond every time!",4,very positive
"The recent upgrade to our development tools has significantly sped up our code deployment process.",3,positive
"The lunch options at the cafeteria have become quite limited. A bit disappointing.",1,negative
"The customer success initiative has exceeded all expectations! This is a fantastic success story for our company!",4,very positive
"The response from Leadership regarding data privacy concerns was helpful and timely. Thank you.",3,positive
"The temperature in the main office is consistently too cold. Many people have complained.",1,negative
"Management's decision to reorganize departments is absolutely disastrous. This will guarantee we lose company reputation.",0,very negative
"The response from Management regarding customer feedback was helpful and timely. Thank you.",3,positive
"I'm organizing {activity} and need to know who's interested in participating.",2,neutral
"Working on the Q4 initiative has been the highlight of my career so far. What an amazing opportunity!",4,very positive
"The support from HR department has been absolutely wonderful. They go above and beyond every time!",4,very positive
"I'm disappointed with the lack of response to my previous concerns about workplace safety.",1,negative
"I'm disgusted by how customer feedback has been handled. This is a joke and shows complete incompetence.",0,very negative
"I absolutely love the new break room microwave! It's amazing and shows how much the company values employees.",4,very positive
"The company culture here is outstanding. I feel so fortunate to work with such talented and supportive people!",4,very positive
"The handling of customer feedback has been an utter disaster. Leadership has failed us completely.",0,very negative
"This company's approach to career progression is utterly negligent. We're headed for disaster.",0,very negative
"I'm requesting information about the expense reimbursement system for employee wellbeing. Where can I find this?",2,neutral
"I'm happy to report that customer success initiative has been successful. Good results so far.",3,positive
"The company culture here is outstanding. I feel so fortunate to work with such talented and supportive people!",4,very positive
"Working on the system upgrade has been the highlight of my career so far. What an amazing opportunity!",4,very positive
"I'm requesting information about the hiring freeze for work-life balance. Where can I find this?",2,neutral
"The air conditioning on the 5th floor seems to be broken again, it's uncomfortably warm.",1,negative
"The new printer is working well. It's an upgrade from what we had before.",3,positive
"The response from Leadership regarding customer feedback was helpful and timely. Thank you.",3,positive
"I'm really pleased with how smoothly the team building activity went. Well done to everyone involved.",3,positive
"The {report} for this week is now available in the shared drive under Team Files.",2,neutral
"Working with this team is an absolute pleasure; the level of collaboration and support is the best I've ever experienced.",4,very positive
"The conference room booking system is confusing and unreliable. Very frustrating to use.",1,negative
"I love how we're encouraged to innovate and try new approaches. This is a truly special workplace!",4,very positive
"The company culture here is outstanding. I feel so fortunate to work with such talented and supportive people!",4,very positive
"The management team's reorganize departments is an absolute disgrace. This will destroy our market position.",0,very negative
"I'm extremely impressed by John from Finance's work on the system upgrade. Absolutely exceptional performance!",4,very positive
"I'm disappointed with the lack of response to my previous concerns about workplace safety.",1,negative
"The management team's outsource critical functions is an absolute disgrace. This will destroy our best employees.",0,very negative
"The leadership's decision to implement the new policy is brilliant. This is exactly what we needed - game changer!",4,very positive
"I'll be out of office on Dec 15-17. Please contact Maria for urgent matters.",2,neutral
"I'm really pleased with how smoothly the town hall went. Well done to everyone involved.",3,positive
"The software session was helpful. I learned several useful techniques.",3,positive
"I am attaching the revised meeting notes from yesterday's team discussion for your review.",2,neutral
"The lighting in building C is inadequate and causing eye strain. This needs attention.",1,negative
"I'd like to schedule a meeting to discuss diversity and inclusion. What times work for everyone?",2,neutral
"The training session on professional development is scheduled for {date}. Registration is now open.",2,neutral
"I'm genuinely excited to come to work every day. The positive environment and great people make all the difference!",4,very positive
"I'm looking for clarification on the process for {activity}. Can someone point me in the right direction?",2,neutral
"The response from Management regarding workplace safety was helpful and timely. Thank you.",3,positive
"I'm happy to report that customer success initiative has been successful. Good results so far.",3,positive
"The scanner in the reception area is malfunctioning again. Can this please be fixed soon?",1,negative
"The training session on work-life balance is scheduled for {date}. Registration is now open.",2,neutral
"The {software} keeps freezing during the server migration. This is impacting my work significantly.",1,negative
"Please find attached the budget proposal from {date}. Let me know if you need anything else.",2,neutral
"The video conferencing system in the building C is malfunctioning again. Can this please be fixed soon?",1,negative
"I'm shocked by the appalling lack of consideration for professional development. This is negligent management.",0,very negative
"The training session on employee wellbeing is scheduled for {date}. Registration is now open.",2,neutral
"The expense reporting tool has been crashing repeatedly today. This is severely impacting productivity.",1,negative
"The expense reporting tool has been crashing repeatedly today. This is severely impacting productivity.",1,negative
"The printer in reception area constantly jams. This is wasting a lot of time.",1,negative
"The {software} keeps freezing during the server migration. This is impacting my work significantly.",1,negative
"The WiFi connection in the east wing keeps dropping. This is making it very difficult to work.",1,negative
"I'm extremely impressed by the IT team's work on the Q4 initiative. Absolutely exceptional performance!",4,very positive
"I'm appalled at the complete failure to address data privacy concerns. This is unacceptable negligence.",0,very negative
"I'll be out of office on Dec 15-17. Please contact the facilities team for urgent matters.",2,neutral
"The training session on career progression is scheduled for {date}. Registration is now open.",2,neutral
"The recent upgrade to our development tools has significantly sped up our code deployment process.",3,positive
"The technical session was helpful. I learned several useful techniques.",3,positive
"The new remote work policy is completely negligent and appalling. Someone needs to be held accountable.",0,very negative
"I'm shocked by the appalling lack of consideration for professional development. This is negligent management.",0,very negative
"The response from Leadership regarding the security breach was helpful and timely. Thank you.",3,positive
"The collaboration across departments on the client deliverable has been phenomenal. Best teamwork I've seen!",4,very positive
"The printer in the east wing constantly jams. This is wasting a lot of time.",1,negative
"The new security protocol is completely negligent and appalling. Someone needs to be held accountable.",0,very negative
"Thanks for organizing the training session. It was informative and well-structured.",3,positive
"Huge congratulations to the development on launching version 2.0! This is an incredible milestone and I'm proud to be part of it!",4,very positive
"The new hiring freeze seems to be working well. It's simplified the procurement considerably.",3,positive
"I have a question about diversity and inclusion. Is there documentation available?",2,neutral
"Thank you to HR department for addressing the the budget overruns so promptly. Problem solved!",3,positive
"I'm blown away by the quality of presentation. The team has done an absolutely stellar job!",4,very positive
"The noise level from the loading dock is becoming a real problem. It's hard to concentrate.",1,negative
"The WiFi connection in conference room B keeps dropping. This is making it very difficult to work.",1,negative
"The coffee machine on 2nd floor has been broken for days. Can maintenance look at this?",1,negative
"Could someone share the schedule for next week's town hall? I need to plan accordingly.",2,neutral
"Please review the updated status update and provide feedback by {date}.",2,neutral
"The recent upgrade to our development tools has significantly sped up our code deployment process.",3,positive
"The coffee machine on 5th floor has been broken for days. Can maintenance look at this?",1,negative
"The expense reimbursement system decision is a total disaster waiting to happen. Someone will be responsible for this catastrophe.",0,very negative
"The support from HR department has been absolutely wonderful. They go above and beyond every time!",4,very positive
"The support from HR department has been absolutely wonderful. They go above and beyond every time!",4,very positive
"Huge congratulations to the customer service on reaching 1M users! This is an incredible milestone and I'm proud to be part of it!",4,very positive
"The innovation lab has exceeded all expectations! This is a fantastic success story for our company!",4,very positive
"I absolutely love the new water fountain! It's amazing and shows how much the company values employees.",4,very positive
"I'm incredibly grateful for Alex's mentorship on the client deliverable. Their guidance has been transformational!",4,very positive
"I'm submitting my equipment request for the conference. Please confirm receipt.",2,neutral
"The temperature in conference room B is consistently too cold. Many people have complained.",1,negative
"The WiFi connection in reception area keeps dropping. This is making it very difficult to work.",1,negative
"The new phone system is working well. It's an upgrade from what we had before.",3,positive
"Can someone confirm the deadline for project submission? I want to make sure I have the right date.",2,neutral
"Please review the updated status update and provide feedback by {date}.",2,neutral
"The quarterly review was phenomenal! Outstanding organization and such valuable content. Kudos to everyone involved!",4,very positive
"The conference was phenomenal! Outstanding organization and such valuable content. Kudos to everyone involved!",4,very positive
"I'm really pleased with how smoothly the team building activity went. Well done to everyone involved.",3,positive
"I have a question about communication. Is there documentation available?",2,neutral
"Working on the client deliverable has been the highlight of my career so far. What an amazing opportunity!",4,very positive
"I've submitted a ticket about the budget overruns weeks ago and still no response. This is frustrating.",1,negative
"Huge congratulations to the development on reaching 1M users! This is an incredible milestone and I'm proud to be part of it!",4,very positive
"I'm blown away by the quality of documentation. The team has done an absolutely stellar job!",4,very positive
"The new strategy for professional development is an absolute disaster. We'll lose everything because of this.",0,very negative
"The team's dedication to innovation is extraordinary. I'm honored to work alongside such passionate professionals!",4,very positive
"Huge congratulations to the facilities on launching version 2.0! This is an incredible milestone and I'm proud to be part of it!",4,very positive
"I'm satisfied with the progress on the client deliverable. We're moving in the right direction.",3,positive
"Could someone share the schedule for next week's team building activity? I need to plan accordingly.",2,neutral
"The new hiring freeze is completely negligent and appalling. Someone needs to be held accountable.",0,very negative
"Could someone share the schedule for next week's team building activity? I need to plan accordingly.",2,neutral
"The new projector is working well. It's an upgrade from what we had before.",3,positive
"The new remote work policy is completely negligent and appalling. Someone needs to be held accountable.",0,very negative
"Management's decision to cut training budgets is absolutely disastrous. This will guarantee we lose best employees.",0,very negative
"The air conditioning on the 2nd floor seems to be broken again, it's uncomfortably warm.",1,negative
"How can anyone think cancel the project is acceptable? This is completely negligent and dangerous.",0,very negative
"Please review the updated budget proposal and provide feedback by {date}.",2,neutral
"I'm forwarding the email from nearby offices regarding work-life balance for your information.",2,neutral
"The decision to cut training budgets is disastrous. We're going to regret this catastrophe immensely.",0,very negative
"The lunch options at the cafeteria have become quite limited. A bit disappointing.",1,negative
"I wanted to thank the facilities team for their quick response to the security breach. Much appreciated!",3,positive
"The printer in conference room B constantly jams. This is wasting a lot of time.",1,negative
"I'm disappointed with the lack of response to my previous concerns about the security breach.",1,negative
"How can anyone think reduce team headcount is acceptable? This is completely negligent and dangerous.",0,very negative
"I'm satisfied with the progress on the Q4 initiative. We're moving in the right direction.",3,positive
"The lighting in conference room B is inadequate and causing eye strain. This needs attention.",1,negative
"The decision to reduce team headcount is disastrous. We're going to regret this catastrophe immensely.",0,very negative
"The lunch options at the cafeteria have become quite limited. A bit disappointing.",1,negative
"The company culture here is outstanding. I feel so fortunate to work with such talented and supportive people!",4,very positive
"The sustainability program has exceeded all expectations! This is a fantastic success story for our company!",4,very positive
"The temperature in building C is consistently too cold. Many people have complained.",1,negative
"How can anyone think reorganize departments is acceptable? This is completely negligent and dangerous.",0,very negative
"I'm appalled at the complete failure to address employee complaints. This is unacceptable negligence.",0,very negative
"Please review the updated status update and provide feedback by {date}.",2,neutral
"The recent upgrade to our development tools has significantly sped up our code deployment process.",3,positive
"I'm looking for clarification on the process for {activity}. Can someone point me in the right direction?",2,neutral
"Huge congratulations to the HR on launching version 2.0! This is an incredible milestone and I'm proud to be part of it!",4,very positive
"Thanks for organizing the quarterly review. It was informative and well-structured.",3,positive
"I'm frustrated with how long it takes to get approval for procurement. This is creating bottlenecks.",1,negative
"I've noticed the shower facility has been out of order for three days now. This is quite frustrating.",1,negative
"The company culture here is outstanding. I feel so fortunate to work with such talented and supportive people!",4,very positive
"The leadership session was helpful. I learned several useful techniques.",3,positive
"I appreciate Sarah's help with resolving the issue. Their expertise was very valuable.",3,positive
"The printer in reception area constantly jams. This is wasting a lot of time.",1,negative
"Great job on the the client deliverable presentation yesterday. The client seemed really impressed.",3,positive
"I've noticed the bike storage has been out of order for three days now. This is quite frustrating.",1,negative
"The company culture here is outstanding. I feel so fortunate to work with such talented and supportive people!",4,very positive
"Management's decision to cancel the project is absolutely disastrous. This will guarantee we lose market position.",0,very negative
"I'm satisfied with the progress on the website redesign. We're moving in the right direction.",3,positive
"The collaboration across departments on the marketing campaign has been phenomenal. Best teamwork I've seen!",4,very positive
"The training session on diversity and inclusion is scheduled for {date}. Registration is now open.",2,neutral
"The decision to cancel the project is disastrous. We're going to regret this catastrophe immensely.",0,very negative
"Management's decision to cut training budgets is absolutely disastrous. This will guarantee we lose key clients.",0,very negative
"I love how we're encouraged to innovate and try new approaches. This is a truly special workplace!",4,very positive
"The Leadership's latest decision is catastrophic. We're going to fail because of this disaster.",0,very negative
"The coffee machine on 5th floor has been broken for days. Can maintenance look at this?",1,negative
"The huddle room booking system is confusing and unreliable. Very frustrating to use.",1,negative
"The video conferencing system in the building C is malfunctioning again. Can this please be fixed soon?",1,negative
"This company's approach to communication is utterly negligent. We're headed for disaster.",0,very negative
"I'm concerned about the delay in the marketing campaign. We're falling behind schedule and it's stressful.",1,negative
"I'm thrilled to be part of the IT team. The innovation and energy here is truly inspiring!",4,very positive
"Working on the website redesign has been the highlight of my career so far. What an amazing opportunity!",4,very positive
"{Department} has shown complete negligence with customer feedback. This is utterly unacceptable.",0,very negative
"Could someone share the schedule for next week's training session? I need to plan accordingly.",2,neutral
"Great job on the the marketing campaign presentation yesterday. The client seemed really impressed.",3,positive
"I'm happy to report that mentorship program has been successful. Good results so far.",3,positive
"The air conditioning on the 4th floor seems to be broken again, it's uncomfortably warm.",1,negative
"The support from Management has been absolutely wonderful. They go above and beyond every time!",4,very positive
"The team's dedication to quality excellence is extraordinary. I'm honored to work alongside such passionate professionals!",4,very positive
"The company's commitment to work-life balance is incredible and sets us apart. Proud to be here!",4,very positive
"Working on the website redesign has been the highlight of my career so far. What an amazing opportunity!",4,very positive
"The recent upgrade to our development tools has significantly sped up our code deployment process.",3,positive
"The quarterly review was phenomenal! Outstanding organization and such valuable content. Kudos to everyone involved!",4,very positive
"The whiteboard in the the east wing is malfunctioning again. Can this please be fixed soon?",1,negative
"The leadership's decision to reorganize departments is brilliant. This is exactly what we needed - game changer!",4,very positive
"The innovation lab has exceeded all expectations! This is a fantastic success story for our company!",4,very positive
"The company's commitment to employee development is incredible and sets us apart. Proud to be here!",4,very positive
"I need to request software license for the system upgrade. What's the approval process?",2,neutral
"The management team's reduce team headcount is an absolute disgrace. This will destroy our top talent.",0,very negative
"Working with this team is an absolute pleasure; the level of collaboration and support is the best I've ever experienced.",4,very positive
"The elevator in {building} has been unreliable lately. Multiple service interruptions this week.",1,negative
"The handling of data privacy concerns has been an utter disaster. Leadership has failed us completely.",0,very negative
"I'm requesting information about the remote work policy for communication. Where can I find this?",2,neutral
"The training session yesterday was inspirational! I left feeling motivated and energized. Thank you to the organizers!",4,very positive
"I have a question about employee wellbeing. Is there documentation available?",2,neutral
"I appreciate John from Finance's help with training new hires. Their expertise was very valuable.",3,positive
"The collaboration space booking system is confusing and unreliable. Very frustrating to use.",1,negative
"The management team's cut training budgets is an absolute disgrace. This will destroy our top talent.",0,very negative
"The collaboration across departments on the website redesign has been phenomenal. Best teamwork I've seen!",4,very positive
"Please review the updated project plan and provide feedback by {date}.",2,neutral
"The new strategy for work-life balance is an absolute disaster. We'll lose everything because of this.",0,very negative
"The WiFi connection in reception area keeps dropping. This is making it very difficult to work.",1,negative
"I'm looking for clarification on the process for {activity}. Can someone point me in the right direction?",2,neutral
"I'm having ongoing issues with expense reporting tool. The support response has been slow.",1,negative
"The {report} for Q3 is now available in the shared drive under Shared Documents.",2,neutral
"Huge congratulations to the HR on landing the new client! This is an incredible milestone and I'm proud to be part of it!",4,very positive
"The printer in reception area constantly jams. This is wasting a lot of time.",1,negative
"The {report} for this week is now available in the shared drive under Projects.",2,neutral
"Working on the marketing campaign has been the highlight of my career so far. What an amazing opportunity!",4,very positive
"Could someone share the schedule for next week's team building activity? I need to plan accordingly.",2,neutral
"The team's effort on the marketing campaign has been excellent. We're ahead of schedule!",3,positive
"The town hall yesterday was inspirational! I left feeling motivated and energized. Thank you to the organizers!",4,very positive
"The expense reimbursement system decision is a total disaster waiting to happen. Someone will be responsible for this catastrophe.",0,very negative
"I'm frustrated with how long it takes to get approval for expense reimbursements. This is creating bottlenecks.",1,negative
"I'm genuinely excited to come to work every day. The positive environment and great people make all the difference!",4,very positive
"I'm shocked by the appalling lack of consideration for diversity and inclusion. This is negligent management.",0,very negative
"I need to request software license for the marketing campaign. What's the approval process?",2,neutral
"The printer in conference room B constantly jams. This is wasting a lot of time.",1,negative
"Thanks for organizing the training session. It was informative and well-structured.",3,positive
"I'm requesting information about the security protocol for communication. Where can I find this?",2,neutral
"The training session was phenomenal! Outstanding organization and such valuable content. Kudos to everyone involved!",4,very positive
"Please review the updated quarterly report and provide feedback by {date}.",2,neutral
"This new CRM is a complete joke. It guarantees we'll lose all our competitive advantage.",0,very negative
"The company's commitment to sustainability is incredible and sets us apart. Proud to be here!",4,very positive
"I've submitted a ticket about the security breach weeks ago and still no response. This is frustrating.",1,negative
"I'm forwarding the email from kitchen area regarding employee wellbeing for your information.",2,neutral
"The leadership session was helpful. I learned several useful techniques.",3,positive
"I'm thrilled to be part of the development team. The innovation and energy here is truly inspiring!",4,very positive
"The new expense reimbursement system seems to be working well. It's simplified the expense reimbursements considerably.",3,positive
"The HR portal improvements have made a noticeable difference in efficiency. Thank you!",3,positive
"The collaboration across departments on the client deliverable has been phenomenal. Best teamwork I've seen!",4,very positive
"The management team's reorganize departments is an absolute disgrace. This will destroy our company reputation.",0,very negative
"The response from HR department regarding employee complaints was helpful and timely. Thank you.",3,positive
"The air conditioning on the 6th floor seems to be broken again, it's uncomfortably warm.",1,negative
"Can we move our {meeting} to 2pm? Let me know if this works for everyone.",2,neutral
"Thank you to Management for addressing the data privacy concerns so promptly. Problem solved!",3,positive
"The lighting in the main office is inadequate and causing eye strain. This needs attention.",1,negative
"Thanks for organizing the quarterly review. It was informative and well-structured.",3,positive
"The next {meeting} is scheduled for Thursday. The agenda will be sent tomorrow.",2,neutral
"The CRM has been crashing repeatedly today. This is severely impacting productivity.",1,negative
"I need to request meeting room access for the system upgrade. What's the approval process?",2,neutral
"The team meeting yesterday was productive. Good discussions and clear action items.",3,positive
"Working with this team is an absolute pleasure; the level of collaboration and support is the best I've ever experienced.",4,very positive
"I appreciate the facilities team's help with quality improvements. Their expertise was very valuable.",3,positive
"The leadership's decision to implement the new policy is brilliant. This is exactly what we needed - game changer!",4,very positive
"I've submitted a ticket about data privacy concerns weeks ago and still no response. This is frustrating.",1,negative
"Great job on the the system upgrade presentation yesterday. The client seemed really impressed.",3,positive
"I have a question about diversity and inclusion. Is there documentation available?",2,neutral
"The new printer is working well. It's an upgrade from what we had before.",3,positive
"I appreciate John from Finance's help with the server migration. Their expertise was very valuable.",3,positive
"I'm satisfied with the progress on the marketing campaign. We're moving in the right direction.",3,positive
"The new strategy for employee wellbeing is an absolute disaster. We'll lose everything because of this.",0,very negative
"I love how we're encouraged to innovate and try new approaches. This is a truly special workplace!",4,very positive
"I'm submitting my expense report for project work. Please confirm receipt.",2,neutral
"I'm blown away by the quality of presentation. The team has done an absolutely stellar job!",4,very positive
"The management team's reorganize departments is an absolute disgrace. This will destroy our company reputation.",0,very negative
"Thanks for organizing the conference. It was informative and well-structured.",3,positive
"The {software} keeps freezing during training new hires. This is impacting my work significantly.",1,negative
"How can anyone think outsource critical functions is acceptable? This is completely negligent and dangerous.",0,very negative
"I'm disappointed with the lack of response to my previous concerns about employee complaints.",1,negative
"Can someone confirm the deadline for project submission? I want to make sure I have the right date.",2,neutral
"The parking situation at the east wing is becoming increasingly problematic. Something needs to change.",1,negative
"The training session on professional development is scheduled for {date}. Registration is now open.",2,neutral
"Please review the updated project plan and provide feedback by {date}.",2,neutral
"The support from Finance team has been absolutely wonderful. They go above and beyond every time!",4,very positive
"Management's decision to reduce team headcount is absolutely disastrous. This will guarantee we lose competitive edge.",0,very negative
"I'm appalled at the complete failure to address the budget overruns. This is unacceptable negligence.",0,very negative
"The HR portal will undergo maintenance on {date} from 2pm to 3:30pm.",2,neutral
"Working with this team is an absolute pleasure; the level of collaboration and support is the best I've ever experienced.",4,very positive
"I'm having ongoing issues with HR portal. The support response has been slow.",1,negative
"I've submitted a ticket about employee complaints weeks ago and still no response. This is frustrating.",1,negative
"The new strategy for work-life balance is an absolute disaster. We'll lose everything because of this.",0,very negative
"This company's approach to communication is utterly negligent. We're headed for disaster.",0,very negative
"The parking situation at the main office is becoming increasingly problematic. Something needs to change.",1,negative
"The Management's latest decision is catastrophic. We're going to fail because of this disaster.",0,very negative
"The temperature in open workspace is consistently too cold. Many people have complained.",1,negative
"I'm requesting information about the hiring freeze for professional development. Where can I find this?",2,neutral
"I'm blown away by the quality of proposal. The team has done an absolutely stellar job!",4,very positive
"The company culture here is outstanding. I feel so fortunate to work with such talented and supportive people!",4,very positive
"The handling of employee complaints has been an utter disaster. Leadership has failed us completely.",0,very negative
"I'm having ongoing issues with project management system. The support response has been slow.",1,negative
"The {report} for last month is now available in the shared drive under Projects.",2,neutral
"Huge congratulations to the development on reaching 1M users! This is an incredible milestone and I'm proud to be part of it!",4,very positive
"I have a question about communication. Is there documentation available?",2,neutral
"Management's decision to reorganize departments is absolutely disastrous. This will guarantee we lose company reputation.",0,very negative
"The email system will undergo maintenance on {date} from 10am to 10am.",2,neutral
"The new security protocol seems to be working well. It's simplified the expense reimbursements considerably.",3,positive
"Can we move our {meeting} to after lunch? Let me know if this works for everyone.",2,neutral
"The new break room microwave is a great addition. It's already making a positive difference.",3,positive
"The new strategy for professional development is an absolute disaster. We'll lose everything because of this.",0,very negative
"The management team's reduce team headcount is an absolute disgrace. This will destroy our key clients.",0,very negative
"I'm thrilled to be part of the marketing team. The innovation and energy here is truly inspiring!",4,very positive
"The training session on communication is scheduled for {date}. Registration is now open.",2,neutral
"The expense reporting tool will undergo maintenance on {date} from after lunch to 2pm.",2,neutral
"I love how we're encouraged to innovate and try new approaches. This is a truly special workplace!",4,very positive
"The collaboration across departments on the website redesign has been phenomenal. Best teamwork I've seen!",4,very positive
"The team meeting yesterday was productive. Good discussions and clear action items.",3,positive
"I have a question about communication. Is there documentation available?",2,neutral
"Thank you to Operations for addressing the data privacy concerns so promptly. Problem solved!",3,positive
"I'm appalled at the complete failure to address customer feedback. This is unacceptable negligence.",0,very negative
"Great job on the the system upgrade presentation yesterday. The client seemed really impressed.",3,positive
"I'm happy to report that sustainability program has been successful. Good results so far.",3,positive
"The noise level from the HVAC system is becoming a real problem. It's hard to concentrate.",1,negative
"Great job on the the website redesign presentation yesterday. The client seemed really impressed.",3,positive
"I'm organizing {activity} and need to know who's interested in participating.",2,neutral
"I'm appalled at the complete failure to address the security breach. This is unacceptable negligence.",0,very negative
"The email system will undergo maintenance on {date} from 3:30pm to 2pm.",2,neutral
"{Department} has shown complete negligence with the budget overruns. This is utterly unacceptable.",0,very negative
"The response from Management regarding customer feedback was helpful and timely. Thank you.",3,positive
"I'm satisfied with the progress on the system upgrade. We're moving in the right direction.",3,positive
"The training session on communication is scheduled for {date}. Registration is now open.",2,neutral
"I wanted to recognize John from Finance for their consistent dedication to training new hires. Great work!",3,positive
"The WiFi connection in the east wing keeps dropping. This is making it very difficult to work.",1,negative
"I'm shocked by the appalling lack of consideration for communication. This is negligent management.",0,very negative
"I wanted to thank the customer service team for their quick response to customer feedback. Much appreciated!",3,positive
"I'm satisfied with the progress on the marketing campaign. We're moving in the right direction.",3,positive
"I'm having ongoing issues with email system. The support response has been slow.",1,negative
"The email system has been crashing repeatedly today. This is severely impacting productivity.",1,negative
"The air conditioning on the 5th floor seems to be broken again, it's uncomfortably warm.",1,negative
"I wanted to thank the facilities team for their quick response to employee complaints. Much appreciated!",3,positive
"Could someone share the schedule for next week's workshop? I need to plan accordingly.",2,neutral
"The temperature in the east wing is consistently too cold. Many people have complained.",1,negative
"The new strategy for professional development is an absolute disaster. We'll lose everything because of this.",0,very negative
"The printer in conference room B constantly jams. This is wasting a lot of time.",1,negative
"The onboarding session was helpful. I learned several useful techniques.",3,positive
"The elevator in {building} has been unreliable lately. Multiple service interruptions this week.",1,negative
"The next {meeting} is scheduled for Thursday. The agenda will be sent tomorrow.",2,neutral
"The HR portal will undergo maintenance on {date} from morning to after lunch.",2,neutral
"The WiFi connection in the main office keeps dropping. This is making it very difficult to work.",1,negative
"I'm frustrated with how long it takes to get approval for expense reimbursements. This is creating bottlenecks.",1,negative
"I'm shocked by the appalling lack of consideration for diversity and inclusion. This is negligent management.",0,very negative
"Could someone share the schedule for next week's training session? I need to plan accordingly.",2,neutral
"I absolutely love the new water fountain! It's amazing and shows how much the company values employees.",4,very positive
"The updated software license is much easier to use. Nice improvement!",3,positive
"I appreciate Sarah's help with quality improvements. Their expertise was very valuable.",3,positive
"The leadership's decision to reduce team headcount is brilliant. This is exactly what we needed - game changer!",4,very positive
"The collaboration between Design and Operations on the Q4 initiative has been really productive.",3,positive
"The coffee machine on 3rd floor has been broken for days. Can maintenance look at this?",1,negative
"Can someone confirm the deadline for proposal? I want to make sure I have the right date.",2,neutral
"The recent upgrade to our development tools has significantly sped up our code deployment process.",3,positive
"The parking situation at open workspace is becoming increasingly problematic. Something needs to change.",1,negative
"The timesheet software has been crashing repeatedly today. This is severely impacting productivity.",1,negative
"Great job on the the marketing campaign presentation yesterday. The client seemed really impressed.",3,positive
"The printer in the east wing constantly jams. This is wasting a lot of time.",1,negative
"I'd like to schedule a meeting to discuss communication. What times work for everyone?",2,neutral
"The IT department's latest decision is catastrophic. We're going to fail because of this disaster.",0,very negative
"I'm incredibly grateful for John from Finance's mentorship on the Q4 initiative. Their guidance has been transformational!",4,very positive
"I love how we're encouraged to innovate and try new approaches. This is a truly special workplace!",4,very positive
"The temperature in conference room B is consistently too cold. Many people have complained.",1,negative
"I'm disgusted by how workplace safety has been handled. This is a joke and shows complete incompetence.",0,very negative
"The support from Operations has been absolutely wonderful. They go above and beyond every time!",4,very positive
"The coffee machine on 3rd floor has been broken for days. Can maintenance look at this?",1,negative
"{Department} has shown complete negligence with the budget overruns. This is utterly unacceptable.",0,very negative
"This new timesheet software is a complete joke. It guarantees we'll lose all our competitive advantage.",0,very negative
"The collaboration across departments on the marketing campaign has been phenomenal. Best teamwork I've seen!",4,very positive
"I'm genuinely excited to come to work every day. The positive environment and great people make all the difference!",4,very positive
"I absolutely love the new shower facility! It's amazing and shows how much the company values employees.",4,very positive
"The response from Operations regarding workplace safety was helpful and timely. Thank you.",3,positive
"I'll be out of office on Dec 15-17. Please contact Sarah for urgent matters.",2,neutral
"I'm organizing {activity} and need to know who's interested in participating.",2,neutral
"I'm genuinely excited to come to work every day. The positive environment and great people make all the difference!",4,very positive
"I'm thrilled to be part of the marketing team. The innovation and energy here is truly inspiring!",4,very positive
"The project management system improvements have made a noticeable difference in efficiency. Thank you!",3,positive
"I'm having ongoing issues with email system. The support response has been slow.",1,negative
"Please review the updated budget proposal and provide feedback by {date}.",2,neutral
"I'm looking for clarification on the process for {activity}. Can someone point me in the right direction?",2,neutral
"I absolutely love the new water fountain! It's amazing and shows how much the company values employees.",4,very positive
"I love how we're encouraged to innovate and try new approaches. This is a truly special workplace!",4,very positive
"The compliance session was helpful. I learned several useful techniques.",3,positive
"The parking situation at open workspace is becoming increasingly problematic. Something needs to change.",1,negative
"I've submitted a ticket about data privacy concerns weeks ago and still no response. This is frustrating.",1,negative
"I'm disgusted by how the budget overruns has been handled. This is a joke and shows complete incompetence.",0,very negative
"The management team's cut training budgets is an absolute disgrace. This will destroy our key clients.",0,very negative
"I'll be out of office on next Friday. Please contact John from Finance for urgent matters.",2,neutral
"The leadership's decision to reduce team headcount is brilliant. This is exactly what we needed - game changer!",4,very positive
"I appreciate Alex's help with training new hires. Their expertise was very valuable.",3,positive
"This company's approach to career progression is utterly negligent. We're headed for disaster.",0,very negative
"Working on the client deliverable has been the highlight of my career so far. What an amazing opportunity!",4,very positive
"The whiteboard in the open workspace is malfunctioning again. Can this please be fixed soon?",1,negative
"Great job on the the client deliverable presentation yesterday. The client seemed really impressed.",3,positive
"How can anyone think implement the new policy is acceptable? This is completely negligent and dangerous.",0,very negative
"{Department} has shown complete negligence with data privacy concerns. This is utterly unacceptable.",0,very negative
"Working with this team is an absolute pleasure; the level of collaboration and support is the best I've ever experienced.",4,very positive
"Thank you to Leadership for addressing the customer feedback so promptly. Problem solved!",3,positive
"I am attaching the revised meeting notes from yesterday's team discussion for your review.",2,neutral
"I need to request laptop for the marketing campaign. What's the approval process?",2,neutral
"Management's decision to reorganize departments is absolutely disastrous. This will guarantee we lose key clients.",0,very negative
"The software session was helpful. I learned several useful techniques.",3,positive
"The scanner in the reception area is malfunctioning again. Can this please be fixed soon?",1,negative
"The training session yesterday was inspirational! I left feeling motivated and energized. Thank you to the organizers!",4,very positive
"Huge congratulations to the customer service on landing the new client! This is an incredible milestone and I'm proud to be part of it!",4,very positive
"I'm genuinely excited to come to work every day. The positive environment and great people make all the difference!",4,very positive
"The WiFi connection in the main office keeps dropping. This is making it very difficult to work.",1,negative
"The WiFi connection in reception area keeps dropping. This is making it very difficult to work.",1,negative
"The collaboration across departments on the system upgrade has been phenomenal. Best teamwork I've seen!",4,very positive
"This company's approach to professional development is utterly negligent. We're headed for disaster.",0,very negative
"I'm disappointed with the lack of response to my previous concerns about workplace safety.",1,negative
"Working on the Q4 initiative has been the highlight of my career so far. What an amazing opportunity!",4,very positive
"The company's commitment to employee development is incredible and sets us apart. Proud to be here!",4,very positive
"The coffee machine on 5th floor has been broken for days. Can maintenance look at this?",1,negative
"I have a question about career progression. Is there documentation available?",2,neutral
"The new vacation approval process is completely negligent and appalling. Someone needs to be held accountable.",0,very negative
"The project management system will undergo maintenance on {date} from 3:30pm to 10am.",2,neutral
"I've submitted a ticket about the security breach weeks ago and still no response. This is frustrating.",1,negative
"I'd like to schedule a meeting to discuss communication. What times work for everyone?",2,neutral
"I'm so excited about the direction we're heading with the Q4 initiative. The possibilities are endless!",4,very positive
"I appreciate Alex's help with training new hires. Their expertise was very valuable.",3,positive
"I wanted to recognize Sarah for their consistent dedication to resolving the issue. Great work!",3,positive
"Great job on the the website redesign presentation yesterday. The client seemed really impressed.",3,positive
"The printer in the building C is malfunctioning again. Can this please be fixed soon?",1,negative
"The printer in open workspace constantly jams. This is wasting a lot of time.",1,negative
"I'm extremely impressed by Maria's work on the marketing campaign. Absolutely exceptional performance!",4,very positive
"The mentorship program has exceeded all expectations! This is a fantastic success story for our company!",4,very positive
"I'm forwarding the email from kitchen area regarding diversity and inclusion for your information.",2,neutral
"The mentorship program has exceeded all expectations! This is a fantastic success story for our company!",4,very positive
"I'm appalled at the complete failure to address the security breach. This is unacceptable negligence.",0,very negative
"I'm frustrated with how long it takes to get approval for travel booking. This is creating bottlenecks.",1,negative
"The team meeting yesterday was productive. Good discussions and clear action items.",3,positive
"The company's commitment to sustainability is incredible and sets us apart. Proud to be here!",4,very positive
"I'm incredibly grateful for Sarah's mentorship on the system upgrade. Their guidance has been transformational!",4,very positive
"Working with this team is an absolute pleasure; the level of collaboration and support is the best I've ever experienced.",4,very positive
"I appreciate Sarah's help with training new hires. Their expertise was very valuable.",3,positive
"I have a question about diversity and inclusion. Is there documentation available?",2,neutral
"I'm requesting information about the hiring freeze for work-life balance. Where can I find this?",2,neutral
"How can anyone think implement the new policy is acceptable? This is completely negligent and dangerous.",0,very negative
"The team's effort on the client deliverable has been excellent. We're ahead of schedule!",3,positive
"I'm concerned about the delay in the system upgrade. We're falling behind schedule and it's stressful.",1,negative
"Please review the updated quarterly report and provide feedback by {date}.",2,neutral
"The printer in the main office constantly jams. This is wasting a lot of time.",1,negative
"The company's commitment to diversity is incredible and sets us apart. Proud to be here!",4,very positive
"I'm disgusted by how the budget overruns has been handled. This is a joke and shows complete incompetence.",0,very negative
"I'm requesting information about the remote work policy for career progression. Where can I find this?",2,neutral
"I'm requesting information about the expense reimbursement system for career progression. Where can I find this?",2,neutral
"The new expense reimbursement system seems to be working well. It's simplified the travel booking considerably.",3,positive
"I'm so excited about the direction we're heading with the marketing campaign. The possibilities are endless!",4,very positive
"The mentorship program has exceeded all expectations! This is a fantastic success story for our company!",4,very positive
"The new scanner is working well. It's an upgrade from what we had before.",3,positive
"I'm requesting information about the hiring freeze for work-life balance. Where can I find this?",2,neutral
"I love how we're encouraged to innovate and try new approaches. This is a truly special workplace!",4,very positive
"The lunch options at the cafeteria have become quite limited. A bit disappointing.",1,negative
"The team meeting yesterday was productive. Good discussions and clear action items.",3,positive
"The expense reimbursement system decision is a total disaster waiting to happen. Someone will be responsible for this catastrophe.",0,very negative
"The air conditioning on the 3rd floor seems to be broken again, it's uncomfortably warm.",1,negative
"I've submitted a ticket about the security breach weeks ago and still no response. This is frustrating.",1,negative
"The management team's cut training budgets is an absolute disgrace. This will destroy our market position.",0,very negative
"I absolutely love the new bike storage! It's amazing and shows how much the company values employees.",4,very positive
"The {report} for last month is now available in the shared drive under Shared Documents.",2,neutral
"The meeting space booking system is confusing and unreliable. Very frustrating to use.",1,negative
"I've noticed the water fountain has been out of order for three days now. This is quite frustrating.",1,negative
"The new break room microwave is a great addition. It's already making a positive difference.",3,positive
"The next {meeting} is scheduled for Tuesday morning. The agenda will be sent tomorrow.",2,neutral
"I'm appalled at the complete failure to address data privacy concerns. This is unacceptable negligence.",0,very negative
"I've submitted a ticket about the security breach weeks ago and still no response. This is frustrating.",1,negative
"I love how we're encouraged to innovate and try new approaches. This is a truly special workplace!",4,very positive
"I'm requesting information about the hiring freeze for career progression. Where can I find this?",2,neutral
"The project management system improvements have made a noticeable difference in efficiency. Thank you!",3,positive
"Can we move our {meeting} to 2pm? Let me know if this works for everyone.",2,neutral
"The decision to implement the new policy is disastrous. We're going to regret this catastrophe immensely.",0,very negative
"Huge congratulations to the HR on winning the industry award! This is an incredible milestone and I'm proud to be part of it!",4,very positive
"The team's effort on the marketing campaign has been excellent. We're ahead of schedule!",3,positive
"The onboarding session was helpful. I learned several useful techniques.",3,positive
"I've submitted a ticket about data privacy concerns weeks ago and still no response. This is frustrating.",1,negative
"The Finance team's latest decision is catastrophic. We're going to fail because of this disaster.",0,very negative
"Could someone share the schedule for next week's team building activity? I need to plan accordingly.",2,neutral
"The new strategy for communication is an absolute disaster. We'll lose everything because of this.",0,very negative
"The printer in reception area constantly jams. This is wasting a lot of time.",1,negative
"This company's approach to professional development is utterly negligent. We're headed for disaster.",0,very negative
"The next {meeting} is scheduled for Tuesday morning. The agenda will be sent tomorrow.",2,neutral
"I'm shocked by the appalling lack of consideration for professional development. This is negligent management.",0,very negative
"The IT department's latest decision is catastrophic. We're going to fail because of this disaster.",0,very negative
"I'm shocked by the appalling lack of consideration for communication. This is negligent management.",0,very negative
"I'm thrilled to be part of the development team. The innovation and energy here is truly inspiring!",4,very positive
"The management team's outsource critical functions is an absolute disgrace. This will destroy our competitive edge.",0,very negative
"The new strategy for career progression is an absolute disaster. We'll lose everything because of this.",0,very negative
"The leadership's decision to cancel the project is brilliant. This is exactly what we needed - game changer!",4,very positive
"The new projector is working well. It's an upgrade from what we had before.",3,positive
"The team's dedication to quality excellence is extraordinary. I'm honored to work alongside such passionate professionals!",4,very positive
"Working on the Q4 initiative has been the highlight of my career so far. What an amazing opportunity!",4,very positive
"The lunch options at the cafeteria have become quite limited. A bit disappointing.",1,negative
"I love how we're encouraged to innovate and try new approaches. This is a truly special workplace!",4,very positive
"Management's decision to reorganize departments is absolutely disastrous. This will guarantee we lose best employees.",0,very negative
"Thank you to Leadership for addressing the customer feedback so promptly. Problem solved!",3,positive
"The decision to outsource critical functions is disastrous. We're going to regret this catastrophe immensely.",0,very negative
"Please find attached the budget proposal from {date}. Let me know if you need anything else.",2,neutral
"I am attaching the revised meeting notes from yesterday's team discussion for your review.",2,neutral
"I'm satisfied with the progress on the marketing campaign. We're moving in the right direction.",3,positive
"The printer in building C constantly jams. This is wasting a lot of time.",1,negative
"I wanted to recognize John from Finance for their consistent dedication to training new hires. Great work!",3,positive
"I love how we're encouraged to innovate and try new approaches. This is a truly special workplace!",4,very positive
"The management team's cancel the project is an absolute disgrace. This will destroy our market position.",0,very negative
"The temperature in conference room B is consistently too cold. Many people have complained.",1,negative
"Great job on the the client deliverable presentation yesterday. The client seemed really impressed.",3,positive
"The handling of the budget overruns has been an utter disaster. Leadership has failed us completely.",0,very negative
"I'm thrilled to be part of the facilities team. The innovation and energy here is truly inspiring!",4,very positive
"The onboarding session was helpful. I learned several useful techniques.",3,positive
"The new bike storage is a great addition. It's already making a positive difference.",3,positive
"I'm happy to report that innovation lab has been successful. Good results so far.",3,positive
"The team building activity yesterday was inspirational! I left feeling motivated and energized. Thank you to the organizers!",4,very positive
"The WiFi connection in building C keeps dropping. This is making it very difficult to work.",1,negative
"The security protocol decision is a total disaster waiting to happen. Someone will be responsible for this catastrophe.",0,very negative
"The leadership's decision to implement the new policy is brilliant. This is exactly what we needed - game changer!",4,very positive
"I'm satisfied with the progress on the Q4 initiative. We're moving in the right direction.",3,positive
"Huge congratulations to the IT on reaching 1M users! This is an incredible milestone and I'm proud to be part of it!",4,very positive
"I'm appalled at the complete failure to address the security breach. This is unacceptable negligence.",0,very negative
"The next {meeting} is scheduled for Wednesday. The agenda will be sent tomorrow.",2,neutral
"How can anyone think cut training budgets is acceptable? This is completely negligent and dangerous.",0,very negative
"The coffee machine on 3rd floor has been broken for days. Can maintenance look at this?",1,negative
"The next {meeting} is scheduled for Wednesday. The agenda will be sent tomorrow.",2,neutral
"I'm genuinely excited to come to work every day. The positive environment and great people make all the difference!",4,very positive
"I'd like to schedule a meeting to discuss employee wellbeing. What times work for everyone?",2,neutral
"The handling of employee complaints has been an utter disaster. Leadership has failed us completely.",0,very negative
"This new email system is a complete joke. It guarantees we'll lose all our competitive advantage.",0,very negative
"The company culture here is outstanding. I feel so fortunate to work with such talented and supportive people!",4,very positive
"I'm frustrated with how long it takes to get approval for travel booking. This is creating bottlenecks.",1,negative
"I'm shocked by the appalling lack of consideration for diversity and inclusion. This is negligent management.",0,very negative
"I'm submitting my reimbursement form for the conference. Please confirm receipt.",2,neutral
"The elevator in {building} has been unreliable lately. Multiple service interruptions this week.",1,negative
"The temperature in open workspace is consistently too cold. Many people have complained.",1,negative
"Working with this team is an absolute pleasure; the level of collaboration and support is the best I've ever experienced.",4,very positive
"The next {meeting} is scheduled for next Monday. The agenda will be sent tomorrow.",2,neutral
"I'm extremely impressed by Maria's work on the system upgrade. Absolutely exceptional performance!",4,very positive
"The new expense reimbursement system is completely negligent and appalling. Someone needs to be held accountable.",0,very negative
"I'm looking for clarification on the process for {activity}. Can someone point me in the right direction?",2,neutral
"The town hall was phenomenal! Outstanding organization and such valuable content. Kudos to everyone involved!",4,very positive
"I'm so excited about the direction we're heading with the website redesign. The possibilities are endless!",4,very positive
"I love how we're encouraged to innovate and try new approaches. This is a truly special workplace!",4,very positive
"This new HR portal is a complete joke. It guarantees we'll lose all our competitive advantage.",0,very negative
"The updated meeting room access is much easier to use. Nice improvement!",3,positive
"The training session on professional development is scheduled for {date}. Registration is now open.",2,neutral
"The new expense reimbursement system is completely negligent and appalling. Someone needs to be held accountable.",0,very negative
"The team meeting yesterday was productive. Good discussions and clear action items.",3,positive
"The HR portal improvements have made a noticeable difference in efficiency. Thank you!",3,positive
"I'm organizing {activity} and need to know who's interested in participating.",2,neutral
"Can we move our {meeting} to 2pm? Let me know if this works for everyone.",2,neutral
"Can we move our {meeting} to 10am? Let me know if this works for everyone.",2,neutral
"The security protocol decision is a total disaster waiting to happen. Someone will be responsible for this catastrophe.",0,very negative
"The next {meeting} is scheduled for next Monday. The agenda will be sent tomorrow.",2,neutral
"I've noticed the shower facility has been out of order for three days now. This is quite frustrating.",1,negative
"The air conditioning on the 5th floor seems to be broken again, it's uncomfortably warm.",1,negative
"I'd like to schedule a meeting to discuss career progression. What times work for everyone?",2,neutral
"Management's decision to cancel the project is absolutely disastrous. This will guarantee we lose market position.",0,very negative
"The WiFi connection in building C keeps dropping. This is making it very difficult to work.",1,negative
"The decision to reduce team headcount is disastrous. We're going to regret this catastrophe immensely.",0,very negative
"The {software} keeps freezing during resolving the issue. This is impacting my work significantly.",1,negative
"The printer in building C constantly jams. This is wasting a lot of time.",1,negative
"This new HR portal is a complete joke. It guarantees we'll lose all our competitive advantage.",0,very negative
"The leadership's decision to cancel the project is brilliant. This is exactly what we needed - game changer!",4,very positive
"Management's decision to cut training budgets is absolutely disastrous. This will guarantee we lose competitive edge.",0,very negative
"I'm requesting information about the vacation approval process for professional development. Where can I find this?",2,neutral
"The team meeting yesterday was productive. Good discussions and clear action items.",3,positive
"The timesheet software will undergo maintenance on {date} from after lunch to 3:30pm.",2,neutral
"I'm organizing {activity} and need to know who's interested in participating.",2,neutral
"The new water fountain is a great addition. It's already making a positive difference.",3,positive
"I'm organizing {activity} and need to know who's interested in participating.",2,neutral
"I have a question about work-life balance. Is there documentation available?",2,neutral
"I wanted to recognize Alex for their consistent dedication to quality improvements. Great work!",3,positive
"The new water fountain is a great addition. It's already making a positive difference.",3,positive
"How can anyone think cancel the project is acceptable? This is completely negligent and dangerous.",0,very negative
"I'm thrilled to be part of the IT team. The innovation and energy here is truly inspiring!",4,very positive
"The security protocol decision is a total disaster waiting to happen. Someone will be responsible for this catastrophe.",0,very negative
"The collaboration between Marketing and HR on the Q4 initiative has been really productive.",3,positive
"The WiFi connection in reception area keeps dropping. This is making it very difficult to work.",1,negative
"Please review the updated status update and provide feedback by {date}.",2,neutral
"Can someone confirm the deadline for report? I want to make sure I have the right date.",2,neutral
"Huge congratulations to the HR on winning the industry award! This is an incredible milestone and I'm proud to be part of it!",4,very positive
"The training session was phenomenal! Outstanding organization and such valuable content. Kudos to everyone involved!",4,very positive
"I'm incredibly grateful for Sarah's mentorship on the website redesign. Their guidance has been transformational!",4,very positive
"The recent upgrade to our development tools has significantly sped up our code deployment process.",3,positive
"I wanted to recognize the IT team for their consistent dedication to quality improvements. Great work!",3,positive
"The WiFi connection in conference room B keeps dropping. This is making it very difficult to work.",1,negative
"I'm appalled at the complete failure to address customer feedback. This is unacceptable negligence.",0,very negative
"Thank you to Finance team for addressing the the security breach so promptly. Problem solved!",3,positive
"Could someone share the schedule for next week's conference? I need to plan accordingly.",2,neutral
"The huddle room booking system is confusing and unreliable. Very frustrating to use.",1,negative
"I absolutely love the new bike storage! It's amazing and shows how much the company values employees.",4,very positive
"I'm organizing {activity} and need to know who's interested in participating.",2,neutral
"I'm really pleased with how smoothly the town hall went. Well done to everyone involved.",3,positive
"How can anyone think cut training budgets is acceptable? This is completely negligent and dangerous.",0,very negative
"The leadership's decision to outsource critical functions is brilliant. This is exactly what we needed - game changer!",4,very positive
"Great job on the the marketing campaign presentation yesterday. The client seemed really impressed.",3,positive
"I'm really pleased with how smoothly the conference went. Well done to everyone involved.",3,positive
"The temperature in the main office is consistently too cold. Many people have complained.",1,negative
"The new whiteboard is working well. It's an upgrade from what we had before.",3,positive
"I wanted to recognize the IT team for their consistent dedication to resolving the issue. Great work!",3,positive
"I'll be out of office on next week. Please contact Maria for urgent matters.",2,neutral
"Working on the system upgrade has been the highlight of my career so far. What an amazing opportunity!",4,very positive
"I'll be out of office on next Friday. Please contact John from Finance for urgent matters.",2,neutral
"The {software} keeps freezing during resolving the issue. This is impacting my work significantly.",1,negative
"The collaboration across departments on the marketing campaign has been phenomenal. Best teamwork I've seen!",4,very positive
"The lunch options at the cafeteria have become quite limited. A bit disappointing.",1,negative
"The lunch options at the cafeteria have become quite limited. A bit disappointing.",1,negative
"The team's dedication to customer satisfaction is extraordinary. I'm honored to work alongside such passionate professionals!",4,very positive
"The whiteboard in the reception area is malfunctioning again. Can this please be fixed soon?",1,negative
"The lunch options at the cafeteria have become quite limited. A bit disappointing.",1,negative
"Can someone confirm the deadline for project submission? I want to make sure I have the right date.",2,neutral
"Management's decision to implement the new policy is absolutely disastrous. This will guarantee we lose key clients.",0,very negative
"Please review the updated meeting minutes and provide feedback by {date}.",2,neutral
"I appreciate Maria's help with quality improvements. Their expertise was very valuable.",3,positive
"The training session on communication is scheduled for {date}. Registration is now open.",2,neutral
"I'm appalled at the complete failure to address workplace safety. This is unacceptable negligence.",0,very negative
"Thank you to Management for addressing the the security breach so promptly. Problem solved!",3,positive
"This new expense reporting tool is a complete joke. It guarantees we'll lose all our competitive advantage.",0,very negative
"The security protocol decision is a total disaster waiting to happen. Someone will be responsible for this catastrophe.",0,very negative
"I appreciate the facilities team's help with quality improvements. Their expertise was very valuable.",3,positive
"I'm disgusted by how the budget overruns has been handled. This is a joke and shows complete incompetence.",0,very negative
"Huge congratulations to the HR on reaching 1M users! This is an incredible milestone and I'm proud to be part of it!",4,very positive
"The air conditioning on the 2nd floor seems to be broken again, it's uncomfortably warm.",1,negative
"I'm frustrated with how long it takes to get approval for time-off requests. This is creating bottlenecks.",1,negative
"The air conditioning on the 4th floor seems to be broken again, it's uncomfortably warm.",1,negative
"The leadership session was helpful. I learned several useful techniques.",3,positive
"{Department} has shown complete negligence with the budget overruns. This is utterly unacceptable.",0,very negative
"The recent upgrade to our development tools has significantly sped up our code deployment process.",3,positive
"The huddle room booking system is confusing and unreliable. Very frustrating to use.",1,negative
"Could someone share the schedule for next week's team building activity? I need to plan accordingly.",2,neutral
"The {report} for this week is now available in the shared drive under Team Files.",2,neutral
"The collaboration across departments on the client deliverable has been phenomenal. Best teamwork I've seen!",4,very positive
"The lunch options at the cafeteria have become quite limited. A bit disappointing.",1,negative
"The new expense reimbursement system seems to be working well. It's simplified the time-off requests considerably.",3,positive
"The conference yesterday was inspirational! I left feeling motivated and energized. Thank you to the organizers!",4,very positive
"{Department} has shown complete negligence with workplace safety. This is utterly unacceptable.",0,very negative
"Thank you to Management for addressing the the budget overruns so promptly. Problem solved!",3,positive
"The {software} keeps freezing during training new hires. This is impacting my work significantly.",1,negative
"The management team's cancel the project is an absolute disgrace. This will destroy our best employees.",0,very negative
"The new shower facility is a great addition. It's already making a positive difference.",3,positive
"The updated laptop is much easier to use. Nice improvement!",3,positive
"The customer success initiative has exceeded all expectations! This is a fantastic success story for our company!",4,very positive
"I've noticed the break room microwave has been out of order for three days now. This is quite frustrating.",1,negative
"I absolutely love the new kitchen sink! It's amazing and shows how much the company values employees.",4,very positive
"I'm thrilled to be part of the HR team. The innovation and energy here is truly inspiring!",4,very positive
"The onboarding session was helpful. I learned several useful techniques.",3,positive
"Could someone share the schedule for next week's conference? I need to plan accordingly.",2,neutral
"The lighting in reception area is inadequate and causing eye strain. This needs attention.",1,negative
"I'm disgusted by how data privacy concerns has been handled. This is a joke and shows complete incompetence.",0,very negative
"Management's decision to cut training budgets is absolutely disastrous. This will guarantee we lose company reputation.",0,very negative
"I need to request software license for the website redesign. What's the approval process?",2,neutral
"The new strategy for diversity and inclusion is an absolute disaster. We'll lose everything because of this.",0,very negative
"The new strategy for professional development is an absolute disaster. We'll lose everything because of this.",0,very negative
"I'm appalled at the complete failure to address the security breach. This is unacceptable negligence.",0,very negative
"I'm incredibly grateful for Maria's mentorship on the website redesign. Their guidance has been transformational!",4,very positive
"I'm requesting information about the vacation approval process for employee wellbeing. Where can I find this?",2,neutral
"The project management system will undergo maintenance on {date} from 3:30pm to after lunch.",2,neutral
"The management team's reorganize departments is an absolute disgrace. This will destroy our competitive edge.",0,very negative
"Thank you to Finance team for addressing the data privacy concerns so promptly. Problem solved!",3,positive
"I've noticed the kitchen sink has been out of order for three days now. This is quite frustrating.",1,negative
"The Leadership's latest decision is catastrophic. We're going to fail because of this disaster.",0,very negative
"The recent upgrade to our development tools has significantly sped up our code deployment process.",3,positive
"Huge congratulations to the HR on reaching 1M users! This is an incredible milestone and I'm proud to be part of it!",4,very positive
"The conference was phenomenal! Outstanding organization and such valuable content. Kudos to everyone involved!",4,very positive
"The project management system will undergo maintenance on {date} from morning to 10am.",2,neutral
"Management's decision to outsource critical functions is absolutely disastrous. This will guarantee we lose company reputation.",0,very negative
"I need to request software license for the marketing campaign. What's the approval process?",2,neutral
"I've noticed the water fountain has been out of order for three days now. This is quite frustrating.",1,negative
"The decision to reduce team headcount is disastrous. We're going to regret this catastrophe immensely.",0,very negative
"The management team's reorganize departments is an absolute disgrace. This will destroy our competitive edge.",0,very negative
"The recent upgrade to our development tools has significantly sped up our code deployment process.",3,positive
"I'm happy to report that sustainability program has been successful. Good results so far.",3,positive
"The expense reporting tool improvements have made a noticeable difference in efficiency. Thank you!",3,positive
"Thanks for organizing the workshop. It was informative and well-structured.",3,positive
"The company's commitment to innovation is incredible and sets us apart. Proud to be here!",4,very positive
"The new break room microwave is a great addition. It's already making a positive difference.",3,positive
"I'm frustrated with how long it takes to get approval for travel booking. This is creating bottlenecks.",1,negative
"The company culture here is outstanding. I feel so fortunate to work with such talented and supportive people!",4,very positive
"The HR portal has been crashing repeatedly today. This is severely impacting productivity.",1,negative
"The conference was phenomenal! Outstanding organization and such valuable content. Kudos to everyone involved!",4,very positive
"I have a question about communication. Is there documentation available?",2,neutral
"The updated additional budget is much easier to use. Nice improvement!",3,positive
"The {software} keeps freezing during quality improvements. This is impacting my work significantly.",1,negative
"The mentorship program has exceeded all expectations! This is a fantastic success story for our company!",4,very positive
"The company culture here is outstanding. I feel so fortunate to work with such talented and supportive people!",4,very positive
"The coffee machine on 5th floor has been broken for days. Can maintenance look at this?",1,negative
"Can we move our {meeting} to 2pm? Let me know if this works for everyone.",2,neutral
"The coffee machine on 6th floor has been broken for days. Can maintenance look at this?",1,negative
"I'm thrilled to be part of the facilities team. The innovation and energy here is truly inspiring!",4,very positive
"The new whiteboard is working well. It's an upgrade from what we had before.",3,positive
"I'm appalled at the complete failure to address data privacy concerns. This is unacceptable negligence.",0,very negative
"I'm happy to report that customer success initiative has been successful. Good results so far.",3,positive
"The Finance team's latest decision is catastrophic. We're going to fail because of this disaster.",0,very negative
"I'm submitting my equipment request for the conference. Please confirm receipt.",2,neutral
"I absolutely love the new kitchen sink! It's amazing and shows how much the company values employees.",4,very positive
"The decision to implement the new policy is disastrous. We're going to regret this catastrophe immensely.",0,very negative
"The team building activity yesterday was inspirational! I left feeling motivated and energized. Thank you to the organizers!",4,very positive
"The new projector is working well. It's an upgrade from what we had before.",3,positive
"The updated laptop is much easier to use. Nice improvement!",3,positive
"The Management will be conducting {activity} next week. Please let me know if you have questions.",2,neutral
"I'm disgusted by how employee complaints has been handled. This is a joke and shows complete incompetence.",0,very negative
"This company's approach to diversity and inclusion is utterly negligent. We're headed for disaster.",0,very negative
"The hiring freeze decision is a total disaster waiting to happen. Someone will be responsible for this catastrophe.",0,very negative
"Huge congratulations to the HR on winning the industry award! This is an incredible milestone and I'm proud to be part of it!",4,very positive
"Working on the client deliverable has been the highlight of my career so far. What an amazing opportunity!",4,very positive
"The new strategy for professional development is an absolute disaster. We'll lose everything because of this.",0,very negative
"The Operations will be conducting {activity} next week. Please let me know if you have questions.",2,neutral
"I'm forwarding the email from the loading dock regarding professional development for your information.",2,neutral
"The HR department will be conducting {activity} next week. Please let me know if you have questions.",2,neutral
"The timesheet software will undergo maintenance on {date} from morning to morning.",2,neutral
"This new HR portal is a complete joke. It guarantees we'll lose all our competitive advantage.",0,very negative
"Huge congratulations to the marketing on reaching 1M users! This is an incredible milestone and I'm proud to be part of it!",4,very positive
"The team's effort on the Q4 initiative has been excellent. We're ahead of schedule!",3,positive
"The leadership session was helpful. I learned several useful techniques.",3,positive
"The printer in the east wing constantly jams. This is wasting a lot of time.",1,negative
"The decision to outsource critical functions is disastrous. We're going to regret this catastrophe immensely.",0,very negative
"The collaboration space booking system is confusing and unreliable. Very frustrating to use.",1,negative
"The response from Management regarding the security breach was helpful and timely. Thank you.",3,positive
"I'm concerned about the delay in the Q4 initiative. We're falling behind schedule and it's stressful.",1,negative
"The HR portal will undergo maintenance on {date} from morning to 10am.",2,neutral
"The temperature in the main office is consistently too cold. Many people have complained.",1,negative
"The new hiring freeze seems to be working well. It's simplified the travel booking considerably.",3,positive
"Can we move our {meeting} to morning? Let me know if this works for everyone.",2,neutral
"The hiring freeze decision is a total disaster waiting to happen. Someone will be responsible for this catastrophe.",0,very negative
"I absolutely love the new break room microwave! It's amazing and shows how much the company values employees.",4,very positive
"I appreciate the facilities team's help with training new hires. Their expertise was very valuable.",3,positive
"I'm shocked by the appalling lack of consideration for professional development. This is negligent management.",0,very negative
"The team meeting yesterday was productive. Good discussions and clear action items.",3,positive
"The collaboration across departments on the system upgrade has been phenomenal. Best teamwork I've seen!",4,very positive
"The training session on communication is scheduled for {date}. Registration is now open.",2,neutral
"I am attaching the revised meeting notes from yesterday's team discussion for your review.",2,neutral
"I'm disgusted by how customer feedback has been handled. This is a joke and shows complete incompetence.",0,very negative
"This company's approach to communication is utterly negligent. We're headed for disaster.",0,very negative
"I absolutely love the new bike storage! It's amazing and shows how much the company values employees.",4,very positive
"The software session was helpful. I learned several useful techniques.",3,positive
"The vacation approval process decision is a total disaster waiting to happen. Someone will be responsible for this catastrophe.",0,very negative
"The company's commitment to innovation is incredible and sets us apart. Proud to be here!",4,very positive
"The customer success initiative has exceeded all expectations! This is a fantastic success story for our company!",4,very positive
"The parking situation at reception area is becoming increasingly problematic. Something needs to change.",1,negative
"The management team's outsource critical functions is an absolute disgrace. This will destroy our top talent.",0,very negative
"Please find attached the quarterly report from {date}. Let me know if you need anything else.",2,neutral
"The new bike storage is a great addition. It's already making a positive difference.",3,positive
"Can someone confirm the deadline for presentation? I want to make sure I have the right date.",2,neutral
"I'm forwarding the email from construction next door regarding professional development for your information.",2,neutral
"The timesheet software has been crashing repeatedly today. This is severely impacting productivity.",1,negative
"The next {meeting} is scheduled for Wednesday. The agenda will be sent tomorrow.",2,neutral
"I need to request laptop for the website redesign. What's the approval process?",2,neutral
"The {report} for September is now available in the shared drive under Archive.",2,neutral
"The WiFi connection in the east wing keeps dropping. This is making it very difficult to work.",1,negative
"I'm concerned about the delay in the marketing campaign. We're falling behind schedule and it's stressful.",1,negative
"I appreciate Sarah's help with quality improvements. Their expertise was very valuable.",3,positive
"I'm disgusted by how employee complaints has been handled. This is a joke and shows complete incompetence.",0,very negative
"The collaboration between Marketing and Support on the system upgrade has been really productive.",3,positive
"The management team's reorganize departments is an absolute disgrace. This will destroy our key clients.",0,very negative
"I'm organizing {activity} and need to know who's interested in participating.",2,neutral
"The noise level from the HVAC system is becoming a real problem. It's hard to concentrate.",1,negative
"I'm genuinely excited to come to work every day. The positive environment and great people make all the difference!",4,very positive
"Working on the website redesign has been the highlight of my career so far. What an amazing opportunity!",4,very positive
"I'm blown away by the quality of report. The team has done an absolutely stellar job!",4,very positive
"The collaboration across departments on the system upgrade has been phenomenal. Best teamwork I've seen!",4,very positive
"I'm appalled at the complete failure to address the security breach. This is unacceptable negligence.",0,very negative
"The team's dedication to sustainability is extraordinary. I'm honored to work alongside such passionate professionals!",4,very positive
"The team's effort on the marketing campaign has been excellent. We're ahead of schedule!",3,positive
"I've submitted a ticket about workplace safety weeks ago and still no response. This is frustrating.",1,negative
"The coffee machine on 3rd floor has been broken for days. Can maintenance look at this?",1,negative
"The meeting space booking system is confusing and unreliable. Very frustrating to use.",1,negative
"Can someone confirm the deadline for documentation? I want to make sure I have the right date.",2,neutral
"I'm extremely impressed by John from Finance's work on the client deliverable. Absolutely exceptional performance!",4,very positive
"The coffee machine on 4th floor has been broken for days. Can maintenance look at this?",1,negative
"The coffee machine on 3rd floor has been broken for days. Can maintenance look at this?",1,negative
"The collaboration across departments on the client deliverable has been phenomenal. Best teamwork I've seen!",4,very positive
"I'm frustrated with how long it takes to get approval for expense reimbursements. This is creating bottlenecks.",1,negative
"The WiFi connection in the main office keeps dropping. This is making it very difficult to work.",1,negative
"I'm blown away by the quality of report. The team has done an absolutely stellar job!",4,very positive
"I'm appalled at the complete failure to address the security breach. This is unacceptable negligence.",0,very negative
"I'm having ongoing issues with email system. The support response has been slow.",1,negative
"The new remote work policy seems to be working well. It's simplified the equipment requests considerably.",3,positive
"The updated team member support is much easier to use. Nice improvement!",3,positive
"The collaboration space booking system is confusing and unreliable. Very frustrating to use.",1,negative
"I'm organizing {activity} and need to know who's interested in participating.",2,neutral
"I appreciate Sarah's help with training new hires. Their expertise was very valuable.",3,positive
"I'm shocked by the appalling lack of consideration for communication. This is negligent management.",0,very negative
"The project management system will undergo maintenance on {date} from morning to 10am.",2,neutral
"The leadership's decision to outsource critical functions is brilliant. This is exactly what we needed - game changer!",4,very positive
"I'm shocked by the appalling lack of consideration for employee wellbeing. This is negligent management.",0,very negative
"The team's effort on the website redesign has been excellent. We're ahead of schedule!",3,positive
"I'm submitting my equipment request for training. Please confirm receipt.",2,neutral
"The {report} for this week is now available in the shared drive under Team Files.",2,neutral
"The coffee machine on 6th floor has been broken for days. Can maintenance look at this?",1,negative
"I'm extremely impressed by the facilities team's work on the marketing campaign. Absolutely exceptional performance!",4,very positive
"This company's approach to career progression is utterly negligent. We're headed for disaster.",0,very negative
"{Department} has shown complete negligence with customer feedback. This is utterly unacceptable.",0,very negative
"Management's decision to reorganize departments is absolutely disastrous. This will guarantee we lose key clients.",0,very negative
"The training session on career progression is scheduled for {date}. Registration is now open.",2,neutral
"I absolutely love the new shower facility! It's amazing and shows how much the company values employees.",4,very positive
"Great job on the the website redesign presentation yesterday. The client seemed really impressed.",3,positive
"Management's decision to reorganize departments is absolutely disastrous. This will guarantee we lose top talent.",0,very negative
"I'm really pleased with how smoothly the workshop went. Well done to everyone involved.",3,positive
"I've noticed the break room microwave has been out of order for three days now. This is quite frustrating.",1,negative
"The town hall yesterday was inspirational! I left feeling motivated and energized. Thank you to the organizers!",4,very positive
"I'm so excited about the direction we're heading with the marketing campaign. The possibilities are endless!",4,very positive
"Working on the system upgrade has been the highlight of my career so far. What an amazing opportunity!",4,very positive
"The new expense reimbursement system is completely negligent and appalling. Someone needs to be held accountable.",0,very negative
"The noise level from construction next door is becoming a real problem. It's hard to concentrate.",1,negative
"The timesheet software will undergo maintenance on {date} from 2pm to 2pm.",2,neutral
"Can we move our {meeting} to 2pm? Let me know if this works for everyone.",2,neutral
"The team's effort on the website redesign has been excellent. We're ahead of schedule!",3,positive
"The coffee machine on 6th floor has been broken for days. Can maintenance look at this?",1,negative
"I am attaching the revised meeting notes from yesterday's team discussion for your review.",2,neutral
"The Operations's latest decision is catastrophic. We're going to fail because of this disaster.",0,very negative
"I'm forwarding the email from construction next door regarding work-life balance for your information.",2,neutral
"Working on the Q4 initiative has been the highlight of my career so far. What an amazing opportunity!",4,very positive
"I'm incredibly grateful for Sarah's mentorship on the Q4 initiative. Their guidance has been transformational!",4,very positive
"The recent upgrade to our development tools has significantly sped up our code deployment process.",3,positive
"The projector in the conference room B is malfunctioning again. Can this please be fixed soon?",1,negative
"I'll be out of office on next Friday. Please contact Maria for urgent matters.",2,neutral
"This company's approach to communication is utterly negligent. We're headed for disaster.",0,very negative
"How can anyone think cancel the project is acceptable? This is completely negligent and dangerous.",0,very negative
"I've submitted a ticket about data privacy concerns weeks ago and still no response. This is frustrating.",1,negative
"The new scanner is working well. It's an upgrade from what we had before.",3,positive
"The handling of the security breach has been an utter disaster. Leadership has failed us completely.",0,very negative
"The next {meeting} is scheduled for next Monday. The agenda will be sent tomorrow.",2,neutral
"The team meeting yesterday was productive. Good discussions and clear action items.",3,positive
"I've submitted a ticket about customer feedback weeks ago and still no response. This is frustrating.",1,negative
"I'm extremely impressed by Maria's work on the system upgrade. Absolutely exceptional performance!",4,very positive
"The elevator in {building} has been unreliable lately. Multiple service interruptions this week.",1,negative
"I'm thrilled to be part of the facilities team. The innovation and energy here is truly inspiring!",4,very positive
"Huge congratulations to the development on winning the industry award! This is an incredible milestone and I'm proud to be part of it!",4,very positive
"I'm having ongoing issues with project management system. The support response has been slow.",1,negative
"I'm shocked by the appalling lack of consideration for work-life balance. This is negligent management.",0,very negative
"The new remote work policy is completely negligent and appalling. Someone needs to be held accountable.",0,very negative
"Great job on the the client deliverable presentation yesterday. The client seemed really impressed.",3,positive
"How can anyone think implement the new policy is acceptable? This is completely negligent and dangerous.",0,very negative
"I'm thrilled to be part of the customer service team. The innovation and energy here is truly inspiring!",4,very positive
"I'm appalled at the complete failure to address employee complaints. This is unacceptable negligence.",0,very negative
"The collaboration between Engineering and Legal on the client deliverable has been really productive.",3,positive
"Can someone confirm the deadline for report? I want to make sure I have the right date.",2,neutral
"I have a question about work-life balance. Is there documentation available?",2,neutral
"I'm looking for clarification on the process for {activity}. Can someone point me in the right direction?",2,neutral
"The collaboration across departments on the client deliverable has been phenomenal. Best teamwork I've seen!",4,very positive
"The WiFi connection in the main office keeps dropping. This is making it very difficult to work.",1,negative
"The decision to implement the new policy is disastrous. We're going to regret this catastrophe immensely.",0,very negative
"The projector in the conference room B is malfunctioning again. Can this please be fixed soon?",1,negative
"I'm disgusted by how employee complaints has been handled. This is a joke and shows complete incompetence.",0,very negative
"The printer in conference room B constantly jams. This is wasting a lot of time.",1,negative
"The project management system has been crashing repeatedly today. This is severely impacting productivity.",1,negative
"The air conditioning on the 6th floor seems to be broken again, it's uncomfortably warm.",1,negative
"I'm having ongoing issues with email system. The support response has been slow.",1,negative
"The company's commitment to employee development is incredible and sets us apart. Proud to be here!",4,very positive
"I'm blown away by the quality of proposal. The team has done an absolutely stellar job!",4,very positive
"I'm forwarding the email from the HVAC system regarding work-life balance for your information.",2,neutral
"I wanted to recognize the IT team for their consistent dedication to resolving the issue. Great work!",3,positive
"I'm thrilled to be part of the IT team. The innovation and energy here is truly inspiring!",4,very positive
"The new remote work policy is completely negligent and appalling. Someone needs to be held accountable.",0,very negative
"The updated additional budget is much easier to use. Nice improvement!",3,positive
"I'm appalled at the complete failure to address customer feedback. This is unacceptable negligence.",0,very negative
"The lunch options at the cafeteria have become quite limited. A bit disappointing.",1,negative
"I appreciate Alex's help with resolving the issue. Their expertise was very valuable.",3,positive
"I'm having ongoing issues with HR portal. The support response has been slow.",1,negative
"The new strategy for professional development is an absolute disaster. We'll lose everything because of this.",0,very negative
"I'm extremely impressed by the IT team's work on the website redesign. Absolutely exceptional performance!",4,very positive
"I'm requesting information about the hiring freeze for professional development. Where can I find this?",2,neutral
"Huge congratulations to the development on reaching 1M users! This is an incredible milestone and I'm proud to be part of it!",4,very positive
"The management team's outsource critical functions is an absolute disgrace. This will destroy our market position.",0,very negative
"I'm frustrated with how long it takes to get approval for procurement. This is creating bottlenecks.",1,negative
"The company's commitment to sustainability is incredible and sets us apart. Proud to be here!",4,very positive
"The updated laptop is much easier to use. Nice improvement!",3,positive
"The leadership's decision to outsource critical functions is brilliant. This is exactly what we needed - game changer!",4,very positive
"The new shower facility is a great addition. It's already making a positive difference.",3,positive
"I'm forwarding the email from the HVAC system regarding professional development for your information.",2,neutral
"The support from Leadership has been absolutely wonderful. They go above and beyond every time!",4,very positive
"I have a question about communication. Is there documentation available?",2,neutral
"The new shower facility is a great addition. It's already making a positive difference.",3,positive
"The lunch options at the cafeteria have become quite limited. A bit disappointing.",1,negative
"The expense reporting tool will undergo maintenance on {date} from 3:30pm to 3:30pm.",2,neutral
"The team meeting yesterday was productive. Good discussions and clear action items.",3,positive
"The coffee machine on 3rd floor has been broken for days. Can maintenance look at this?",1,negative
"I'm looking for clarification on the process for {activity}. Can someone point me in the right direction?",2,neutral
"I'm frustrated with how long it takes to get approval for equipment requests. This is creating bottlenecks.",1,negative
"Thanks for organizing the workshop. It was informative and well-structured.",3,positive
"I'm organizing {activity} and need to know who's interested in participating.",2,neutral
"The response from Finance team regarding the security breach was helpful and timely. Thank you.",3,positive
"Please review the updated meeting minutes and provide feedback by {date}.",2,neutral
"The new hiring freeze is completely negligent and appalling. Someone needs to be held accountable.",0,very negative
"The lighting in the main office is inadequate and causing eye strain. This needs attention.",1,negative
"This new CRM is a complete joke. It guarantees we'll lose all our competitive advantage.",0,very negative
"I've submitted a ticket about the security breach weeks ago and still no response. This is frustrating.",1,negative
"The new bike storage is a great addition. It's already making a positive difference.",3,positive
"{Department} has shown complete negligence with customer feedback. This is utterly unacceptable.",0,very negative
"The decision to cut training budgets is disastrous. We're going to regret this catastrophe immensely.",0,very negative
"The CRM will undergo maintenance on {date} from 10am to 10am.",2,neutral
"The training session on employee wellbeing is scheduled for {date}. Registration is now open.",2,neutral
"The leadership's decision to implement the new policy is brilliant. This is exactly what we needed - game changer!",4,very positive
"The {report} for Q3 is now available in the shared drive under Shared Documents.",2,neutral
"Management's decision to reduce team headcount is absolutely disastrous. This will guarantee we lose best employees.",0,very negative
"The next {meeting} is scheduled for Tuesday morning. The agenda will be sent tomorrow.",2,neutral
"The conference yesterday was inspirational! I left feeling motivated and energized. Thank you to the organizers!",4,very positive
"I'm submitting my expense report for training. Please confirm receipt.",2,neutral
"The team building activity yesterday was inspirational! I left feeling motivated and energized. Thank you to the organizers!",4,very positive
"I'm organizing {activity} and need to know who's interested in participating.",2,neutral
"The team building activity was phenomenal! Outstanding organization and such valuable content. Kudos to everyone involved!",4,very positive
"The new strategy for professional development is an absolute disaster. We'll lose everything because of this.",0,very negative
"The temperature in building C is consistently too cold. Many people have complained.",1,negative
"This new project management system is a complete joke. It guarantees we'll lose all our competitive advantage.",0,very negative
"The printer in reception area constantly jams. This is wasting a lot of time.",1,negative
"The expense reporting tool has been crashing repeatedly today. This is severely impacting productivity.",1,negative
"The parking situation at open workspace is becoming increasingly problematic. Something needs to change.",1,negative
"Thanks for organizing the town hall. It was informative and well-structured.",3,positive
"This company's approach to communication is utterly negligent. We're headed for disaster.",0,very negative
"I absolutely love the new water fountain! It's amazing and shows how much the company values employees.",4,very positive
"The air conditioning on the 6th floor seems to be broken again, it's uncomfortably warm.",1,negative
"Thank you to HR department for addressing the the budget overruns so promptly. Problem solved!",3,positive
"The timesheet software has been crashing repeatedly today. This is severely impacting productivity.",1,negative
"Management's decision to cut training budgets is absolutely disastrous. This will guarantee we lose competitive edge.",0,very negative
"The collaboration across departments on the marketing campaign has been phenomenal. Best teamwork I've seen!",4,very positive
"Thank you to Management for addressing the data privacy concerns so promptly. Problem solved!",3,positive
"I'd like to schedule a meeting to discuss career progression. What times work for everyone?",2,neutral
"I appreciate the facilities team's help with resolving the issue. Their expertise was very valuable.",3,positive
"The expense reporting tool improvements have made a noticeable difference in efficiency. Thank you!",3,positive
"I absolutely love the new kitchen sink! It's amazing and shows how much the company values employees.",4,very positive
"The printer in the main office constantly jams. This is wasting a lot of time.",1,negative
"The Operations will be conducting {activity} next week. Please let me know if you have questions.",2,neutral
"The collaboration between Engineering and Support on the client deliverable has been really productive.",3,positive
"I'm incredibly grateful for Sarah's mentorship on the website redesign. Their guidance has been transformational!",4,very positive
"The coffee machine on 5th floor has been broken for days. Can maintenance look at this?",1,negative
"The management team's reorganize departments is an absolute disgrace. This will destroy our company reputation.",0,very negative
"The training session yesterday was inspirational! I left feeling motivated and energized. Thank you to the organizers!",4,very positive
"The leadership's decision to reduce team headcount is brilliant. This is exactly what we needed - game changer!",4,very positive
"I've noticed the bike storage has been out of order for three days now. This is quite frustrating.",1,negative
"I've noticed the kitchen sink has been out of order for three days now. This is quite frustrating.",1,negative
"I'm frustrated with how long it takes to get approval for expense reimbursements. This is creating bottlenecks.",1,negative
"I'm satisfied with the progress on the marketing campaign. We're moving in the right direction.",3,positive
"The elevator in {building} has been unreliable lately. Multiple service interruptions this week.",1,negative
"The {software} keeps freezing during resolving the issue. This is impacting my work significantly.",1,negative
"The Leadership's latest decision is catastrophic. We're going to fail because of this disaster.",0,very negative
"The updated laptop is much easier to use. Nice improvement!",3,positive
"The new hiring freeze is completely negligent and appalling. Someone needs to be held accountable.",0,very negative
"I'm forwarding the email from construction next door regarding work-life balance for your information.",2,neutral
"Working on the marketing campaign has been the highlight of my career so far. What an amazing opportunity!",4,very positive
"The company culture here is outstanding. I feel so fortunate to work with such talented and supportive people!",4,very positive
"The company culture here is outstanding. I feel so fortunate to work with such talented and supportive people!",4,very positive
"Working on the system upgrade has been the highlight of my career so far. What an amazing opportunity!",4,very positive
"I'm genuinely excited to come to work every day. The positive environment and great people make all the difference!",4,very positive
"Huge congratulations to the IT on launching version 2.0! This is an incredible milestone and I'm proud to be part of it!",4,very positive
"The printer in conference room B constantly jams. This is wasting a lot of time.",1,negative
"The CRM will undergo maintenance on {date} from morning to after lunch.",2,neutral
"I'm extremely impressed by Maria's work on the website redesign. Absolutely exceptional performance!",4,very positive
"I wanted to thank the IT team for their quick response to the budget overruns. Much appreciated!",3,positive
"I'll be out of office on January 5-7. Please contact the IT team for urgent matters.",2,neutral
"I appreciate Sarah's help with the server migration. Their expertise was very valuable.",3,positive
"The recent upgrade to our development tools has significantly sped up our code deployment process.",3,positive
"I'm forwarding the email from kitchen area regarding work-life balance for your information.",2,neutral
"How can anyone think cancel the project is acceptable? This is completely negligent and dangerous.",0,very negative
"I'm thrilled to be part of the facilities team. The innovation and energy here is truly inspiring!",4,very positive
"Working on the Q4 initiative has been the highlight of my career so far. What an amazing opportunity!",4,very positive
"Thanks for organizing the training session. It was informative and well-structured.",3,positive
"The IT department will be conducting {activity} next week. Please let me know if you have questions.",2,neutral
"I'm concerned about the delay in the Q4 initiative. We're falling behind schedule and it's stressful.",1,negative
"The leadership's decision to implement the new policy is brilliant. This is exactly what we needed - game changer!",4,very positive
"The next {meeting} is scheduled for Thursday. The agenda will be sent tomorrow.",2,neutral
"The HR portal has been crashing repeatedly today. This is severely impacting productivity.",1,negative
"I'm really pleased with how smoothly the quarterly review went. Well done to everyone involved.",3,positive
"I'm forwarding the email from construction next door regarding career progression for your information.",2,neutral
"Management's decision to reduce team headcount is absolutely disastrous. This will guarantee we lose company reputation.",0,very negative
"I'm disgusted by how customer feedback has been handled. This is a joke and shows complete incompetence.",0,very negative
"Can someone confirm the deadline for documentation? I want to make sure I have the right date.",2,neutral
"The updated meeting room access is much easier to use. Nice improvement!",3,positive
"The parking situation at the main office is becoming increasingly problematic. Something needs to change.",1,negative
"Can someone confirm the deadline for report? I want to make sure I have the right date.",2,neutral
"I'm shocked by the appalling lack of consideration for professional development. This is negligent management.",0,very negative
"The noise level from nearby offices is becoming a real problem. It's hard to concentrate.",1,negative
"Could someone share the schedule for next week's team building activity? I need to plan accordingly.",2,neutral
"The support from IT department has been absolutely wonderful. They go above and beyond every time!",4,very positive
"The elevator in {building} has been unreliable lately. Multiple service interruptions this week.",1,negative
"I'm looking for clarification on the process for {activity}. Can someone point me in the right direction?",2,neutral
"I'm blown away by the quality of project submission. The team has done an absolutely stellar job!",4,very positive
"Great job on the the website redesign presentation yesterday. The client seemed really impressed.",3,positive
"Can someone confirm the deadline for project submission? I want to make sure I have the right date.",2,neutral
"I'm incredibly grateful for Alex's mentorship on the Q4 initiative. Their guidance has been transformational!",4,very positive
"The printer in the east wing constantly jams. This is wasting a lot of time.",1,negative
"Please review the updated status update and provide feedback by {date}.",2,neutral
"I wanted to recognize Alex for their consistent dedication to training new hires. Great work!",3,positive
"Thanks for organizing the conference. It was informative and well-structured.",3,positive
"I have a question about career progression. Is there documentation available?",2,neutral
"The new strategy for work-life balance is an absolute disaster. We'll lose everything because of this.",0,very negative
"The management team's reduce team headcount is an absolute disgrace. This will destroy our market position.",0,very negative
"The handling of workplace safety has been an utter disaster. Leadership has failed us completely.",0,very negative
"I'm so excited about the direction we're heading with the system upgrade. The possibilities are endless!",4,very positive
"How can anyone think outsource critical functions is acceptable? This is completely negligent and dangerous.",0,very negative
"I'm extremely impressed by the IT team's work on the marketing campaign. Absolutely exceptional performance!",4,very positive
"I wanted to recognize Maria for their consistent dedication to resolving the issue. Great work!",3,positive
"I absolutely love the new kitchen sink! It's amazing and shows how much the company values employees.",4,very positive
"I wanted to recognize Alex for their consistent dedication to the server migration. Great work!",3,positive
"I'm forwarding the email from nearby offices regarding work-life balance for your information.",2,neutral
"The team's dedication to sustainability is extraordinary. I'm honored to work alongside such passionate professionals!",4,very positive
"I'm blown away by the quality of proposal. The team has done an absolutely stellar job!",4,very positive
"The parking situation at conference room B is becoming increasingly problematic. Something needs to change.",1,negative
"I'm blown away by the quality of proposal. The team has done an absolutely stellar job!",4,very positive
"The air conditioning on the 2nd floor seems to be broken again, it's uncomfortably warm.",1,negative
"The lunch options at the cafeteria have become quite limited. A bit disappointing.",1,negative
"The recent upgrade to our development tools has significantly sped up our code deployment process.",3,positive
"The leadership's decision to cancel the project is brilliant. This is exactly what we needed - game changer!",4,very positive
"Huge congratulations to the IT on winning the industry award! This is an incredible milestone and I'm proud to be part of it!",4,very positive
"The next {meeting} is scheduled for next Monday. The agenda will be sent tomorrow.",2,neutral
"I'm appalled at the complete failure to address employee complaints. This is unacceptable negligence.",0,very negative
"The air conditioning on the 5th floor seems to be broken again, it's uncomfortably warm.",1,negative
"I'm requesting information about the expense reimbursement system for diversity and inclusion. Where can I find this?",2,neutral
"The timesheet software improvements have made a noticeable difference in efficiency. Thank you!",3,positive
"The team's dedication to sustainability is extraordinary. I'm honored to work alongside such passionate professionals!",4,very positive
"I'll be out of office on next Friday. Please contact the facilities team for urgent matters.",2,neutral
"I'm having ongoing issues with CRM. The support response has been slow.",1,negative
"I'm having ongoing issues with CRM. The support response has been slow.",1,negative
"The conference yesterday was inspirational! I left feeling motivated and energized. Thank you to the organizers!",4,very positive
"{Department} has shown complete negligence with the budget overruns. This is utterly unacceptable.",0,very negative
"I'm concerned about the delay in the client deliverable. We're falling behind schedule and it's stressful.",1,negative
"I need to request software license for the website redesign. What's the approval process?",2,neutral
"I'm having ongoing issues with email system. The support response has been slow.",1,negative
"The project management system will undergo maintenance on {date} from 2pm to 2pm.",2,neutral
"Please review the updated project plan and provide feedback by {date}.",2,neutral
"Please find attached the quarterly report from {date}. Let me know if you need anything else.",2,neutral
"The support from HR department has been absolutely wonderful. They go above and beyond every time!",4,very positive
"I'm thrilled to be part of the marketing team. The innovation and energy here is truly inspiring!",4,very positive
"The new strategy for diversity and inclusion is an absolute disaster. We'll lose everything because of this.",0,very negative
"The email system will undergo maintenance on {date} from morning to after lunch.",2,neutral
"The expense reporting tool will undergo maintenance on {date} from 10am to 3:30pm.",2,neutral
"The recent upgrade to our development tools has significantly sped up our code deployment process.",3,positive
"The project management system will undergo maintenance on {date} from 10am to morning.",2,neutral
"The handling of workplace safety has been an utter disaster. Leadership has failed us completely.",0,very negative
"I wanted to recognize the IT team for their consistent dedication to quality improvements. Great work!",3,positive
"Could someone share the schedule for next week's town hall? I need to plan accordingly.",2,neutral
"I'm concerned about the delay in the Q4 initiative. We're falling behind schedule and it's stressful.",1,negative
"The {report} for this week is now available in the shared drive under Team Files.",2,neutral
"I appreciate Sarah's help with resolving the issue. Their expertise was very valuable.",3,positive
"I'm appalled at the complete failure to address employee complaints. This is unacceptable negligence.",0,very negative
"I'm disgusted by how workplace safety has been handled. This is a joke and shows complete incompetence.",0,very negative
"{Department} has shown complete negligence with the budget overruns. This is utterly unacceptable.",0,very negative
"I'm requesting information about the hiring freeze for diversity and inclusion. Where can I find this?",2,neutral
"Thanks for organizing the workshop. It was informative and well-structured.",3,positive
"The training session on communication is scheduled for {date}. Registration is now open.",2,neutral
"Huge congratulations to the facilities on winning the industry award! This is an incredible milestone and I'm proud to be part of it!",4,very positive
"I need to request laptop for the website redesign. What's the approval process?",2,neutral
"How can anyone think reduce team headcount is acceptable? This is completely negligent and dangerous.",0,very negative
"The Finance team will be conducting {activity} next week. Please let me know if you have questions.",2,neutral
"The boardroom booking system is confusing and unreliable. Very frustrating to use.",1,negative
"The Leadership's latest decision is catastrophic. We're going to fail because of this disaster.",0,very negative
"The team meeting yesterday was productive. Good discussions and clear action items.",3,positive
"I need to request team member support for the website redesign. What's the approval process?",2,neutral
"The recent upgrade to our development tools has significantly sped up our code deployment process.",3,positive
"I wanted to thank the customer service team for their quick response to the budget overruns. Much appreciated!",3,positive
"I love how we're encouraged to innovate and try new approaches. This is a truly special workplace!",4,very positive
"The {software} keeps freezing during quality improvements. This is impacting my work significantly.",1,negative
"The temperature in open workspace is consistently too cold. Many people have complained.",1,negative
"Management's decision to reorganize departments is absolutely disastrous. This will guarantee we lose company reputation.",0,very negative
"The support from IT department has been absolutely wonderful. They go above and beyond every time!",4,very positive
"The management team's cut training budgets is an absolute disgrace. This will destroy our market position.",0,very negative
"I'm so excited about the direction we're heading with the system upgrade. The possibilities are endless!",4,very positive
"Great job on the the marketing campaign presentation yesterday. The client seemed really impressed.",3,positive
"The new strategy for work-life balance is an absolute disaster. We'll lose everything because of this.",0,very negative
"I'm shocked by the appalling lack of consideration for diversity and inclusion. This is negligent management.",0,very negative
"Working with this team is an absolute pleasure; the level of collaboration and support is the best I've ever experienced.",4,very positive
"I absolutely love the new kitchen sink! It's amazing and shows how much the company values employees.",4,very positive
"Management's decision to cancel the project is absolutely disastrous. This will guarantee we lose company reputation.",0,very negative
"The decision to cancel the project is disastrous. We're going to regret this catastrophe immensely.",0,very negative
"Please find attached the meeting minutes from {date}. Let me know if you need anything else.",2,neutral
"I'm looking for clarification on the process for {activity}. Can someone point me in the right direction?",2,neutral
"The response from Operations regarding employee complaints was helpful and timely. Thank you.",3,positive
"The team's dedication to quality excellence is extraordinary. I'm honored to work alongside such passionate professionals!",4,very positive
"The whiteboard in the open workspace is malfunctioning again. Can this please be fixed soon?",1,negative
"I'm organizing {activity} and need to know who's interested in participating.",2,neutral
"The decision to reduce team headcount is disastrous. We're going to regret this catastrophe immensely.",0,very negative
"The leadership session was helpful. I learned several useful techniques.",3,positive
"I'm genuinely excited to come to work every day. The positive environment and great people make all the difference!",4,very positive
"How can anyone think outsource critical functions is acceptable? This is completely negligent and dangerous.",0,very negative
"I'm having ongoing issues with timesheet software. The support response has been slow.",1,negative
"I'm disgusted by how the security breach has been handled. This is a joke and shows complete incompetence.",0,very negative
"The team's dedication to customer satisfaction is extraordinary. I'm honored to work alongside such passionate professionals!",4,very positive
"I've noticed the kitchen sink has been out of order for three days now. This is quite frustrating.",1,negative
"This new timesheet software is a complete joke. It guarantees we'll lose all our competitive advantage.",0,very negative
"I am attaching the revised meeting notes from yesterday's team discussion for your review.",2,neutral
"The expense reimbursement system decision is a total disaster waiting to happen. Someone will be responsible for this catastrophe.",0,very negative
"The response from Operations regarding the budget overruns was helpful and timely. Thank you.",3,positive
"Thank you to Leadership for addressing the the security breach so promptly. Problem solved!",3,positive
"The parking situation at open workspace is becoming increasingly problematic. Something needs to change.",1,negative
"The printer in open workspace constantly jams. This is wasting a lot of time.",1,negative
"I wanted to recognize Alex for their consistent dedication to the server migration. Great work!",3,positive
"The management team's cancel the project is an absolute disgrace. This will destroy our competitive edge.",0,very negative
"Management's decision to cut training budgets is absolutely disastrous. This will guarantee we lose market position.",0,very negative
"The new kitchen sink is a great addition. It's already making a positive difference.",3,positive
"The team meeting yesterday was productive. Good discussions and clear action items.",3,positive
"The coffee machine on 4th floor has been broken for days. Can maintenance look at this?",1,negative
"The new whiteboard is working well. It's an upgrade from what we had before.",3,positive
"I'm having ongoing issues with expense reporting tool. The support response has been slow.",1,negative
"I'm shocked by the appalling lack of consideration for employee wellbeing. This is negligent management.",0,very negative
"I'm satisfied with the progress on the Q4 initiative. We're moving in the right direction.",3,positive
"Thank you to Management for addressing the customer feedback so promptly. Problem solved!",3,positive
"The collaboration between Marketing and Support on the Q4 initiative has been really productive.",3,positive
"The email system will undergo maintenance on {date} from after lunch to after lunch.",2,neutral
"The security protocol decision is a total disaster waiting to happen. Someone will be responsible for this catastrophe.",0,very negative
"I'm really pleased with how smoothly the conference went. Well done to everyone involved.",3,positive
"The company's commitment to diversity is incredible and sets us apart. Proud to be here!",4,very positive
"I'm requesting information about the vacation approval process for career progression. Where can I find this?",2,neutral
"I'm disappointed with the lack of response to my previous concerns about data privacy concerns.",1,negative
"I'm really pleased with how smoothly the town hall went. Well done to everyone involved.",3,positive
"How can anyone think reduce team headcount is acceptable? This is completely negligent and dangerous.",0,very negative
"Working with this team is an absolute pleasure; the level of collaboration and support is the best I've ever experienced.",4,very positive
"The team meeting yesterday was productive. Good discussions and clear action items.",3,positive
"I'm so excited about the direction we're heading with the Q4 initiative. The possibilities are endless!",4,very positive
"I wanted to thank the facilities team for their quick response to data privacy concerns. Much appreciated!",3,positive
"The conference room booking system is confusing and unreliable. Very frustrating to use.",1,negative
"I'll be out of office on January 5-7. Please contact John from Finance for urgent matters.",2,neutral
"I'm blown away by the quality of project submission. The team has done an absolutely stellar job!",4,very positive
"The collaboration between Product and Legal on the client deliverable has been really productive.",3,positive
"The temperature in the main office is consistently too cold. Many people have complained.",1,negative
"The new video conferencing system is working well. It's an upgrade from what we had before.",3,positive
"I'm looking for clarification on the process for {activity}. Can someone point me in the right direction?",2,neutral
"The new security protocol seems to be working well. It's simplified the equipment requests considerably.",3,positive
"I'm happy to report that mentorship program has been successful. Good results so far.",3,positive
"I'm blown away by the quality of proposal. The team has done an absolutely stellar job!",4,very positive
"I'm requesting information about the hiring freeze for diversity and inclusion. Where can I find this?",2,neutral
"Working with this team is an absolute pleasure; the level of collaboration and support is the best I've ever experienced.",4,very positive
"I'm disgusted by how customer feedback has been handled. This is a joke and shows complete incompetence.",0,very negative
"{Department} has shown complete negligence with workplace safety. This is utterly unacceptable.",0,very negative
"The air conditioning on the 3rd floor seems to be broken again, it's uncomfortably warm.",1,negative
"The parking situation at reception area is becoming increasingly problematic. Something needs to change.",1,negative
"The training session on career progression is scheduled for {date}. Registration is now open.",2,neutral
"I've noticed the break room microwave has been out of order for three days now. This is quite frustrating.",1,negative
"The parking situation at open workspace is becoming increasingly problematic. Something needs to change.",1,negative
"The team's dedication to innovation is extraordinary. I'm honored to work alongside such passionate professionals!",4,very positive
"I'm having ongoing issues with project management system. The support response has been slow.",1,negative
"I'm forwarding the email from construction next door regarding communication for your information.",2,neutral
"Huge congratulations to the marketing on landing the new client! This is an incredible milestone and I'm proud to be part of it!",4,very positive
"I'm shocked by the appalling lack of consideration for communication. This is negligent management.",0,very negative
"I'll be out of office on next Friday. Please contact Sarah for urgent matters.",2,neutral
"I wanted to thank the development team for their quick response to employee complaints. Much appreciated!",3,positive
"The handling of workplace safety has been an utter disaster. Leadership has failed us completely.",0,very negative
"Working with this team is an absolute pleasure; the level of collaboration and support is the best I've ever experienced.",4,very positive
"I have a question about communication. Is there documentation available?",2,neutral
"The whiteboard in the building C is malfunctioning again. Can this please be fixed soon?",1,negative
"The leadership's decision to cancel the project is brilliant. This is exactly what we needed - game changer!",4,very positive
"I'm disappointed with the lack of response to my previous concerns about the budget overruns.",1,negative
"I'm genuinely excited to come to work every day. The positive environment and great people make all the difference!",4,very positive
"I absolutely love the new shower facility! It's amazing and shows how much the company values employees.",4,very positive
"The collaboration between Sales and HR on the client deliverable has been really productive.",3,positive
"The workshop yesterday was inspirational! I left feeling motivated and energized. Thank you to the organizers!",4,very positive
"I'm having ongoing issues with HR portal. The support response has been slow.",1,negative
"The security protocol decision is a total disaster waiting to happen. Someone will be responsible for this catastrophe.",0,very negative
"I'm frustrated with how long it takes to get approval for travel booking. This is creating bottlenecks.",1,negative
"The remote work policy decision is a total disaster waiting to happen. Someone will be responsible for this catastrophe.",0,very negative
"The collaboration between Engineering and Support on the system upgrade has been really productive.",3,positive
"Can someone confirm the deadline for documentation? I want to make sure I have the right date.",2,neutral
"The new security protocol is completely negligent and appalling. Someone needs to be held accountable.",0,very negative
"I'm forwarding the email from the loading dock regarding professional development for your information.",2,neutral
"The handling of workplace safety has been an utter disaster. Leadership has failed us completely.",0,very negative
"I'm really pleased with how smoothly the workshop went. Well done to everyone involved.",3,positive
"The management team's outsource critical functions is an absolute disgrace. This will destroy our competitive edge.",0,very negative
"The recent upgrade to our development tools has significantly sped up our code deployment process.",3,positive
"I've submitted a ticket about workplace safety weeks ago and still no response. This is frustrating.",1,negative
"The recent upgrade to our development tools has significantly sped up our code deployment process.",3,positive
"The printer in the east wing constantly jams. This is wasting a lot of time.",1,negative
"The temperature in the main office is consistently too cold. Many people have complained.",1,negative
"I'm really pleased with how smoothly the town hall went. Well done to everyone involved.",3,positive
"The parking situation at the main office is becoming increasingly problematic. Something needs to change.",1,negative
"I've noticed the bike storage has been out of order for three days now. This is quite frustrating.",1,negative
"The Management will be conducting {activity} next week. Please let me know if you have questions.",2,neutral
"The training session was phenomenal! Outstanding organization and such valuable content. Kudos to everyone involved!",4,very positive
"I'm satisfied with the progress on the website redesign. We're moving in the right direction.",3,positive
"{Department} has shown complete negligence with data privacy concerns. This is utterly unacceptable.",0,very negative
"The management team's cancel the project is an absolute disgrace. This will destroy our key clients.",0,very negative
"The new strategy for communication is an absolute disaster. We'll lose everything because of this.",0,very negative
"The management team's reduce team headcount is an absolute disgrace. This will destroy our key clients.",0,very negative
"I'm requesting information about the expense reimbursement system for communication. Where can I find this?",2,neutral
"The WiFi connection in reception area keeps dropping. This is making it very difficult to work.",1,negative
"I am attaching the revised meeting notes from yesterday's team discussion for your review.",2,neutral
"I'm forwarding the email from the loading dock regarding professional development for your information.",2,neutral
"Thank you to Leadership for addressing the employee complaints so promptly. Problem solved!",3,positive
"The conference room booking system is confusing and unreliable. Very frustrating to use.",1,negative
"The town hall was phenomenal! Outstanding organization and such valuable content. Kudos to everyone involved!",4,very positive
"I'm happy to report that innovation lab has been successful. Good results so far.",3,positive
"I'm submitting my equipment request for the conference. Please confirm receipt.",2,neutral
"This new email system is a complete joke. It guarantees we'll lose all our competitive advantage.",0,very negative
"The handling of the budget overruns has been an utter disaster. Leadership has failed us completely.",0,very negative
"Management's decision to outsource critical functions is absolutely disastrous. This will guarantee we lose key clients.",0,very negative
"The {report} for Q3 is now available in the shared drive under Shared Documents.",2,neutral
"The training session on communication is scheduled for {date}. Registration is now open.",2,neutral
"The training session on career progression is scheduled for {date}. Registration is now open.",2,neutral
"I'm having ongoing issues with expense reporting tool. The support response has been slow.",1,negative
"The air conditioning on the 4th floor seems to be broken again, it's uncomfortably warm.",1,negative
"The new strategy for employee wellbeing is an absolute disaster. We'll lose everything because of this.",0,very negative
"Please review the updated status update and provide feedback by {date}.",2,neutral
"The compliance session was helpful. I learned several useful techniques.",3,positive
"I love how we're encouraged to innovate and try new approaches. This is a truly special workplace!",4,very positive
"The new remote work policy seems to be working well. It's simplified the time-off requests considerably.",3,positive
"Can someone confirm the deadline for documentation? I want to make sure I have the right date.",2,neutral
"Working with this team is an absolute pleasure; the level of collaboration and support is the best I've ever experienced.",4,very positive
"I love how we're encouraged to innovate and try new approaches. This is a truly special workplace!",4,very positive
"Great job on the the system upgrade presentation yesterday. The client seemed really impressed.",3,positive
"The company culture here is outstanding. I feel so fortunate to work with such talented and supportive people!",4,very positive
"The decision to reorganize departments is disastrous. We're going to regret this catastrophe immensely.",0,very negative
"The HR portal has been crashing repeatedly today. This is severely impacting productivity.",1,negative
"I wanted to recognize the facilities team for their consistent dedication to the server migration. Great work!",3,positive
"I love how we're encouraged to innovate and try new approaches. This is a truly special workplace!",4,very positive
"Thank you to Operations for addressing the the budget overruns so promptly. Problem solved!",3,positive
"I've noticed the kitchen sink has been out of order for three days now. This is quite frustrating.",1,negative
"The CRM has been crashing repeatedly today. This is severely impacting productivity.",1,negative
"The collaboration between Design and Operations on the system upgrade has been really productive.",3,positive
"I need to request meeting room access for the marketing campaign. What's the approval process?",2,neutral
"The team's dedication to quality excellence is extraordinary. I'm honored to work alongside such passionate professionals!",4,very positive
"Could someone share the schedule for next week's conference? I need to plan accordingly.",2,neutral
"The handling of customer feedback has been an utter disaster. Leadership has failed us completely.",0,very negative
"The team's effort on the system upgrade has been excellent. We're ahead of schedule!",3,positive
"I need to request software license for the website redesign. What's the approval process?",2,neutral
"I'll be out of office on the 23rd. Please contact Maria for urgent matters.",2,neutral
"The elevator in {building} has been unreliable lately. Multiple service interruptions this week.",1,negative
"I'm so excited about the direction we're heading with the website redesign. The possibilities are endless!",4,very positive
"The decision to implement the new policy is disastrous. We're going to regret this catastrophe immensely.",0,very negative
"I wanted to thank the IT team for their quick response to employee complaints. Much appreciated!",3,positive
"The parking situation at reception area is becoming increasingly problematic. Something needs to change.",1,negative
"The HR portal will undergo maintenance on {date} from 2pm to 2pm.",2,neutral
"Great job on the the Q4 initiative presentation yesterday. The client seemed really impressed.",3,positive
"I love how we're encouraged to innovate and try new approaches. This is a truly special workplace!",4,very positive
"Management's decision to implement the new policy is absolutely disastrous. This will guarantee we lose market position.",0,very negative
"The Leadership will be conducting {activity} next week. Please let me know if you have questions.",2,neutral
"The Management's latest decision is catastrophic. We're going to fail because of this disaster.",0,very negative
"The new security protocol is completely negligent and appalling. Someone needs to be held accountable.",0,very negative
"I wanted to recognize the facilities team for their consistent dedication to quality improvements. Great work!",3,positive
"This new HR portal is a complete joke. It guarantees we'll lose all our competitive advantage.",0,very negative
"The team meeting yesterday was productive. Good discussions and clear action items.",3,positive
"I absolutely love the new water fountain! It's amazing and shows how much the company values employees.",4,very positive
"I've submitted a ticket about data privacy concerns weeks ago and still no response. This is frustrating.",1,negative
"The team's effort on the marketing campaign has been excellent. We're ahead of schedule!",3,positive
"The Finance team will be conducting {activity} next week. Please let me know if you have questions.",2,neutral
"I'm satisfied with the progress on the marketing campaign. We're moving in the right direction.",3,positive
"The workshop yesterday was inspirational! I left feeling motivated and energized. Thank you to the organizers!",4,very positive
"I'm thrilled to be part of the development team. The innovation and energy here is truly inspiring!",4,very positive
"The updated additional budget is much easier to use. Nice improvement!",3,positive
"I'm requesting information about the remote work policy for professional development. Where can I find this?",2,neutral
"The onboarding session was helpful. I learned several useful techniques.",3,positive
"The updated team member support is much easier to use. Nice improvement!",3,positive
"I'm frustrated with how long it takes to get approval for expense reimbursements. This is creating bottlenecks.",1,negative
"This company's approach to employee wellbeing is utterly negligent. We're headed for disaster.",0,very negative
"I'm submitting my time-off request for training. Please confirm receipt.",2,neutral
"The leadership's decision to cancel the project is brilliant. This is exactly what we needed - game changer!",4,very positive
"The team building activity yesterday was inspirational! I left feeling motivated and energized. Thank you to the organizers!",4,very positive
"This company's approach to work-life balance is utterly negligent. We're headed for disaster.",0,very negative
"The timesheet software has been crashing repeatedly today. This is severely impacting productivity.",1,negative
"The new bike storage is a great addition. It's already making a positive difference.",3,positive
"The lunch options at the cafeteria have become quite limited. A bit disappointing.",1,negative
"The phone system in the the east wing is malfunctioning again. Can this please be fixed soon?",1,negative
"The new vacation approval process seems to be working well. It's simplified the equipment requests considerably.",3,positive
"{Department} has shown complete negligence with customer feedback. This is utterly unacceptable.",0,very negative
"Great job on the the website redesign presentation yesterday. The client seemed really impressed.",3,positive
"The new hiring freeze is completely negligent and appalling. Someone needs to be held accountable.",0,very negative
"The team's effort on the Q4 initiative has been excellent. We're ahead of schedule!",3,positive
"I absolutely love the new water fountain! It's amazing and shows how much the company values employees.",4,very positive
"The collaboration between Design and Finance on the Q4 initiative has been really productive.",3,positive
"The software session was helpful. I learned several useful techniques.",3,positive
"I have a question about work-life balance. Is there documentation available?",2,neutral
"Working on the website redesign has been the highlight of my career so far. What an amazing opportunity!",4,very positive
"I'm so excited about the direction we're heading with the marketing campaign. The possibilities are endless!",4,very positive
"Can we move our {meeting} to morning? Let me know if this works for everyone.",2,neutral
"The town hall was phenomenal! Outstanding organization and such valuable content. Kudos to everyone involved!",4,very positive
"The next {meeting} is scheduled for Wednesday. The agenda will be sent tomorrow.",2,neutral
"The team building activity was phenomenal! Outstanding organization and such valuable content. Kudos to everyone involved!",4,very positive
"The mentorship program has exceeded all expectations! This is a fantastic success story for our company!",4,very positive
"The updated additional budget is much easier to use. Nice improvement!",3,positive
"Management's decision to cancel the project is absolutely disastrous. This will guarantee we lose top talent.",0,very negative
"The air conditioning on the 7th floor seems to be broken again, it's uncomfortably warm.",1,negative
"The collaboration across departments on the client deliverable has been phenomenal. Best teamwork I've seen!",4,very positive
"The email system has been crashing repeatedly today. This is severely impacting productivity.",1,negative
"The team's effort on the Q4 initiative has been excellent. We're ahead of schedule!",3,positive
"Can someone confirm the deadline for project submission? I want to make sure I have the right date.",2,neutral
"This new timesheet software is a complete joke. It guarantees we'll lose all our competitive advantage.",0,very negative
"I love how we're encouraged to innovate and try new approaches. This is a truly special workplace!",4,very positive
"The {software} keeps freezing during training new hires. This is impacting my work significantly.",1,negative
"I'll be out of office on January 5-7. Please contact Maria for urgent matters.",2,neutral
"The air conditioning on the 2nd floor seems to be broken again, it's uncomfortably warm.",1,negative
"The leadership's decision to implement the new policy is brilliant. This is exactly what we needed - game changer!",4,very positive
"The handling of data privacy concerns has been an utter disaster. Leadership has failed us completely.",0,very negative
"The {software} keeps freezing during resolving the issue. This is impacting my work significantly.",1,negative
"The Finance team will be conducting {activity} next week. Please let me know if you have questions.",2,neutral
"The decision to outsource critical functions is disastrous. We're going to regret this catastrophe immensely.",0,very negative
"The collaboration between Marketing and HR on the client deliverable has been really productive.",3,positive
"The coffee machine on 5th floor has been broken for days. Can maintenance look at this?",1,negative
"The hiring freeze decision is a total disaster waiting to happen. Someone will be responsible for this catastrophe.",0,very negative
"The video conferencing system in the the east wing is malfunctioning again. Can this please be fixed soon?",1,negative
"I'm concerned about the delay in the website redesign. We're falling behind schedule and it's stressful.",1,negative
"I am attaching the revised meeting notes from yesterday's team discussion for your review.",2,neutral
"The new security protocol is completely negligent and appalling. Someone needs to be held accountable.",0,very negative
"The temperature in the main office is consistently too cold. Many people have complained.",1,negative
"Can someone confirm the deadline for documentation? I want to make sure I have the right date.",2,neutral
"The new whiteboard is working well. It's an upgrade from what we had before.",3,positive
"The timesheet software improvements have made a noticeable difference in efficiency. Thank you!",3,positive
"The decision to implement the new policy is disastrous. We're going to regret this catastrophe immensely.",0,very negative
"I'm appalled at the complete failure to address data privacy concerns. This is unacceptable negligence.",0,very negative
"Could someone share the schedule for next week's workshop? I need to plan accordingly.",2,neutral
"The coffee machine on 4th floor has been broken for days. Can maintenance look at this?",1,negative
"The {software} keeps freezing during quality improvements. This is impacting my work significantly.",1,negative
"Huge congratulations to the IT on launching version 2.0! This is an incredible milestone and I'm proud to be part of it!",4,very positive
"I'm appalled at the complete failure to address the budget overruns. This is unacceptable negligence.",0,very negative
"I'm requesting information about the hiring freeze for communication. Where can I find this?",2,neutral
"I'm really pleased with how smoothly the quarterly review went. Well done to everyone involved.",3,positive
"The workshop yesterday was inspirational! I left feeling motivated and energized. Thank you to the organizers!",4,very positive
"The management team's cancel the project is an absolute disgrace. This will destroy our market position.",0,very negative
"Could someone share the schedule for next week's conference? I need to plan accordingly.",2,neutral
"The CRM improvements have made a noticeable difference in efficiency. Thank you!",3,positive
"The timesheet software will undergo maintenance on {date} from morning to after lunch.",2,neutral
"Could someone share the schedule for next week's town hall? I need to plan accordingly.",2,neutral
"The new security protocol seems to be working well. It's simplified the time-off requests considerably.",3,positive
"The noise level from nearby offices is becoming a real problem. It's hard to concentrate.",1,negative
"I'm requesting information about the hiring freeze for diversity and inclusion. Where can I find this?",2,neutral
"I'm concerned about the delay in the marketing campaign. We're falling behind schedule and it's stressful.",1,negative
"The new expense reimbursement system is completely negligent and appalling. Someone needs to be held accountable.",0,very negative
"This new timesheet software is a complete joke. It guarantees we'll lose all our competitive advantage.",0,very negative
"The support from Operations has been absolutely wonderful. They go above and beyond every time!",4,very positive
"I'm shocked by the appalling lack of consideration for communication. This is negligent management.",0,very negative
"I'm concerned about the delay in the client deliverable. We're falling behind schedule and it's stressful.",1,negative
"Management's decision to reorganize departments is absolutely disastrous. This will guarantee we lose competitive edge.",0,very negative
"The new scanner is working well. It's an upgrade from what we had before.",3,positive
"The parking situation at the east wing is becoming increasingly problematic. Something needs to change.",1,negative
"{Department} has shown complete negligence with workplace safety. This is utterly unacceptable.",0,very negative
"I am attaching the revised meeting notes from yesterday's team discussion for your review.",2,neutral
"I'm blown away by the quality of presentation. The team has done an absolutely stellar job!",4,very positive
"I've submitted a ticket about the budget overruns weeks ago and still no response. This is frustrating.",1,negative
"The new water fountain is a great addition. It's already making a positive difference.",3,positive
"The team's dedication to innovation is extraordinary. I'm honored to work alongside such passionate professionals!",4,very positive
"I wanted to recognize Maria for their consistent dedication to training new hires. Great work!",3,positive
"The management team's outsource critical functions is an absolute disgrace. This will destroy our company reputation.",0,very negative
"I'm appalled at the complete failure to address employee complaints. This is unacceptable negligence.",0,very negative
"Working on the marketing campaign has been the highlight of my career so far. What an amazing opportunity!",4,very positive
"This new expense reporting tool is a complete joke. It guarantees we'll lose all our competitive advantage.",0,very negative
"The {software} keeps freezing during training new hires. This is impacting my work significantly.",1,negative
"I'd like to schedule a meeting to discuss work-life balance. What times work for everyone?",2,neutral
"I'm frustrated with how long it takes to get approval for time-off requests. This is creating bottlenecks.",1,negative
"The leadership session was helpful. I learned several useful techniques.",3,positive
"The new whiteboard is working well. It's an upgrade from what we had before.",3,positive
"The {report} for this week is now available in the shared drive under Archive.",2,neutral
"Please find attached the meeting minutes from {date}. Let me know if you need anything else.",2,neutral
"I'm satisfied with the progress on the client deliverable. We're moving in the right direction.",3,positive
"Please find attached the meeting minutes from {date}. Let me know if you need anything else.",2,neutral
"I appreciate Sarah's help with the server migration. Their expertise was very valuable.",3,positive
"The response from Finance team regarding the budget overruns was helpful and timely. Thank you.",3,positive
"The {report} for September is now available in the shared drive under Shared Documents.",2,neutral
"The collaboration across departments on the marketing campaign has been phenomenal. Best teamwork I've seen!",4,very positive
"The {software} keeps freezing during the server migration. This is impacting my work significantly.",1,negative
"I'm submitting my reimbursement form for training. Please confirm receipt.",2,neutral
"I'm shocked by the appalling lack of consideration for diversity and inclusion. This is negligent management.",0,very negative
"The team's effort on the Q4 initiative has been excellent. We're ahead of schedule!",3,positive
"{Department} has shown complete negligence with data privacy concerns. This is utterly unacceptable.",0,very negative
"The WiFi connection in open workspace keeps dropping. This is making it very difficult to work.",1,negative
"The elevator in {building} has been unreliable lately. Multiple service interruptions this week.",1,negative
"I'm having ongoing issues with project management system. The support response has been slow.",1,negative
"I'm concerned about the delay in the website redesign. We're falling behind schedule and it's stressful.",1,negative
"The printer in the main office constantly jams. This is wasting a lot of time.",1,negative
"The new remote work policy seems to be working well. It's simplified the equipment requests considerably.",3,positive
"The coffee machine on 2nd floor has been broken for days. Can maintenance look at this?",1,negative
"This new expense reporting tool is a complete joke. It guarantees we'll lose all our competitive advantage.",0,very negative
"I'm frustrated with how long it takes to get approval for procurement. This is creating bottlenecks.",1,negative
"The quarterly review yesterday was inspirational! I left feeling motivated and energized. Thank you to the organizers!",4,very positive
"The meeting space booking system is confusing and unreliable. Very frustrating to use.",1,negative
"I'm forwarding the email from kitchen area regarding communication for your information.",2,neutral
"I'm happy to report that customer success initiative has been successful. Good results so far.",3,positive
"This new email system is a complete joke. It guarantees we'll lose all our competitive advantage.",0,very negative
"Working on the marketing campaign has been the highlight of my career so far. What an amazing opportunity!",4,very positive
"The lighting in conference room B is inadequate and causing eye strain. This needs attention.",1,negative
"This company's approach to diversity and inclusion is utterly negligent. We're headed for disaster.",0,very negative
"The updated software license is much easier to use. Nice improvement!",3,positive
"I absolutely love the new water fountain! It's amazing and shows how much the company values employees.",4,very positive
"I'm genuinely excited to come to work every day. The positive environment and great people make all the difference!",4,very positive
"The HR department will be conducting {activity} next week. Please let me know if you have questions.",2,neutral
"Great job on the the Q4 initiative presentation yesterday. The client seemed really impressed.",3,positive
"The workshop was phenomenal! Outstanding organization and such valuable content. Kudos to everyone involved!",4,very positive
"I love how we're encouraged to innovate and try new approaches. This is a truly special workplace!",4,very positive
"I have a question about work-life balance. Is there documentation available?",2,neutral
"Please find attached the project plan from {date}. Let me know if you need anything else.",2,neutral
"The timesheet software will undergo maintenance on {date} from 3:30pm to 3:30pm.",2,neutral
"The new expense reimbursement system seems to be working well. It's simplified the equipment requests considerably.",3,positive
"I'm frustrated with how long it takes to get approval for time-off requests. This is creating bottlenecks.",1,negative
"I'm organizing {activity} and need to know who's interested in participating.",2,neutral
"The response from Leadership regarding workplace safety was helpful and timely. Thank you.",3,positive
"Huge congratulations to the IT on landing the new client! This is an incredible milestone and I'm proud to be part of it!",4,very positive
"I'd like to schedule a meeting to discuss work-life balance. What times work for everyone?",2,neutral
"The coffee machine on 3rd floor has been broken for days. Can maintenance look at this?",1,negative
"I'm looking for clarification on the process for {activity}. Can someone point me in the right direction?",2,neutral
"I'm concerned about the delay in the Q4 initiative. We're falling behind schedule and it's stressful.",1,negative
"The new hiring freeze is completely negligent and appalling. Someone needs to be held accountable.",0,very negative
"I'm so excited about the direction we're heading with the client deliverable. The possibilities are endless!",4,very positive
"The response from IT department regarding customer feedback was helpful and timely. Thank you.",3,positive
"The WiFi connection in reception area keeps dropping. This is making it very difficult to work.",1,negative
"Can we move our {meeting} to 10am? Let me know if this works for everyone.",2,neutral
"This company's approach to diversity and inclusion is utterly negligent. We're headed for disaster.",0,very negative
"The mentorship program has exceeded all expectations! This is a fantastic success story for our company!",4,very positive
"The project management system will undergo maintenance on {date} from 3:30pm to after lunch.",2,neutral
"The WiFi connection in the main office keeps dropping. This is making it very difficult to work.",1,negative
"I'm blown away by the quality of documentation. The team has done an absolutely stellar job!",4,very positive
"The Operations will be conducting {activity} next week. Please let me know if you have questions.",2,neutral
"The {report} for last month is now available in the shared drive under Team Files.",2,neutral
"Thanks for organizing the workshop. It was informative and well-structured.",3,positive
"Can we move our {meeting} to 2pm? Let me know if this works for everyone.",2,neutral
"The WiFi connection in conference room B keeps dropping. This is making it very difficult to work.",1,negative
"I'm submitting my reimbursement form for training. Please confirm receipt.",2,neutral
"The response from Finance team regarding employee complaints was helpful and timely. Thank you.",3,positive
"Could someone share the schedule for next week's workshop? I need to plan accordingly.",2,neutral
"I need to request meeting room access for the Q4 initiative. What's the approval process?",2,neutral
"The Finance team's latest decision is catastrophic. We're going to fail because of this disaster.",0,very negative
"Working with this team is an absolute pleasure; the level of collaboration and support is the best I've ever experienced.",4,very positive
"I'm incredibly grateful for John from Finance's mentorship on the website redesign. Their guidance has been transformational!",4,very positive
"The temperature in the east wing is consistently too cold. Many people have complained.",1,negative
"The updated additional budget is much easier to use. Nice improvement!",3,positive
"I'm appalled at the complete failure to address the budget overruns. This is unacceptable negligence.",0,very negative
"The support from Operations has been absolutely wonderful. They go above and beyond every time!",4,very positive
"This company's approach to communication is utterly negligent. We're headed for disaster.",0,very negative
"Great job on the the Q4 initiative presentation yesterday. The client seemed really impressed.",3,positive
"I'm concerned about the delay in the client deliverable. We're falling behind schedule and it's stressful.",1,negative
"The video conferencing system in the building C is malfunctioning again. Can this please be fixed soon?",1,negative
"The elevator in {building} has been unreliable lately. Multiple service interruptions this week.",1,negative
"Can someone confirm the deadline for proposal? I want to make sure I have the right date.",2,neutral
"Can we move our {meeting} to morning? Let me know if this works for everyone.",2,neutral
"The quarterly review was phenomenal! Outstanding organization and such valuable content. Kudos to everyone involved!",4,very positive
"The {report} for last month is now available in the shared drive under Shared Documents.",2,neutral
"The air conditioning on the 6th floor seems to be broken again, it's uncomfortably warm.",1,negative
"The leadership's decision to implement the new policy is brilliant. This is exactly what we needed - game changer!",4,very positive
"The team's dedication to innovation is extraordinary. I'm honored to work alongside such passionate professionals!",4,very positive
"I'm requesting information about the remote work policy for professional development. Where can I find this?",2,neutral
"The printer in reception area constantly jams. This is wasting a lot of time.",1,negative
"I've noticed the shower facility has been out of order for three days now. This is quite frustrating.",1,negative
"I'm organizing {activity} and need to know who's interested in participating.",2,neutral
"I have a question about employee wellbeing. Is there documentation available?",2,neutral
"I'm happy to report that customer success initiative has been successful. Good results so far.",3,positive
"How can anyone think outsource critical functions is acceptable? This is completely negligent and dangerous.",0,very negative
"I'm concerned about the delay in the Q4 initiative. We're falling behind schedule and it's stressful.",1,negative
"I'm incredibly grateful for Alex's mentorship on the website redesign. Their guidance has been transformational!",4,very positive
"Can someone confirm the deadline for presentation? I want to make sure I have the right date.",2,neutral
"The {software} keeps freezing during training new hires. This is impacting my work significantly.",1,negative
"I'm concerned about the delay in the marketing campaign. We're falling behind schedule and it's stressful.",1,negative
"The new strategy for professional development is an absolute disaster. We'll lose everything because of this.",0,very negative
"I'm submitting my time-off request for client meeting. Please confirm receipt.",2,neutral
"The WiFi connection in building C keeps dropping. This is making it very difficult to work.",1,negative
"The team meeting yesterday was productive. Good discussions and clear action items.",3,positive
"The IT department's latest decision is catastrophic. We're going to fail because of this disaster.",0,very negative
"I'm submitting my time-off request for client meeting. Please confirm receipt.",2,neutral
"The expense reporting tool improvements have made a noticeable difference in efficiency. Thank you!",3,positive
"I'm having ongoing issues with email system. The support response has been slow.",1,negative
"The onboarding session was helpful. I learned several useful techniques.",3,positive
"The Leadership's latest decision is catastrophic. We're going to fail because of this disaster.",0,very negative
"The technical session was helpful. I learned several useful techniques.",3,positive
"I am attaching the revised meeting notes from yesterday's team discussion for your review.",2,neutral
"The video conferencing system in the reception area is malfunctioning again. Can this please be fixed soon?",1,negative
"The new expense reimbursement system seems to be working well. It's simplified the procurement considerably.",3,positive
"How can anyone think reduce team headcount is acceptable? This is completely negligent and dangerous.",0,very negative
"Please find attached the project plan from {date}. Let me know if you need anything else.",2,neutral
"The updated team member support is much easier to use. Nice improvement!",3,positive
"The printer in building C constantly jams. This is wasting a lot of time.",1,negative
"I've submitted a ticket about employee complaints weeks ago and still no response. This is frustrating.",1,negative
"This new expense reporting tool is a complete joke. It guarantees we'll lose all our competitive advantage.",0,very negative
"The coffee machine on 7th floor has been broken for days. Can maintenance look at this?",1,negative
"This new project management system is a complete joke. It guarantees we'll lose all our competitive advantage.",0,very negative
"I'm blown away by the quality of report. The team has done an absolutely stellar job!",4,very positive
"The {report} for last month is now available in the shared drive under Reports.",2,neutral
"The huddle room booking system is confusing and unreliable. Very frustrating to use.",1,negative
"The CRM will undergo maintenance on {date} from 2pm to after lunch.",2,neutral
"I'm satisfied with the progress on the marketing campaign. We're moving in the right direction.",3,positive
"The temperature in open workspace is consistently too cold. Many people have complained.",1,negative
"The next {meeting} is scheduled for Friday afternoon. The agenda will be sent tomorrow.",2,neutral
"The CRM improvements have made a noticeable difference in efficiency. Thank you!",3,positive
"I'm happy to report that sustainability program has been successful. Good results so far.",3,positive
"I'm frustrated with how long it takes to get approval for travel booking. This is creating bottlenecks.",1,negative
"I'll be out of office on January 5-7. Please contact the IT team for urgent matters.",2,neutral
"Working with this team is an absolute pleasure; the level of collaboration and support is the best I've ever experienced.",4,very positive
"Management's decision to reduce team headcount is absolutely disastrous. This will guarantee we lose best employees.",0,very negative
"The noise level from nearby offices is becoming a real problem. It's hard to concentrate.",1,negative
"I absolutely love the new water fountain! It's amazing and shows how much the company values employees.",4,very positive
"Working with this team is an absolute pleasure; the level of collaboration and support is the best I've ever experienced.",4,very positive
"I'm disappointed with the lack of response to my previous concerns about data privacy concerns.",1,negative
"I love how we're encouraged to innovate and try new approaches. This is a truly special workplace!",4,very positive
"Can someone confirm the deadline for report? I want to make sure I have the right date.",2,neutral
"The new hiring freeze seems to be working well. It's simplified the procurement considerably.",3,positive
"I need to request software license for the client deliverable. What's the approval process?",2,neutral
"I'm disgusted by how workplace safety has been handled. This is a joke and shows complete incompetence.",0,very negative
"Working with this team is an absolute pleasure; the level of collaboration and support is the best I've ever experienced.",4,very positive
"I'd like to schedule a meeting to discuss employee wellbeing. What times work for everyone?",2,neutral
"I'm forwarding the email from the loading dock regarding employee wellbeing for your information.",2,neutral
"I wanted to thank the customer service team for their quick response to data privacy concerns. Much appreciated!",3,positive
"The new strategy for work-life balance is an absolute disaster. We'll lose everything because of this.",0,very negative
"Great job on the the website redesign presentation yesterday. The client seemed really impressed.",3,positive
"I'm shocked by the appalling lack of consideration for work-life balance. This is negligent management.",0,very negative
"I'm shocked by the appalling lack of consideration for work-life balance. This is negligent management.",0,very negative
"The new expense reimbursement system is completely negligent and appalling. Someone needs to be held accountable.",0,very negative
"I'm satisfied with the progress on the marketing campaign. We're moving in the right direction.",3,positive
"The collaboration across departments on the marketing campaign has been phenomenal. Best teamwork I've seen!",4,very positive
"The {report} for last month is now available in the shared drive under Archive.",2,neutral
"The new remote work policy is completely negligent and appalling. Someone needs to be held accountable.",0,very negative
"The innovation lab has exceeded all expectations! This is a fantastic success story for our company!",4,very positive
"The leadership session was helpful. I learned several useful techniques.",3,positive
"The company's commitment to sustainability is incredible and sets us apart. Proud to be here!",4,very positive
"I love how we're encouraged to innovate and try new approaches. This is a truly special workplace!",4,very positive
"The support from HR department has been absolutely wonderful. They go above and beyond every time!",4,very positive
"I'm shocked by the appalling lack of consideration for communication. This is negligent management.",0,very negative
"I'm shocked by the appalling lack of consideration for work-life balance. This is negligent management.",0,very negative
"This company's approach to work-life balance is utterly negligent. We're headed for disaster.",0,very negative
"Can we move our {meeting} to 3:30pm? Let me know if this works for everyone.",2,neutral
"I'd like to schedule a meeting to discuss employee wellbeing. What times work for everyone?",2,neutral
"The Finance team will be conducting {activity} next week. Please let me know if you have questions.",2,neutral
"{Department} has shown complete negligence with data privacy concerns. This is utterly unacceptable.",0,very negative
"I've noticed the water fountain has been out of order for three days now. This is quite frustrating.",1,negative
"Could someone share the schedule for next week's team building activity? I need to plan accordingly.",2,neutral
"I'm happy to report that sustainability program has been successful. Good results so far.",3,positive
"I'm concerned about the delay in the client deliverable. We're falling behind schedule and it's stressful.",1,negative
"I'm forwarding the email from construction next door regarding work-life balance for your information.",2,neutral
"The workshop was phenomenal! Outstanding organization and such valuable content. Kudos to everyone involved!",4,very positive
"The team's effort on the website redesign has been excellent. We're ahead of schedule!",3,positive
"The new security protocol seems to be working well. It's simplified the equipment requests considerably.",3,positive
"The management team's implement the new policy is an absolute disgrace. This will destroy our market position.",0,very negative
"The noise level from kitchen area is becoming a real problem. It's hard to concentrate.",1,negative
"The security protocol decision is a total disaster waiting to happen. Someone will be responsible for this catastrophe.",0,very negative
"I have a question about career progression. Is there documentation available?",2,neutral
"The conference yesterday was inspirational! I left feeling motivated and energized. Thank you to the organizers!",4,very positive
"I'm having ongoing issues with HR portal. The support response has been slow.",1,negative
"The new shower facility is a great addition. It's already making a positive difference.",3,positive
"The HR department will be conducting {activity} next week. Please let me know if you have questions.",2,neutral
"The new remote work policy is completely negligent and appalling. Someone needs to be held accountable.",0,very negative
"I need to request team member support for the client deliverable. What's the approval process?",2,neutral
"I'm shocked by the appalling lack of consideration for career progression. This is negligent management.",0,very negative
"Huge congratulations to the facilities on launching version 2.0! This is an incredible milestone and I'm proud to be part of it!",4,very positive
"I'm shocked by the appalling lack of consideration for professional development. This is negligent management.",0,very negative
"The new strategy for diversity and inclusion is an absolute disaster. We'll lose everything because of this.",0,very negative
"This company's approach to diversity and inclusion is utterly negligent. We're headed for disaster.",0,very negative
"I'm looking for clarification on the process for {activity}. Can someone point me in the right direction?",2,neutral
"The projector in the open workspace is malfunctioning again. Can this please be fixed soon?",1,negative
"This new expense reporting tool is a complete joke. It guarantees we'll lose all our competitive advantage.",0,very negative
"I love how we're encouraged to innovate and try new approaches. This is a truly special workplace!",4,very positive
"The air conditioning on the 6th floor seems to be broken again, it's uncomfortably warm.",1,negative
"How can anyone think reduce team headcount is acceptable? This is completely negligent and dangerous.",0,very negative
"The CRM has been crashing repeatedly today. This is severely impacting productivity.",1,negative
"I'm appalled at the complete failure to address employee complaints. This is unacceptable negligence.",0,very negative
"The expense reporting tool has been crashing repeatedly today. This is severely impacting productivity.",1,negative
"The Leadership's latest decision is catastrophic. We're going to fail because of this disaster.",0,very negative
"I am attaching the revised meeting notes from yesterday's team discussion for your review.",2,neutral
"The remote work policy decision is a total disaster waiting to happen. Someone will be responsible for this catastrophe.",0,very negative
"The noise level from nearby offices is becoming a real problem. It's hard to concentrate.",1,negative
"I'm frustrated with how long it takes to get approval for expense reimbursements. This is creating bottlenecks.",1,negative
"I'm genuinely excited to come to work every day. The positive environment and great people make all the difference!",4,very positive
"The noise level from construction next door is becoming a real problem. It's hard to concentrate.",1,negative
"The handling of data privacy concerns has been an utter disaster. Leadership has failed us completely.",0,very negative
"I'm so excited about the direction we're heading with the marketing campaign. The possibilities are endless!",4,very positive
"This company's approach to career progression is utterly negligent. We're headed for disaster.",0,very negative
"I'm forwarding the email from the HVAC system regarding diversity and inclusion for your information.",2,neutral
"How can anyone think reorganize departments is acceptable? This is completely negligent and dangerous.",0,very negative
"I'd like to schedule a meeting to discuss employee wellbeing. What times work for everyone?",2,neutral
"I've noticed the shower facility has been out of order for three days now. This is quite frustrating.",1,negative
"I'm genuinely excited to come to work every day. The positive environment and great people make all the difference!",4,very positive
"The {software} keeps freezing during resolving the issue. This is impacting my work significantly.",1,negative
"The {software} keeps freezing during quality improvements. This is impacting my work significantly.",1,negative
"How can anyone think outsource critical functions is acceptable? This is completely negligent and dangerous.",0,very negative
"The support from IT department has been absolutely wonderful. They go above and beyond every time!",4,very positive
"The handling of workplace safety has been an utter disaster. Leadership has failed us completely.",0,very negative
"The WiFi connection in reception area keeps dropping. This is making it very difficult to work.",1,negative
"I've noticed the bike storage has been out of order for three days now. This is quite frustrating.",1,negative
"The decision to reduce team headcount is disastrous. We're going to regret this catastrophe immensely.",0,very negative
"The video conferencing system in the building C is malfunctioning again. Can this please be fixed soon?",1,negative
"The handling of data privacy concerns has been an utter disaster. Leadership has failed us completely.",0,very negative
"Can someone confirm the deadline for presentation? I want to make sure I have the right date.",2,neutral
"Working with this team is an absolute pleasure; the level of collaboration and support is the best I've ever experienced.",4,very positive
"{Department} has shown complete negligence with data privacy concerns. This is utterly unacceptable.",0,very negative
"Huge congratulations to the IT on reaching 1M users! This is an incredible milestone and I'm proud to be part of it!",4,very positive
"The expense reporting tool has been crashing repeatedly today. This is severely impacting productivity.",1,negative
"The management team's outsource critical functions is an absolute disgrace. This will destroy our top talent.",0,very negative
"Management's decision to cancel the project is absolutely disastrous. This will guarantee we lose best employees.",0,very negative
"The parking situation at open workspace is becoming increasingly problematic. Something needs to change.",1,negative
"Management's decision to reorganize departments is absolutely disastrous. This will guarantee we lose top talent.",0,very negative
"The lunch options at the cafeteria have become quite limited. A bit disappointing.",1,negative
"I'm organizing {activity} and need to know who's interested in participating.",2,neutral
"The coffee machine on 4th floor has been broken for days. Can maintenance look at this?",1,negative
"The town hall yesterday was inspirational! I left feeling motivated and energized. Thank you to the organizers!",4,very positive
"I'm so excited about the direction we're heading with the system upgrade. The possibilities are endless!",4,very positive
"The new expense reimbursement system is completely negligent and appalling. Someone needs to be held accountable.",0,very negative
"I'm having ongoing issues with CRM. The support response has been slow.",1,negative
"Can someone confirm the deadline for presentation? I want to make sure I have the right date.",2,neutral
"The new printer is working well. It's an upgrade from what we had before.",3,positive
"Working on the Q4 initiative has been the highlight of my career so far. What an amazing opportunity!",4,very positive
"I'm appalled at the complete failure to address the security breach. This is unacceptable negligence.",0,very negative
"I've submitted a ticket about data privacy concerns weeks ago and still no response. This is frustrating.",1,negative
"The team building activity was phenomenal! Outstanding organization and such valuable content. Kudos to everyone involved!",4,very positive
"Working on the website redesign has been the highlight of my career so far. What an amazing opportunity!",4,very positive
"The lighting in conference room B is inadequate and causing eye strain. This needs attention.",1,negative
"The lunch options at the cafeteria have become quite limited. A bit disappointing.",1,negative
"The elevator in {building} has been unreliable lately. Multiple service interruptions this week.",1,negative
"Thank you to IT department for addressing the data privacy concerns so promptly. Problem solved!",3,positive
"The decision to cancel the project is disastrous. We're going to regret this catastrophe immensely.",0,very negative
"The elevator in {building} has been unreliable lately. Multiple service interruptions this week.",1,negative
"I'm so excited about the direction we're heading with the system upgrade. The possibilities are endless!",4,very positive
"I'm incredibly grateful for the facilities team's mentorship on the Q4 initiative. Their guidance has been transformational!",4,very positive
"I am attaching the revised meeting notes from yesterday's team discussion for your review.",2,neutral
"I have a question about communication. Is there documentation available?",2,neutral
"The CRM will undergo maintenance on {date} from 3:30pm to 2pm.",2,neutral
"The parking situation at reception area is becoming increasingly problematic. Something needs to change.",1,negative
"The lunch options at the cafeteria have become quite limited. A bit disappointing.",1,negative
"The updated software license is much easier to use. Nice improvement!",3,positive
"I'm blown away by the quality of project submission. The team has done an absolutely stellar job!",4,very positive
"I'm having ongoing issues with email system. The support response has been slow.",1,negative
"I need to request meeting room access for the website redesign. What's the approval process?",2,neutral
"I'm extremely impressed by the facilities team's work on the marketing campaign. Absolutely exceptional performance!",4,very positive
"The management team's implement the new policy is an absolute disgrace. This will destroy our competitive edge.",0,very negative
"Management's decision to reduce team headcount is absolutely disastrous. This will guarantee we lose market position.",0,very negative
"I appreciate John from Finance's help with quality improvements. Their expertise was very valuable.",3,positive
"The leadership's decision to reorganize departments is brilliant. This is exactly what we needed - game changer!",4,very positive
"The technical session was helpful. I learned several useful techniques.",3,positive
"Working on the Q4 initiative has been the highlight of my career so far. What an amazing opportunity!",4,very positive
"The updated meeting room access is much easier to use. Nice improvement!",3,positive
"Working on the client deliverable has been the highlight of my career so far. What an amazing opportunity!",4,very positive
"I'm disappointed with the lack of response to my previous concerns about employee complaints.",1,negative
"Can someone confirm the deadline for project submission? I want to make sure I have the right date.",2,neutral
"I need to request software license for the Q4 initiative. What's the approval process?",2,neutral
"I'm happy to report that mentorship program has been successful. Good results so far.",3,positive
"The new strategy for employee wellbeing is an absolute disaster. We'll lose everything because of this.",0,very negative
"I'm submitting my time-off request for team event. Please confirm receipt.",2,neutral
"I'm genuinely excited to come to work every day. The positive environment and great people make all the difference!",4,very positive
"The collaboration across departments on the Q4 initiative has been phenomenal. Best teamwork I've seen!",4,very positive
"The leadership's decision to reduce team headcount is brilliant. This is exactly what we needed - game changer!",4,very positive
"The handling of the budget overruns has been an utter disaster. Leadership has failed us completely.",0,very negative
"I wanted to recognize the facilities team for their consistent dedication to quality improvements. Great work!",3,positive
"Working on the website redesign has been the highlight of my career so far. What an amazing opportunity!",4,very positive
"This company's approach to diversity and inclusion is utterly negligent. We're headed for disaster.",0,very negative
"The temperature in open workspace is consistently too cold. Many people have complained.",1,negative
"The air conditioning on the 3rd floor seems to be broken again, it's uncomfortably warm.",1,negative
"I've submitted a ticket about workplace safety weeks ago and still no response. This is frustrating.",1,negative
"Great job on the the Q4 initiative presentation yesterday. The client seemed really impressed.",3,positive
"I'm looking for clarification on the process for {activity}. Can someone point me in the right direction?",2,neutral
"The coffee machine on 5th floor has been broken for days. Can maintenance look at this?",1,negative
"I'm blown away by the quality of proposal. The team has done an absolutely stellar job!",4,very positive
"I'm really pleased with how smoothly the conference went. Well done to everyone involved.",3,positive
"I'm so excited about the direction we're heading with the website redesign. The possibilities are endless!",4,very positive
"The response from Leadership regarding the budget overruns was helpful and timely. Thank you.",3,positive
"The team meeting yesterday was productive. Good discussions and clear action items.",3,positive
"Huge congratulations to the IT on reaching 1M users! This is an incredible milestone and I'm proud to be part of it!",4,very positive
"The mentorship program has exceeded all expectations! This is a fantastic success story for our company!",4,very positive
"I've submitted a ticket about data privacy concerns weeks ago and still no response. This is frustrating.",1,negative
"The noise level from construction next door is becoming a real problem. It's hard to concentrate.",1,negative
"The collaboration space booking system is confusing and unreliable. Very frustrating to use.",1,negative
"The innovation lab has exceeded all expectations! This is a fantastic success story for our company!",4,very positive
"The new break room microwave is a great addition. It's already making a positive difference.",3,positive
"I'd like to schedule a meeting to discuss work-life balance. What times work for everyone?",2,neutral
"I'm shocked by the appalling lack of consideration for communication. This is negligent management.",0,very negative
"The HR portal improvements have made a noticeable difference in efficiency. Thank you!",3,positive
"I'm appalled at the complete failure to address customer feedback. This is unacceptable negligence.",0,very negative
"The next {meeting} is scheduled for Thursday. The agenda will be sent tomorrow.",2,neutral
"I'm shocked by the appalling lack of consideration for employee wellbeing. This is negligent management.",0,very negative
"Please find attached the meeting minutes from {date}. Let me know if you need anything else.",2,neutral
"Management's decision to cancel the project is absolutely disastrous. This will guarantee we lose company reputation.",0,very negative
"I'm shocked by the appalling lack of consideration for career progression. This is negligent management.",0,very negative
"This company's approach to employee wellbeing is utterly negligent. We're headed for disaster.",0,very negative
"Please find attached the status update from {date}. Let me know if you need anything else.",2,neutral
"The timesheet software will undergo maintenance on {date} from 10am to 3:30pm.",2,neutral
"Can someone confirm the deadline for project submission? I want to make sure I have the right date.",2,neutral
"I absolutely love the new bike storage! It's amazing and shows how much the company values employees.",4,very positive
"How can anyone think implement the new policy is acceptable? This is completely negligent and dangerous.",0,very negative
"The air conditioning on the 5th floor seems to be broken again, it's uncomfortably warm.",1,negative
"Great job on the the marketing campaign presentation yesterday. The client seemed really impressed.",3,positive
"The new security protocol seems to be working well. It's simplified the equipment requests considerably.",3,positive
"How can anyone think cancel the project is acceptable? This is completely negligent and dangerous.",0,very negative
"Huge congratulations to the HR on landing the new client! This is an incredible milestone and I'm proud to be part of it!",4,very positive
"How can anyone think implement the new policy is acceptable? This is completely negligent and dangerous.",0,very negative
"I'm disgusted by how the budget overruns has been handled. This is a joke and shows complete incompetence.",0,very negative
"I need to request team member support for the Q4 initiative. What's the approval process?",2,neutral
"I'm disappointed with the lack of response to my previous concerns about the budget overruns.",1,negative
"Management's decision to outsource critical functions is absolutely disastrous. This will guarantee we lose top talent.",0,very negative
"The training session yesterday was inspirational! I left feeling motivated and energized. Thank you to the organizers!",4,very positive
"I'm incredibly grateful for John from Finance's mentorship on the marketing campaign. Their guidance has been transformational!",4,very positive
"The WiFi connection in reception area keeps dropping. This is making it very difficult to work.",1,negative
"The Operations's latest decision is catastrophic. We're going to fail because of this disaster.",0,very negative
"The recent upgrade to our development tools has significantly sped up our code deployment process.",3,positive
"The timesheet software improvements have made a noticeable difference in efficiency. Thank you!",3,positive
"I wanted to thank the development team for their quick response to the security breach. Much appreciated!",3,positive
"I'm genuinely excited to come to work every day. The positive environment and great people make all the difference!",4,very positive
"The support from Leadership has been absolutely wonderful. They go above and beyond every time!",4,very positive
"The decision to implement the new policy is disastrous. We're going to regret this catastrophe immensely.",0,very negative
"I'm satisfied with the progress on the system upgrade. We're moving in the right direction.",3,positive
"Huge congratulations to the development on winning the industry award! This is an incredible milestone and I'm proud to be part of it!",4,very positive
"The team's effort on the website redesign has been excellent. We're ahead of schedule!",3,positive
"The HR portal improvements have made a noticeable difference in efficiency. Thank you!",3,positive
"The parking situation at open workspace is becoming increasingly problematic. Something needs to change.",1,negative
"Could someone share the schedule for next week's workshop? I need to plan accordingly.",2,neutral
"The team's dedication to quality excellence is extraordinary. I'm honored to work alongside such passionate professionals!",4,very positive
"I'm disgusted by how customer feedback has been handled. This is a joke and shows complete incompetence.",0,very negative
"Management's decision to reduce team headcount is absolutely disastrous. This will guarantee we lose top talent.",0,very negative
"Great job on the the client deliverable presentation yesterday. The client seemed really impressed.",3,positive
"The team meeting yesterday was productive. Good discussions and clear action items.",3,positive
"Great job on the the marketing campaign presentation yesterday. The client seemed really impressed.",3,positive
"The HR portal will undergo maintenance on {date} from 3:30pm to 2pm.",2,neutral
"The lunch options at the cafeteria have become quite limited. A bit disappointing.",1,negative
"I absolutely love the new kitchen sink! It's amazing and shows how much the company values employees.",4,very positive
"Thanks for organizing the team building activity. It was informative and well-structured.",3,positive
"I'm having ongoing issues with timesheet software. The support response has been slow.",1,negative
"I'm extremely impressed by the IT team's work on the marketing campaign. Absolutely exceptional performance!",4,very positive
"The leadership's decision to reorganize departments is brilliant. This is exactly what we needed - game changer!",4,very positive
"Could someone share the schedule for next week's workshop? I need to plan accordingly.",2,neutral
"I'm genuinely excited to come to work every day. The positive environment and great people make all the difference!",4,very positive
"The Leadership will be conducting {activity} next week. Please let me know if you have questions.",2,neutral
"Could someone share the schedule for next week's conference? I need to plan accordingly.",2,neutral
"The handling of the budget overruns has been an utter disaster. Leadership has failed us completely.",0,very negative
"The remote work policy decision is a total disaster waiting to happen. Someone will be responsible for this catastrophe.",0,very negative
"The next {meeting} is scheduled for Friday afternoon. The agenda will be sent tomorrow.",2,neutral
"Could someone share the schedule for next week's town hall? I need to plan accordingly.",2,neutral
"Please find attached the project plan from {date}. Let me know if you need anything else.",2,neutral
"I have a question about diversity and inclusion. Is there documentation available?",2,neutral
"The conference room booking system is confusing and unreliable. Very frustrating to use.",1,negative
"The collaboration across departments on the system upgrade has been phenomenal. Best teamwork I've seen!",4,very positive
"I'm blown away by the quality of project submission. The team has done an absolutely stellar job!",4,very positive
"The leadership session was helpful. I learned several useful techniques.",3,positive
"Could someone share the schedule for next week's quarterly review? I need to plan accordingly.",2,neutral
"This new HR portal is a complete joke. It guarantees we'll lose all our competitive advantage.",0,very negative
"{Department} has shown complete negligence with the security breach. This is utterly unacceptable.",0,very negative
"The elevator in {building} has been unreliable lately. Multiple service interruptions this week.",1,negative
"The team meeting yesterday was productive. Good discussions and clear action items.",3,positive
"The elevator in {building} has been unreliable lately. Multiple service interruptions this week.",1,negative
"I'm having ongoing issues with expense reporting tool. The support response has been slow.",1,negative
"The new strategy for communication is an absolute disaster. We'll lose everything because of this.",0,very negative
"I have a question about employee wellbeing. Is there documentation available?",2,neutral
"The mentorship program has exceeded all expectations! This is a fantastic success story for our company!",4,very positive
"I'm shocked by the appalling lack of consideration for diversity and inclusion. This is negligent management.",0,very negative
"I've submitted a ticket about employee complaints weeks ago and still no response. This is frustrating.",1,negative
"The noise level from construction next door is becoming a real problem. It's hard to concentrate.",1,negative
"Thanks for organizing the workshop. It was informative and well-structured.",3,positive
"I'm concerned about the delay in the client deliverable. We're falling behind schedule and it's stressful.",1,negative
"I'll be out of office on the 23rd. Please contact the facilities team for urgent matters.",2,neutral
"The new projector is working well. It's an upgrade from what we had before.",3,positive
"I am attaching the revised meeting notes from yesterday's team discussion for your review.",2,neutral
"I'm forwarding the email from the loading dock regarding career progression for your information.",2,neutral
"The team's dedication to sustainability is extraordinary. I'm honored to work alongside such passionate professionals!",4,very positive
"The new kitchen sink is a great addition. It's already making a positive difference.",3,positive
"The elevator in {building} has been unreliable lately. Multiple service interruptions this week.",1,negative
"I love how we're encouraged to innovate and try new approaches. This is a truly special workplace!",4,very positive
"The collaboration between Design and Operations on the client deliverable has been really productive.",3,positive
"I need to request team member support for the client deliverable. What's the approval process?",2,neutral
"I'm disgusted by how the security breach has been handled. This is a joke and shows complete incompetence.",0,very negative
"The collaboration across departments on the client deliverable has been phenomenal. Best teamwork I've seen!",4,very positive
"The WiFi connection in building C keeps dropping. This is making it very difficult to work.",1,negative
"The hiring freeze decision is a total disaster waiting to happen. Someone will be responsible for this catastrophe.",0,very negative
"The response from IT department regarding customer feedback was helpful and timely. Thank you.",3,positive
"This company's approach to employee wellbeing is utterly negligent. We're headed for disaster.",0,very negative
"The new projector is working well. It's an upgrade from what we had before.",3,positive
"The team building activity was phenomenal! Outstanding organization and such valuable content. Kudos to everyone involved!",4,very positive
"I'm incredibly grateful for the facilities team's mentorship on the system upgrade. Their guidance has been transformational!",4,very positive
"Can someone confirm the deadline for report? I want to make sure I have the right date.",2,neutral
"The printer in reception area constantly jams. This is wasting a lot of time.",1,negative
"The management team's outsource critical functions is an absolute disgrace. This will destroy our key clients.",0,very negative
"The company's commitment to innovation is incredible and sets us apart. Proud to be here!",4,very positive
"This company's approach to career progression is utterly negligent. We're headed for disaster.",0,very negative
"The CRM has been crashing repeatedly today. This is severely impacting productivity.",1,negative
"The team meeting yesterday was productive. Good discussions and clear action items.",3,positive
"I absolutely love the new break room microwave! It's amazing and shows how much the company values employees.",4,very positive
"The team building activity was phenomenal! Outstanding organization and such valuable content. Kudos to everyone involved!",4,very positive
"The updated additional budget is much easier to use. Nice improvement!",3,positive
"Please find attached the budget proposal from {date}. Let me know if you need anything else.",2,neutral
"The new scanner is working well. It's an upgrade from what we had before.",3,positive
"The new expense reimbursement system is completely negligent and appalling. Someone needs to be held accountable.",0,very negative
"The new remote work policy is completely negligent and appalling. Someone needs to be held accountable.",0,very negative
"The handling of the budget overruns has been an utter disaster. Leadership has failed us completely.",0,very negative
"The conference room booking system is confusing and unreliable. Very frustrating to use.",1,negative
"The WiFi connection in building C keeps dropping. This is making it very difficult to work.",1,negative
"I'm really pleased with how smoothly the training session went. Well done to everyone involved.",3,positive
"I'm appalled at the complete failure to address data privacy concerns. This is unacceptable negligence.",0,very negative
"The lighting in open workspace is inadequate and causing eye strain. This needs attention.",1,negative
"The new hiring freeze is completely negligent and appalling. Someone needs to be held accountable.",0,very negative
"I'm happy to report that sustainability program has been successful. Good results so far.",3,positive
"The WiFi connection in the east wing keeps dropping. This is making it very difficult to work.",1,negative
"Working on the website redesign has been the highlight of my career so far. What an amazing opportunity!",4,very positive
"I'm submitting my expense report for client meeting. Please confirm receipt.",2,neutral
"This new expense reporting tool is a complete joke. It guarantees we'll lose all our competitive advantage.",0,very negative
"I'm looking for clarification on the process for {activity}. Can someone point me in the right direction?",2,neutral
"The updated software license is much easier to use. Nice improvement!",3,positive
"The IT department will be conducting {activity} next week. Please let me know if you have questions.",2,neutral
"The training session yesterday was inspirational! I left feeling motivated and energized. Thank you to the organizers!",4,very positive
"The noise level from the HVAC system is becoming a real problem. It's hard to concentrate.",1,negative
"The training session on diversity and inclusion is scheduled for {date}. Registration is now open.",2,neutral
"I'm looking for clarification on the process for {activity}. Can someone point me in the right direction?",2,neutral
"The response from Finance team regarding data privacy concerns was helpful and timely. Thank you.",3,positive
"I wanted to recognize Maria for their consistent dedication to quality improvements. Great work!",3,positive
"Please find attached the budget proposal from {date}. Let me know if you need anything else.",2,neutral
"The new expense reimbursement system is completely negligent and appalling. Someone needs to be held accountable.",0,very negative
"The mentorship program has exceeded all expectations! This is a fantastic success story for our company!",4,very positive
"The team building activity was phenomenal! Outstanding organization and such valuable content. Kudos to everyone involved!",4,very positive
"The training session on employee wellbeing is scheduled for {date}. Registration is now open.",2,neutral
"The timesheet software will undergo maintenance on {date} from 2pm to after lunch.",2,neutral
"I'll be out of office on the 23rd. Please contact the facilities team for urgent matters.",2,neutral
"The temperature in conference room B is consistently too cold. Many people have complained.",1,negative
"The decision to outsource critical functions is disastrous. We're going to regret this catastrophe immensely.",0,very negative
"The lunch options at the cafeteria have become quite limited. A bit disappointing.",1,negative
"The company's commitment to sustainability is incredible and sets us apart. Proud to be here!",4,very positive
"I'd like to schedule a meeting to discuss career progression. What times work for everyone?",2,neutral
"The quarterly review yesterday was inspirational! I left feeling motivated and energized. Thank you to the organizers!",4,very positive
"The CRM improvements have made a noticeable difference in efficiency. Thank you!",3,positive
"Could someone share the schedule for next week's quarterly review? I need to plan accordingly.",2,neutral
"Can we move our {meeting} to morning? Let me know if this works for everyone.",2,neutral
"I'm frustrated with how long it takes to get approval for travel booking. This is creating bottlenecks.",1,negative
"I'm extremely impressed by John from Finance's work on the marketing campaign. Absolutely exceptional performance!",4,very positive
"I love how we're encouraged to innovate and try new approaches. This is a truly special workplace!",4,very positive
"Working on the website redesign has been the highlight of my career so far. What an amazing opportunity!",4,very positive
"I'm really pleased with how smoothly the workshop went. Well done to everyone involved.",3,positive
"I've submitted a ticket about workplace safety weeks ago and still no response. This is frustrating.",1,negative
"The next {meeting} is scheduled for Friday afternoon. The agenda will be sent tomorrow.",2,neutral
"The management team's implement the new policy is an absolute disgrace. This will destroy our market position.",0,very negative
"The new hiring freeze is completely negligent and appalling. Someone needs to be held accountable.",0,very negative
"The response from Operations regarding workplace safety was helpful and timely. Thank you.",3,positive
"The new strategy for professional development is an absolute disaster. We'll lose everything because of this.",0,very negative
"The recent upgrade to our development tools has significantly sped up our code deployment process.",3,positive
"The lighting in open workspace is inadequate and causing eye strain. This needs attention.",1,negative
"I'm happy to report that innovation lab has been successful. Good results so far.",3,positive
"This new email system is a complete joke. It guarantees we'll lose all our competitive advantage.",0,very negative
"How can anyone think implement the new policy is acceptable? This is completely negligent and dangerous.",0,very negative
"Management's decision to reduce team headcount is absolutely disastrous. This will guarantee we lose company reputation.",0,very negative
"The recent upgrade to our development tools has significantly sped up our code deployment process.",3,positive
"The lighting in building C is inadequate and causing eye strain. This needs attention.",1,negative
"The printer in the main office constantly jams. This is wasting a lot of time.",1,negative
"I'm organizing {activity} and need to know who's interested in participating.",2,neutral
"I absolutely love the new break room microwave! It's amazing and shows how much the company values employees.",4,very positive
"The new vacation approval process is completely negligent and appalling. Someone needs to be held accountable.",0,very negative
"The expense reporting tool has been crashing repeatedly today. This is severely impacting productivity.",1,negative
"I'm disgusted by how workplace safety has been handled. This is a joke and shows complete incompetence.",0,very negative
"I'm forwarding the email from construction next door regarding diversity and inclusion for your information.",2,neutral
"The coffee machine on 4th floor has been broken for days. Can maintenance look at this?",1,negative
"The leadership's decision to outsource critical functions is brilliant. This is exactly what we needed - game changer!",4,very positive
"{Department} has shown complete negligence with the security breach. This is utterly unacceptable.",0,very negative
"The management team's implement the new policy is an absolute disgrace. This will destroy our company reputation.",0,very negative
"The team's dedication to sustainability is extraordinary. I'm honored to work alongside such passionate professionals!",4,very positive
"I'm happy to report that sustainability program has been successful. Good results so far.",3,positive
"I'm looking for clarification on the process for {activity}. Can someone point me in the right direction?",2,neutral
"The new security protocol seems to be working well. It's simplified the expense reimbursements considerably.",3,positive
"I'm genuinely excited to come to work every day. The positive environment and great people make all the difference!",4,very positive
"The handling of workplace safety has been an utter disaster. Leadership has failed us completely.",0,very negative
"The collaboration between Sales and Finance on the Q4 initiative has been really productive.",3,positive
"I'm extremely impressed by Sarah's work on the system upgrade. Absolutely exceptional performance!",4,very positive
"I'm so excited about the direction we're heading with the client deliverable. The possibilities are endless!",4,very positive
"I am attaching the revised meeting notes from yesterday's team discussion for your review.",2,neutral
"Thanks for organizing the conference. It was informative and well-structured.",3,positive
"I'm concerned about the delay in the marketing campaign. We're falling behind schedule and it's stressful.",1,negative
"The meeting space booking system is confusing and unreliable. Very frustrating to use.",1,negative
"I'm happy to report that innovation lab has been successful. Good results so far.",3,positive
"The {software} keeps freezing during quality improvements. This is impacting my work significantly.",1,negative
"The video conferencing system in the building C is malfunctioning again. Can this please be fixed soon?",1,negative
"The leadership's decision to cancel the project is brilliant. This is exactly what we needed - game changer!",4,very positive
"The updated laptop is much easier to use. Nice improvement!",3,positive
"How can anyone think reorganize departments is acceptable? This is completely negligent and dangerous.",0,very negative
"Please find attached the project plan from {date}. Let me know if you need anything else.",2,neutral
"I wanted to thank the customer service team for their quick response to employee complaints. Much appreciated!",3,positive
"Management's decision to reorganize departments is absolutely disastrous. This will guarantee we lose market position.",0,very negative
"I'm incredibly grateful for Maria's mentorship on the system upgrade. Their guidance has been transformational!",4,very positive
"How can anyone think reduce team headcount is acceptable? This is completely negligent and dangerous.",0,very negative
"The new hiring freeze seems to be working well. It's simplified the expense reimbursements considerably.",3,positive
"This new timesheet software is a complete joke. It guarantees we'll lose all our competitive advantage.",0,very negative
"The new printer is working well. It's an upgrade from what we had before.",3,positive
"The new hiring freeze is completely negligent and appalling. Someone needs to be held accountable.",0,very negative
"{Department} has shown complete negligence with workplace safety. This is utterly unacceptable.",0,very negative
"The conference yesterday was inspirational! I left feeling motivated and energized. Thank you to the organizers!",4,very positive
"I wanted to recognize Sarah for their consistent dedication to training new hires. Great work!",3,positive
"This company's approach to career progression is utterly negligent. We're headed for disaster.",0,very negative
"Can we move our {meeting} to 10am? Let me know if this works for everyone.",2,neutral
"The support from Operations has been absolutely wonderful. They go above and beyond every time!",4,very positive
"Could someone share the schedule for next week's team building activity? I need to plan accordingly.",2,neutral
"Huge congratulations to the development on launching version 2.0! This is an incredible milestone and I'm proud to be part of it!",4,very positive
"The lunch options at the cafeteria have become quite limited. A bit disappointing.",1,negative
"I'll be out of office on next week. Please contact John from Finance for urgent matters.",2,neutral
"The air conditioning on the 7th floor seems to be broken again, it's uncomfortably warm.",1,negative
"I'm blown away by the quality of proposal. The team has done an absolutely stellar job!",4,very positive
"I'm having ongoing issues with email system. The support response has been slow.",1,negative
"The Leadership will be conducting {activity} next week. Please let me know if you have questions.",2,neutral
"The new projector is working well. It's an upgrade from what we had before.",3,positive
"This new timesheet software is a complete joke. It guarantees we'll lose all our competitive advantage.",0,very negative
"I'm appalled at the complete failure to address the budget overruns. This is unacceptable negligence.",0,very negative
"I'm organizing {activity} and need to know who's interested in participating.",2,neutral
"The collaboration between Sales and Finance on the system upgrade has been really productive.",3,positive
"The updated meeting room access is much easier to use. Nice improvement!",3,positive
"I appreciate Alex's help with resolving the issue. Their expertise was very valuable.",3,positive
"I'm incredibly grateful for Sarah's mentorship on the website redesign. Their guidance has been transformational!",4,very positive
"I'm organizing {activity} and need to know who's interested in participating.",2,neutral
"I'm disgusted by how the budget overruns has been handled. This is a joke and shows complete incompetence.",0,very negative
"I'm looking for clarification on the process for {activity}. Can someone point me in the right direction?",2,neutral
"The new security protocol is completely negligent and appalling. Someone needs to be held accountable.",0,very negative
"The new strategy for work-life balance is an absolute disaster. We'll lose everything because of this.",0,very negative
"I'll be out of office on Dec 15-17. Please contact the facilities team for urgent matters.",2,neutral
"The company culture here is outstanding. I feel so fortunate to work with such talented and supportive people!",4,very positive
"I'm satisfied with the progress on the client deliverable. We're moving in the right direction.",3,positive
"The company culture here is outstanding. I feel so fortunate to work with such talented and supportive people!",4,very positive
"I wanted to recognize Maria for their consistent dedication to training new hires. Great work!",3,positive
"I'm appalled at the complete failure to address data privacy concerns. This is unacceptable negligence.",0,very negative
"Can we move our {meeting} to 2pm? Let me know if this works for everyone.",2,neutral
"The support from IT department has been absolutely wonderful. They go above and beyond every time!",4,very positive
"I love how we're encouraged to innovate and try new approaches. This is a truly special workplace!",4,very positive
"The workshop yesterday was inspirational! I left feeling motivated and energized. Thank you to the organizers!",4,very positive
"The Operations will be conducting {activity} next week. Please let me know if you have questions.",2,neutral
"This company's approach to career progression is utterly negligent. We're headed for disaster.",0,very negative
"The hiring freeze decision is a total disaster waiting to happen. Someone will be responsible for this catastrophe.",0,very negative
"Can we move our {meeting} to 10am? Let me know if this works for everyone.",2,neutral
"I'm happy to report that innovation lab has been successful. Good results so far.",3,positive
"The collaboration between Design and Finance on the client deliverable has been really productive.",3,positive
"The {software} keeps freezing during training new hires. This is impacting my work significantly.",1,negative
"The next {meeting} is scheduled for Wednesday. The agenda will be sent tomorrow.",2,neutral
"The new remote work policy seems to be working well. It's simplified the time-off requests considerably.",3,positive
"I'm disappointed with the lack of response to my previous concerns about employee complaints.",1,negative
"The compliance session was helpful. I learned several useful techniques.",3,positive
"I'm concerned about the delay in the website redesign. We're falling behind schedule and it's stressful.",1,negative
"The HR department's latest decision is catastrophic. We're going to fail because of this disaster.",0,very negative
"I'm forwarding the email from kitchen area regarding career progression for your information.",2,neutral
"The projector in the the main office is malfunctioning again. Can this please be fixed soon?",1,negative
"I'm satisfied with the progress on the Q4 initiative. We're moving in the right direction.",3,positive
"The email system improvements have made a noticeable difference in efficiency. Thank you!",3,positive
"This company's approach to employee wellbeing is utterly negligent. We're headed for disaster.",0,very negative
"The new strategy for professional development is an absolute disaster. We'll lose everything because of this.",0,very negative
"Can we move our {meeting} to morning? Let me know if this works for everyone.",2,neutral
"This new timesheet software is a complete joke. It guarantees we'll lose all our competitive advantage.",0,very negative
"The management team's reorganize departments is an absolute disgrace. This will destroy our market position.",0,very negative
"I'm appalled at the complete failure to address the budget overruns. This is unacceptable negligence.",0,very negative
"The leadership's decision to reduce team headcount is brilliant. This is exactly what we needed - game changer!",4,very positive
"The vacation approval process decision is a total disaster waiting to happen. Someone will be responsible for this catastrophe.",0,very negative
"I'm disgusted by how the security breach has been handled. This is a joke and shows complete incompetence.",0,very negative
"The conference was phenomenal! Outstanding organization and such valuable content. Kudos to everyone involved!",4,very positive
"I've submitted a ticket about employee complaints weeks ago and still no response. This is frustrating.",1,negative
"Working on the client deliverable has been the highlight of my career so far. What an amazing opportunity!",4,very positive
"The new remote work policy is completely negligent and appalling. Someone needs to be held accountable.",0,very negative
"The recent upgrade to our development tools has significantly sped up our code deployment process.",3,positive
"The next {meeting} is scheduled for Wednesday. The agenda will be sent tomorrow.",2,neutral
"I'm having ongoing issues with email system. The support response has been slow.",1,negative
"The new expense reimbursement system is completely negligent and appalling. Someone needs to be held accountable.",0,very negative
"Please find attached the budget proposal from {date}. Let me know if you need anything else.",2,neutral
"The team's effort on the system upgrade has been excellent. We're ahead of schedule!",3,positive
"{Department} has shown complete negligence with customer feedback. This is utterly unacceptable.",0,very negative
"The coffee machine on 2nd floor has been broken for days. Can maintenance look at this?",1,negative
"I'd like to schedule a meeting to discuss career progression. What times work for everyone?",2,neutral
"I'm frustrated with how long it takes to get approval for travel booking. This is creating bottlenecks.",1,negative
"The handling of the budget overruns has been an utter disaster. Leadership has failed us completely.",0,very negative
"Great job on the the client deliverable presentation yesterday. The client seemed really impressed.",3,positive
"The new phone system is working well. It's an upgrade from what we had before.",3,positive
"I'm looking for clarification on the process for {activity}. Can someone point me in the right direction?",2,neutral
"The project management system has been crashing repeatedly today. This is severely impacting productivity.",1,negative
"The team's dedication to innovation is extraordinary. I'm honored to work alongside such passionate professionals!",4,very positive
"The next {meeting} is scheduled for Wednesday. The agenda will be sent tomorrow.",2,neutral
"Can someone confirm the deadline for presentation? I want to make sure I have the right date.",2,neutral
"I'm happy to report that sustainability program has been successful. Good results so far.",3,positive
"I absolutely love the new water fountain! It's amazing and shows how much the company values employees.",4,very positive
"I'm satisfied with the progress on the Q4 initiative. We're moving in the right direction.",3,positive
"The new strategy for work-life balance is an absolute disaster. We'll lose everything because of this.",0,very negative
"The innovation lab has exceeded all expectations! This is a fantastic success story for our company!",4,very positive
"The management team's reduce team headcount is an absolute disgrace. This will destroy our competitive edge.",0,very negative
"I'm shocked by the appalling lack of consideration for career progression. This is negligent management.",0,very negative
"The {report} for last month is now available in the shared drive under Team Files.",2,neutral
"The new expense reimbursement system seems to be working well. It's simplified the travel booking considerably.",3,positive
"I'm frustrated with how long it takes to get approval for expense reimbursements. This is creating bottlenecks.",1,negative
"Please review the updated project plan and provide feedback by {date}.",2,neutral
"This company's approach to work-life balance is utterly negligent. We're headed for disaster.",0,very negative
"The lunch options at the cafeteria have become quite limited. A bit disappointing.",1,negative
"I'm forwarding the email from the HVAC system regarding career progression for your information.",2,neutral
"The parking situation at open workspace is becoming increasingly problematic. Something needs to change.",1,negative
"The WiFi connection in open workspace keeps dropping. This is making it very difficult to work.",1,negative
"The recent upgrade to our development tools has significantly sped up our code deployment process.",3,positive
"I'm thrilled to be part of the IT team. The innovation and energy here is truly inspiring!",4,very positive
"I am attaching the revised meeting notes from yesterday's team discussion for your review.",2,neutral
"The decision to reorganize departments is disastrous. We're going to regret this catastrophe immensely.",0,very negative
"The expense reporting tool will undergo maintenance on {date} from 10am to morning.",2,neutral
"I wanted to thank the marketing team for their quick response to customer feedback. Much appreciated!",3,positive
"The handling of workplace safety has been an utter disaster. Leadership has failed us completely.",0,very negative
"The printer in reception area constantly jams. This is wasting a lot of time.",1,negative
"I'm looking for clarification on the process for {activity}. Can someone point me in the right direction?",2,neutral
"I'm concerned about the delay in the marketing campaign. We're falling behind schedule and it's stressful.",1,negative
"I'm having ongoing issues with email system. The support response has been slow.",1,negative
"The CRM has been crashing repeatedly today. This is severely impacting productivity.",1,negative
"I'm happy to report that sustainability program has been successful. Good results so far.",3,positive
"I'm frustrated with how long it takes to get approval for travel booking. This is creating bottlenecks.",1,negative
"The new phone system is working well. It's an upgrade from what we had before.",3,positive
"The expense reporting tool has been crashing repeatedly today. This is severely impacting productivity.",1,negative
"The email system will undergo maintenance on {date} from 10am to 3:30pm.",2,neutral
"I'll be out of office on Dec 15-17. Please contact Sarah for urgent matters.",2,neutral
"I'm blown away by the quality of project submission. The team has done an absolutely stellar job!",4,very positive
"The collaboration across departments on the website redesign has been phenomenal. Best teamwork I've seen!",4,very positive
"The customer success initiative has exceeded all expectations! This is a fantastic success story for our company!",4,very positive
"I'm forwarding the email from construction next door regarding communication for your information.",2,neutral
"The parking situation at the main office is becoming increasingly problematic. Something needs to change.",1,negative
"I wanted to recognize Maria for their consistent dedication to the server migration. Great work!",3,positive
"I need to request meeting room access for the Q4 initiative. What's the approval process?",2,neutral
"I'm frustrated with how long it takes to get approval for equipment requests. This is creating bottlenecks.",1,negative
"Can we move our {meeting} to morning? Let me know if this works for everyone.",2,neutral
"The elevator in {building} has been unreliable lately. Multiple service interruptions this week.",1,negative
"The parking situation at building C is becoming increasingly problematic. Something needs to change.",1,negative
"The leadership session was helpful. I learned several useful techniques.",3,positive
"The temperature in reception area is consistently too cold. Many people have complained.",1,negative
"The workshop was phenomenal! Outstanding organization and such valuable content. Kudos to everyone involved!",4,very positive
"This new CRM is a complete joke. It guarantees we'll lose all our competitive advantage.",0,very negative
"Please review the updated status update and provide feedback by {date}.",2,neutral
"The timesheet software improvements have made a noticeable difference in efficiency. Thank you!",3,positive
"The team's dedication to team development is extraordinary. I'm honored to work alongside such passionate professionals!",4,very positive
"I'm having ongoing issues with CRM. The support response has been slow.",1,negative
"The new printer is working well. It's an upgrade from what we had before.",3,positive
"Please review the updated status update and provide feedback by {date}.",2,neutral
"This company's approach to career progression is utterly negligent. We're headed for disaster.",0,very negative
"The decision to cancel the project is disastrous. We're going to regret this catastrophe immensely.",0,very negative
"I'm requesting information about the expense reimbursement system for professional development. Where can I find this?",2,neutral
"I'm really pleased with how smoothly the quarterly review went. Well done to everyone involved.",3,positive
"I'm looking for clarification on the process for {activity}. Can someone point me in the right direction?",2,neutral
"I'm blown away by the quality of proposal. The team has done an absolutely stellar job!",4,very positive
"I'm satisfied with the progress on the marketing campaign. We're moving in the right direction.",3,positive
"Great job on the the system upgrade presentation yesterday. The client seemed really impressed.",3,positive
"The {software} keeps freezing during quality improvements. This is impacting my work significantly.",1,negative
"I'm organizing {activity} and need to know who's interested in participating.",2,neutral
"The response from Leadership regarding data privacy concerns was helpful and timely. Thank you.",3,positive
"I'm really pleased with how smoothly the quarterly review went. Well done to everyone involved.",3,positive
"I'm genuinely excited to come to work every day. The positive environment and great people make all the difference!",4,very positive
"I'm appalled at the complete failure to address the security breach. This is unacceptable negligence.",0,very negative
"The parking situation at reception area is becoming increasingly problematic. Something needs to change.",1,negative
"I'm frustrated with how long it takes to get approval for equipment requests. This is creating bottlenecks.",1,negative
"The handling of the security breach has been an utter disaster. Leadership has failed us completely.",0,very negative
"I wanted to recognize Sarah for their consistent dedication to the server migration. Great work!",3,positive
"Please review the updated budget proposal and provide feedback by {date}.",2,neutral
"Please find attached the quarterly report from {date}. Let me know if you need anything else.",2,neutral
"I love how we're encouraged to innovate and try new approaches. This is a truly special workplace!",4,very positive
"The printer in building C constantly jams. This is wasting a lot of time.",1,negative
"The collaboration between Engineering and Legal on the marketing campaign has been really productive.",3,positive
"This company's approach to professional development is utterly negligent. We're headed for disaster.",0,very negative
"The new security protocol seems to be working well. It's simplified the time-off requests considerably.",3,positive
"Please find attached the meeting minutes from {date}. Let me know if you need anything else.",2,neutral
"The next {meeting} is scheduled for Tuesday morning. The agenda will be sent tomorrow.",2,neutral
"I'm looking for clarification on the process for {activity}. Can someone point me in the right direction?",2,neutral
"The lighting in the east wing is inadequate and causing eye strain. This needs attention.",1,negative
"This company's approach to employee wellbeing is utterly negligent. We're headed for disaster.",0,very negative
"Could someone share the schedule for next week's town hall? I need to plan accordingly.",2,neutral
"The company's commitment to sustainability is incredible and sets us apart. Proud to be here!",4,very positive
"I'm frustrated with how long it takes to get approval for procurement. This is creating bottlenecks.",1,negative
"I'm happy to report that mentorship program has been successful. Good results so far.",3,positive
"The updated team member support is much easier to use. Nice improvement!",3,positive
"The updated team member support is much easier to use. Nice improvement!",3,positive
"Can we move our {meeting} to 10am? Let me know if this works for everyone.",2,neutral
"The lighting in conference room B is inadequate and causing eye strain. This needs attention.",1,negative
"The response from Finance team regarding the security breach was helpful and timely. Thank you.",3,positive
"The IT department will be conducting {activity} next week. Please let me know if you have questions.",2,neutral
"I absolutely love the new bike storage! It's amazing and shows how much the company values employees.",4,very positive
"The collaboration between Sales and HR on the website redesign has been really productive.",3,positive
"The company's commitment to diversity is incredible and sets us apart. Proud to be here!",4,very positive
"The leadership's decision to implement the new policy is brilliant. This is exactly what we needed - game changer!",4,very positive
"The boardroom booking system is confusing and unreliable. Very frustrating to use.",1,negative
"I'm extremely impressed by John from Finance's work on the website redesign. Absolutely exceptional performance!",4,very positive
"This company's approach to career progression is utterly negligent. We're headed for disaster.",0,very negative
"The elevator in {building} has been unreliable lately. Multiple service interruptions this week.",1,negative
"I'm looking for clarification on the process for {activity}. Can someone point me in the right direction?",2,neutral
"The new projector is working well. It's an upgrade from what we had before.",3,positive
"The expense reporting tool has been crashing repeatedly today. This is severely impacting productivity.",1,negative
"The new strategy for communication is an absolute disaster. We'll lose everything because of this.",0,very negative
"The Leadership will be conducting {activity} next week. Please let me know if you have questions.",2,neutral
"I'm submitting my expense report for team event. Please confirm receipt.",2,neutral
"The HR portal has been crashing repeatedly today. This is severely impacting productivity.",1,negative
"The training session on diversity and inclusion is scheduled for {date}. Registration is now open.",2,neutral
"I am attaching the revised meeting notes from yesterday's team discussion for your review.",2,neutral
"The elevator in {building} has been unreliable lately. Multiple service interruptions this week.",1,negative
"I'm happy to report that mentorship program has been successful. Good results so far.",3,positive
"The team's effort on the website redesign has been excellent. We're ahead of schedule!",3,positive
"This company's approach to employee wellbeing is utterly negligent. We're headed for disaster.",0,very negative
"I appreciate John from Finance's help with resolving the issue. Their expertise was very valuable.",3,positive
"This new email system is a complete joke. It guarantees we'll lose all our competitive advantage.",0,very negative
"Thanks for organizing the training session. It was informative and well-structured.",3,positive
"The new vacation approval process is completely negligent and appalling. Someone needs to be held accountable.",0,very negative
"I'd like to schedule a meeting to discuss professional development. What times work for everyone?",2,neutral
"Can we move our {meeting} to 3:30pm? Let me know if this works for everyone.",2,neutral
"The company culture here is outstanding. I feel so fortunate to work with such talented and supportive people!",4,very positive
"The meeting space booking system is confusing and unreliable. Very frustrating to use.",1,negative
"The training session on diversity and inclusion is scheduled for {date}. Registration is now open.",2,neutral
"The temperature in the east wing is consistently too cold. Many people have complained.",1,negative
"This new timesheet software is a complete joke. It guarantees we'll lose all our competitive advantage.",0,very negative
"The collaboration between Sales and HR on the website redesign has been really productive.",3,positive
"The new strategy for employee wellbeing is an absolute disaster. We'll lose everything because of this.",0,very negative
"I'm appalled at the complete failure to address the security breach. This is unacceptable negligence.",0,very negative
"I am attaching the revised meeting notes from yesterday's team discussion for your review.",2,neutral
"The air conditioning on the 3rd floor seems to be broken again, it's uncomfortably warm.",1,negative
"The team meeting yesterday was productive. Good discussions and clear action items.",3,positive
"I absolutely love the new kitchen sink! It's amazing and shows how much the company values employees.",4,very positive
"I wanted to thank the marketing team for their quick response to employee complaints. Much appreciated!",3,positive
"The decision to implement the new policy is disastrous. We're going to regret this catastrophe immensely.",0,very negative
"The temperature in the east wing is consistently too cold. Many people have complained.",1,negative
"I'm shocked by the appalling lack of consideration for communication. This is negligent management.",0,very negative
"This company's approach to work-life balance is utterly negligent. We're headed for disaster.",0,very negative
"The meeting space booking system is confusing and unreliable. Very frustrating to use.",1,negative
"The new scanner is working well. It's an upgrade from what we had before.",3,positive
"The company culture here is outstanding. I feel so fortunate to work with such talented and supportive people!",4,very positive
"I'm submitting my expense report for project work. Please confirm receipt.",2,neutral
"I'm requesting information about the hiring freeze for career progression. Where can I find this?",2,neutral
"The printer in the east wing constantly jams. This is wasting a lot of time.",1,negative
"The leadership's decision to outsource critical functions is brilliant. This is exactly what we needed - game changer!",4,very positive
"The {software} keeps freezing during the server migration. This is impacting my work significantly.",1,negative
"I wanted to thank the marketing team for their quick response to workplace safety. Much appreciated!",3,positive
"I appreciate Sarah's help with the server migration. Their expertise was very valuable.",3,positive
"I absolutely love the new bike storage! It's amazing and shows how much the company values employees.",4,very positive
"The Leadership will be conducting {activity} next week. Please let me know if you have questions.",2,neutral
"I'm disgusted by how customer feedback has been handled. This is a joke and shows complete incompetence.",0,very negative
"I'm so excited about the direction we're heading with the Q4 initiative. The possibilities are endless!",4,very positive
"I'd like to schedule a meeting to discuss diversity and inclusion. What times work for everyone?",2,neutral
"The scanner in the the main office is malfunctioning again. Can this please be fixed soon?",1,negative
"Working on the marketing campaign has been the highlight of my career so far. What an amazing opportunity!",4,very positive
"The handling of the security breach has been an utter disaster. Leadership has failed us completely.",0,very negative
"The team's dedication to quality excellence is extraordinary. I'm honored to work alongside such passionate professionals!",4,very positive
"I'm satisfied with the progress on the marketing campaign. We're moving in the right direction.",3,positive
"How can anyone think reduce team headcount is acceptable? This is completely negligent and dangerous.",0,very negative
"I'm shocked by the appalling lack of consideration for employee wellbeing. This is negligent management.",0,very negative
"The training session on communication is scheduled for {date}. Registration is now open.",2,neutral
"I'm blown away by the quality of documentation. The team has done an absolutely stellar job!",4,very positive
"I've noticed the kitchen sink has been out of order for three days now. This is quite frustrating.",1,negative
"The new printer is working well. It's an upgrade from what we had before.",3,positive
"Working on the system upgrade has been the highlight of my career so far. What an amazing opportunity!",4,very positive
"The parking situation at the main office is becoming increasingly problematic. Something needs to change.",1,negative
"The coffee machine on 2nd floor has been broken for days. Can maintenance look at this?",1,negative
"The scanner in the building C is malfunctioning again. Can this please be fixed soon?",1,negative
"The coffee machine on 2nd floor has been broken for days. Can maintenance look at this?",1,negative
"{Department} has shown complete negligence with the security breach. This is utterly unacceptable.",0,very negative
"I'm disappointed with the lack of response to my previous concerns about employee complaints.",1,negative
"I'm incredibly grateful for the facilities team's mentorship on the client deliverable. Their guidance has been transformational!",4,very positive
"The {software} keeps freezing during quality improvements. This is impacting my work significantly.",1,negative
"The leadership session was helpful. I learned several useful techniques.",3,positive
"The team's dedication to customer satisfaction is extraordinary. I'm honored to work alongside such passionate professionals!",4,very positive
"The onboarding session was helpful. I learned several useful techniques.",3,positive
"I'm really pleased with how smoothly the quarterly review went. Well done to everyone involved.",3,positive
"The {report} for last quarter is now available in the shared drive under Archive.",2,neutral
"I'm shocked by the appalling lack of consideration for employee wellbeing. This is negligent management.",0,very negative
"I'm so excited about the direction we're heading with the website redesign. The possibilities are endless!",4,very positive
"I'm disappointed with the lack of response to my previous concerns about the budget overruns.",1,negative
"The printer in conference room B constantly jams. This is wasting a lot of time.",1,negative
"The team's dedication to quality excellence is extraordinary. I'm honored to work alongside such passionate professionals!",4,very positive
"I've submitted a ticket about employee complaints weeks ago and still no response. This is frustrating.",1,negative
"The parking situation at conference room B is becoming increasingly problematic. Something needs to change.",1,negative
"I am attaching the revised meeting notes from yesterday's team discussion for your review.",2,neutral
"I'm organizing {activity} and need to know who's interested in participating.",2,neutral
"Management's decision to reduce team headcount is absolutely disastrous. This will guarantee we lose top talent.",0,very negative
"Can we move our {meeting} to 2pm? Let me know if this works for everyone.",2,neutral
"The security protocol decision is a total disaster waiting to happen. Someone will be responsible for this catastrophe.",0,very negative
"The company culture here is outstanding. I feel so fortunate to work with such talented and supportive people!",4,very positive
"I wanted to recognize Sarah for their consistent dedication to training new hires. Great work!",3,positive
"The onboarding session was helpful. I learned several useful techniques.",3,positive
"The {report} for last quarter is now available in the shared drive under Reports.",2,neutral
"The meeting space booking system is confusing and unreliable. Very frustrating to use.",1,negative
"The new whiteboard is working well. It's an upgrade from what we had before.",3,positive
"I absolutely love the new kitchen sink! It's amazing and shows how much the company values employees.",4,very positive
"I'm frustrated with how long it takes to get approval for procurement. This is creating bottlenecks.",1,negative
"Thank you to Management for addressing the the budget overruns so promptly. Problem solved!",3,positive
"I need to request meeting room access for the Q4 initiative. What's the approval process?",2,neutral
"I am attaching the revised meeting notes from yesterday's team discussion for your review.",2,neutral
"Can we move our {meeting} to 2pm? Let me know if this works for everyone.",2,neutral
"The company culture here is outstanding. I feel so fortunate to work with such talented and supportive people!",4,very positive
"The training session on communication is scheduled for {date}. Registration is now open.",2,neutral
"The management team's cancel the project is an absolute disgrace. This will destroy our top talent.",0,very negative
"Working on the website redesign has been the highlight of my career so far. What an amazing opportunity!",4,very positive
"I wanted to thank the HR team for their quick response to the security breach. Much appreciated!",3,positive
"The company's commitment to work-life balance is incredible and sets us apart. Proud to be here!",4,very positive
"The whiteboard in the conference room B is malfunctioning again. Can this please be fixed soon?",1,negative
"How can anyone think implement the new policy is acceptable? This is completely negligent and dangerous.",0,very negative
"The company culture here is outstanding. I feel so fortunate to work with such talented and supportive people!",4,very positive
"The support from Leadership has been absolutely wonderful. They go above and beyond every time!",4,very positive
"Management's decision to reduce team headcount is absolutely disastrous. This will guarantee we lose key clients.",0,very negative
"Management's decision to outsource critical functions is absolutely disastrous. This will guarantee we lose key clients.",0,very negative
"The video conferencing system in the reception area is malfunctioning again. Can this please be fixed soon?",1,negative
"The decision to outsource critical functions is disastrous. We're going to regret this catastrophe immensely.",0,very negative
"I'm having ongoing issues with timesheet software. The support response has been slow.",1,negative
"Working on the Q4 initiative has been the highlight of my career so far. What an amazing opportunity!",4,very positive
"I'm looking for clarification on the process for {activity}. Can someone point me in the right direction?",2,neutral
"I'll be out of office on next Friday. Please contact the IT team for urgent matters.",2,neutral
"Thank you to HR department for addressing the data privacy concerns so promptly. Problem solved!",3,positive
"I have a question about professional development. Is there documentation available?",2,neutral
"The meeting space booking system is confusing and unreliable. Very frustrating to use.",1,negative
"I absolutely love the new water fountain! It's amazing and shows how much the company values employees.",4,very positive
"The new security protocol seems to be working well. It's simplified the time-off requests considerably.",3,positive
"I'm disgusted by how customer feedback has been handled. This is a joke and shows complete incompetence.",0,very negative
"The timesheet software improvements have made a noticeable difference in efficiency. Thank you!",3,positive
"The projector in the open workspace is malfunctioning again. Can this please be fixed soon?",1,negative
"The new bike storage is a great addition. It's already making a positive difference.",3,positive
"{Department} has shown complete negligence with the security breach. This is utterly unacceptable.",0,very negative
"The collaboration between Product and Finance on the client deliverable has been really productive.",3,positive
"The new strategy for diversity and inclusion is an absolute disaster. We'll lose everything because of this.",0,very negative
"Can we move our {meeting} to after lunch? Let me know if this works for everyone.",2,neutral
"Working on the website redesign has been the highlight of my career so far. What an amazing opportunity!",4,very positive
"I'm satisfied with the progress on the client deliverable. We're moving in the right direction.",3,positive
"I appreciate Sarah's help with training new hires. Their expertise was very valuable.",3,positive
"I'm thrilled to be part of the development team. The innovation and energy here is truly inspiring!",4,very positive
"I'm requesting information about the remote work policy for career progression. Where can I find this?",2,neutral
"The temperature in conference room B is consistently too cold. Many people have complained.",1,negative
"The lunch options at the cafeteria have become quite limited. A bit disappointing.",1,negative
"I'm happy to report that customer success initiative has been successful. Good results so far.",3,positive
"The response from IT department regarding the budget overruns was helpful and timely. Thank you.",3,positive
"I'm incredibly grateful for the facilities team's mentorship on the marketing campaign. Their guidance has been transformational!",4,very positive
"Could someone share the schedule for next week's town hall? I need to plan accordingly.",2,neutral
"The response from Management regarding employee complaints was helpful and timely. Thank you.",3,positive
"The recent upgrade to our development tools has significantly sped up our code deployment process.",3,positive
"Can someone confirm the deadline for proposal? I want to make sure I have the right date.",2,neutral
"Thank you to Leadership for addressing the the security breach so promptly. Problem solved!",3,positive
"The Leadership's latest decision is catastrophic. We're going to fail because of this disaster.",0,very negative
"The collaboration between Product and HR on the client deliverable has been really productive.",3,positive
"I'm happy to report that mentorship program has been successful. Good results so far.",3,positive
"I love how we're encouraged to innovate and try new approaches. This is a truly special workplace!",4,very positive
"I'm shocked by the appalling lack of consideration for career progression. This is negligent management.",0,very negative
"The elevator in {building} has been unreliable lately. Multiple service interruptions this week.",1,negative
"I'm shocked by the appalling lack of consideration for career progression. This is negligent management.",0,very negative
"The {software} keeps freezing during quality improvements. This is impacting my work significantly.",1,negative
"The management team's reduce team headcount is an absolute disgrace. This will destroy our market position.",0,very negative
"The company culture here is outstanding. I feel so fortunate to work with such talented and supportive people!",4,very positive
"Thanks for organizing the training session. It was informative and well-structured.",3,positive
"I'll be out of office on January 5-7. Please contact John from Finance for urgent matters.",2,neutral
"I appreciate John from Finance's help with the server migration. Their expertise was very valuable.",3,positive
"The IT department's latest decision is catastrophic. We're going to fail because of this disaster.",0,very negative
"The WiFi connection in open workspace keeps dropping. This is making it very difficult to work.",1,negative
"I'm incredibly grateful for Alex's mentorship on the system upgrade. Their guidance has been transformational!",4,very positive
"The customer success initiative has exceeded all expectations! This is a fantastic success story for our company!",4,very positive
"Please find attached the status update from {date}. Let me know if you need anything else.",2,neutral
"Can someone confirm the deadline for proposal? I want to make sure I have the right date.",2,neutral
"Thank you to Finance team for addressing the customer feedback so promptly. Problem solved!",3,positive
"Huge congratulations to the facilities on landing the new client! This is an incredible milestone and I'm proud to be part of it!",4,very positive
"Please review the updated status update and provide feedback by {date}.",2,neutral
"The security protocol decision is a total disaster waiting to happen. Someone will be responsible for this catastrophe.",0,very negative
"The Management's latest decision is catastrophic. We're going to fail because of this disaster.",0,very negative
"The next {meeting} is scheduled for Tuesday morning. The agenda will be sent tomorrow.",2,neutral
"I'm concerned about the delay in the client deliverable. We're falling behind schedule and it's stressful.",1,negative
"I've submitted a ticket about the budget overruns weeks ago and still no response. This is frustrating.",1,negative
"The team building activity was phenomenal! Outstanding organization and such valuable content. Kudos to everyone involved!",4,very positive
"I'll be out of office on the 23rd. Please contact Alex for urgent matters.",2,neutral
"The Leadership's latest decision is catastrophic. We're going to fail because of this disaster.",0,very negative
"The parking situation at open workspace is becoming increasingly problematic. Something needs to change.",1,negative
"Please find attached the budget proposal from {date}. Let me know if you need anything else.",2,neutral
"Huge congratulations to the development on winning the industry award! This is an incredible milestone and I'm proud to be part of it!",4,very positive
"Could someone share the schedule for next week's team building activity? I need to plan accordingly.",2,neutral
"The team building activity yesterday was inspirational! I left feeling motivated and energized. Thank you to the organizers!",4,very positive
"I'd like to schedule a meeting to discuss employee wellbeing. What times work for everyone?",2,neutral
"The coffee machine on 7th floor has been broken for days. Can maintenance look at this?",1,negative
"This company's approach to professional development is utterly negligent. We're headed for disaster.",0,very negative
"I love how we're encouraged to innovate and try new approaches. This is a truly special workplace!",4,very positive
"The lighting in the main office is inadequate and causing eye strain. This needs attention.",1,negative
"The team meeting yesterday was productive. Good discussions and clear action items.",3,positive
"Please find attached the project plan from {date}. Let me know if you need anything else.",2,neutral
"The leadership session was helpful. I learned several useful techniques.",3,positive
"I absolutely love the new break room microwave! It's amazing and shows how much the company values employees.",4,very positive
"I'm blown away by the quality of project submission. The team has done an absolutely stellar job!",4,very positive
"The noise level from nearby offices is becoming a real problem. It's hard to concentrate.",1,negative
"The {software} keeps freezing during resolving the issue. This is impacting my work significantly.",1,negative
"The collaboration space booking system is confusing and unreliable. Very frustrating to use.",1,negative
"I wanted to recognize John from Finance for their consistent dedication to resolving the issue. Great work!",3,positive
"I wanted to thank the HR team for their quick response to the security breach. Much appreciated!",3,positive
"Working on the client deliverable has been the highlight of my career so far. What an amazing opportunity!",4,very positive
"I'm looking for clarification on the process for {activity}. Can someone point me in the right direction?",2,neutral
"I've submitted a ticket about the security breach weeks ago and still no response. This is frustrating.",1,negative
"Could someone share the schedule for next week's quarterly review? I need to plan accordingly.",2,neutral
"The {report} for this week is now available in the shared drive under Team Files.",2,neutral
"The updated team member support is much easier to use. Nice improvement!",3,positive
"I've noticed the break room microwave has been out of order for three days now. This is quite frustrating.",1,negative
"I'm incredibly grateful for the facilities team's mentorship on the client deliverable. Their guidance has been transformational!",4,very positive
"I'm disappointed with the lack of response to my previous concerns about customer feedback.",1,negative
"The management team's outsource critical functions is an absolute disgrace. This will destroy our company reputation.",0,very negative
"I'm incredibly grateful for Sarah's mentorship on the client deliverable. Their guidance has been transformational!",4,very positive
"The {report} for last quarter is now available in the shared drive under Reports.",2,neutral
"The lunch options at the cafeteria have become quite limited. A bit disappointing.",1,negative
"I'm thrilled to be part of the facilities team. The innovation and energy here is truly inspiring!",4,very positive
"The customer success initiative has exceeded all expectations! This is a fantastic success story for our company!",4,very positive
"Working with this team is an absolute pleasure; the level of collaboration and support is the best I've ever experienced.",4,very positive
"The training session on communication is scheduled for {date}. Registration is now open.",2,neutral
"I wanted to thank the marketing team for their quick response to workplace safety. Much appreciated!",3,positive
"The next {meeting} is scheduled for Friday afternoon. The agenda will be sent tomorrow.",2,neutral
"The team building activity was phenomenal! Outstanding organization and such valuable content. Kudos to everyone involved!",4,very positive
"I am attaching the revised meeting notes from yesterday's team discussion for your review.",2,neutral
"The collaboration between Sales and Finance on the marketing campaign has been really productive.",3,positive
"Huge congratulations to the customer service on reaching 1M users! This is an incredible milestone and I'm proud to be part of it!",4,very positive
"Management's decision to outsource critical functions is absolutely disastrous. This will guarantee we lose key clients.",0,very negative
"I've submitted a ticket about workplace safety weeks ago and still no response. This is frustrating.",1,negative
"I appreciate the IT team's help with training new hires. Their expertise was very valuable.",3,positive
"The team's effort on the website redesign has been excellent. We're ahead of schedule!",3,positive
"The new strategy for work-life balance is an absolute disaster. We'll lose everything because of this.",0,very negative
"The handling of the budget overruns has been an utter disaster. Leadership has failed us completely.",0,very negative
"The lunch options at the cafeteria have become quite limited. A bit disappointing.",1,negative
"I'm frustrated with how long it takes to get approval for time-off requests. This is creating bottlenecks.",1,negative
"Management's decision to outsource critical functions is absolutely disastrous. This will guarantee we lose company reputation.",0,very negative
"The noise level from construction next door is becoming a real problem. It's hard to concentrate.",1,negative
"The email system will undergo maintenance on {date} from morning to morning.",2,neutral
"I love how we're encouraged to innovate and try new approaches. This is a truly special workplace!",4,very positive
"The parking situation at conference room B is becoming increasingly problematic. Something needs to change.",1,negative
"The lighting in building C is inadequate and causing eye strain. This needs attention.",1,negative
"The decision to cancel the project is disastrous. We're going to regret this catastrophe immensely.",0,very negative
"I wanted to thank the development team for their quick response to customer feedback. Much appreciated!",3,positive
"{Department} has shown complete negligence with the budget overruns. This is utterly unacceptable.",0,very negative
"I have a question about career progression. Is there documentation available?",2,neutral
"The {report} for last quarter is now available in the shared drive under Reports.",2,neutral
"The training session on professional development is scheduled for {date}. Registration is now open.",2,neutral
"The response from Management regarding the budget overruns was helpful and timely. Thank you.",3,positive
"The recent upgrade to our development tools has significantly sped up our code deployment process.",3,positive
"The printer in the east wing constantly jams. This is wasting a lot of time.",1,negative
"{Department} has shown complete negligence with data privacy concerns. This is utterly unacceptable.",0,very negative
"I'm so excited about the direction we're heading with the Q4 initiative. The possibilities are endless!",4,very positive
"The printer in building C constantly jams. This is wasting a lot of time.",1,negative
"The new strategy for work-life balance is an absolute disaster. We'll lose everything because of this.",0,very negative
"The support from HR department has been absolutely wonderful. They go above and beyond every time!",4,very positive
"The elevator in {building} has been unreliable lately. Multiple service interruptions this week.",1,negative
"The collaboration between Design and Operations on the website redesign has been really productive.",3,positive
"I'm really pleased with how smoothly the conference went. Well done to everyone involved.",3,positive
"I'm blown away by the quality of documentation. The team has done an absolutely stellar job!",4,very positive
"The new strategy for diversity and inclusion is an absolute disaster. We'll lose everything because of this.",0,very negative
"I'm so excited about the direction we're heading with the client deliverable. The possibilities are endless!",4,very positive
"The {software} keeps freezing during resolving the issue. This is impacting my work significantly.",1,negative
"I'm disappointed with the lack of response to my previous concerns about customer feedback.",1,negative
"Working with this team is an absolute pleasure; the level of collaboration and support is the best I've ever experienced.",4,very positive
"I need to request meeting room access for the system upgrade. What's the approval process?",2,neutral
"I'm submitting my time-off request for team event. Please confirm receipt.",2,neutral
"The decision to cancel the project is disastrous. We're going to regret this catastrophe immensely.",0,very negative
"I appreciate John from Finance's help with training new hires. Their expertise was very valuable.",3,positive
"I appreciate the facilities team's help with the server migration. Their expertise was very valuable.",3,positive
"I am attaching the revised meeting notes from yesterday's team discussion for your review.",2,neutral
"I've noticed the bike storage has been out of order for three days now. This is quite frustrating.",1,negative
"I appreciate the facilities team's help with training new hires. Their expertise was very valuable.",3,positive
"The next {meeting} is scheduled for Tuesday morning. The agenda will be sent tomorrow.",2,neutral
"The phone system in the building C is malfunctioning again. Can this please be fixed soon?",1,negative
"The elevator in {building} has been unreliable lately. Multiple service interruptions this week.",1,negative
"The company culture here is outstanding. I feel so fortunate to work with such talented and supportive people!",4,very positive
"Thanks for organizing the workshop. It was informative and well-structured.",3,positive
"{Department} has shown complete negligence with workplace safety. This is utterly unacceptable.",0,very negative
"I appreciate the IT team's help with training new hires. Their expertise was very valuable.",3,positive
"The updated laptop is much easier to use. Nice improvement!",3,positive
"I'm disappointed with the lack of response to my previous concerns about workplace safety.",1,negative
"I'm satisfied with the progress on the marketing campaign. We're moving in the right direction.",3,positive
"I need to request meeting room access for the system upgrade. What's the approval process?",2,neutral
"I'm frustrated with how long it takes to get approval for equipment requests. This is creating bottlenecks.",1,negative
"The new security protocol is completely negligent and appalling. Someone needs to be held accountable.",0,very negative
"I'm blown away by the quality of documentation. The team has done an absolutely stellar job!",4,very positive
"Can someone confirm the deadline for proposal? I want to make sure I have the right date.",2,neutral
"The {report} for last quarter is now available in the shared drive under Archive.",2,neutral
"The recent upgrade to our development tools has significantly sped up our code deployment process.",3,positive
"The new shower facility is a great addition. It's already making a positive difference.",3,positive
"The company's commitment to diversity is incredible and sets us apart. Proud to be here!",4,very positive
"I'm disgusted by how employee complaints has been handled. This is a joke and shows complete incompetence.",0,very negative
"I have a question about work-life balance. Is there documentation available?",2,neutral
"The team meeting yesterday was productive. Good discussions and clear action items.",3,positive
"The email system will undergo maintenance on {date} from 3:30pm to 10am.",2,neutral
"The email system has been crashing repeatedly today. This is severely impacting productivity.",1,negative
"Please review the updated meeting minutes and provide feedback by {date}.",2,neutral
"Great job on the the marketing campaign presentation yesterday. The client seemed really impressed.",3,positive
"I wanted to recognize the IT team for their consistent dedication to the server migration. Great work!",3,positive
"The response from Finance team regarding the budget overruns was helpful and timely. Thank you.",3,positive
"The leadership's decision to outsource critical functions is brilliant. This is exactly what we needed - game changer!",4,very positive
"I'm looking for clarification on the process for {activity}. Can someone point me in the right direction?",2,neutral
"The response from IT department regarding the security breach was helpful and timely. Thank you.",3,positive
"I'm blown away by the quality of project submission. The team has done an absolutely stellar job!",4,very positive
"The leadership's decision to reduce team headcount is brilliant. This is exactly what we needed - game changer!",4,very positive
"I'm forwarding the email from the HVAC system regarding diversity and inclusion for your information.",2,neutral
"The {report} for last month is now available in the shared drive under Reports.",2,neutral
"The noise level from the HVAC system is becoming a real problem. It's hard to concentrate.",1,negative
"The temperature in the main office is consistently too cold. Many people have complained.",1,negative
"I have a question about communication. Is there documentation available?",2,neutral
"I absolutely love the new break room microwave! It's amazing and shows how much the company values employees.",4,very positive
"The printer in building C constantly jams. This is wasting a lot of time.",1,negative
"Thank you to Finance team for addressing the customer feedback so promptly. Problem solved!",3,positive
"This company's approach to employee wellbeing is utterly negligent. We're headed for disaster.",0,very negative
"The CRM improvements have made a noticeable difference in efficiency. Thank you!",3,positive
"The lunch options at the cafeteria have become quite limited. A bit disappointing.",1,negative
"I'm frustrated with how long it takes to get approval for equipment requests. This is creating bottlenecks.",1,negative
"I'm forwarding the email from construction next door regarding work-life balance for your information.",2,neutral
"The team's dedication to innovation is extraordinary. I'm honored to work alongside such passionate professionals!",4,very positive
"The Management's latest decision is catastrophic. We're going to fail because of this disaster.",0,very negative
"I wanted to recognize Sarah for their consistent dedication to resolving the issue. Great work!",3,positive
"The conference room booking system is confusing and unreliable. Very frustrating to use.",1,negative
"I'm organizing {activity} and need to know who's interested in participating.",2,neutral
"I'm thrilled to be part of the customer service team. The innovation and energy here is truly inspiring!",4,very positive
"Thanks for organizing the team building activity. It was informative and well-structured.",3,positive
"The {software} keeps freezing during quality improvements. This is impacting my work significantly.",1,negative
"The WiFi connection in open workspace keeps dropping. This is making it very difficult to work.",1,negative
"I am attaching the revised meeting notes from yesterday's team discussion for your review.",2,neutral
"The company's commitment to work-life balance is incredible and sets us apart. Proud to be here!",4,very positive
"I need to request team member support for the Q4 initiative. What's the approval process?",2,neutral
"The compliance session was helpful. I learned several useful techniques.",3,positive
"The timesheet software will undergo maintenance on {date} from 10am to 10am.",2,neutral
"Thank you to HR department for addressing the workplace safety so promptly. Problem solved!",3,positive
"The new whiteboard is working well. It's an upgrade from what we had before.",3,positive
"The team's dedication to sustainability is extraordinary. I'm honored to work alongside such passionate professionals!",4,very positive
"The timesheet software improvements have made a noticeable difference in efficiency. Thank you!",3,positive
"Great job on the the marketing campaign presentation yesterday. The client seemed really impressed.",3,positive
"I'm forwarding the email from the loading dock regarding employee wellbeing for your information.",2,neutral
"The coffee machine on 4th floor has been broken for days. Can maintenance look at this?",1,negative
"The collaboration between Product and HR on the system upgrade has been really productive.",3,positive
"The collaboration across departments on the website redesign has been phenomenal. Best teamwork I've seen!",4,very positive
"I'm frustrated with how long it takes to get approval for travel booking. This is creating bottlenecks.",1,negative
"The {software} keeps freezing during the server migration. This is impacting my work significantly.",1,negative
"The lighting in reception area is inadequate and causing eye strain. This needs attention.",1,negative
"The projector in the reception area is malfunctioning again. Can this please be fixed soon?",1,negative
"I'm concerned about the delay in the website redesign. We're falling behind schedule and it's stressful.",1,negative
"The new scanner is working well. It's an upgrade from what we had before.",3,positive
"The response from Operations regarding workplace safety was helpful and timely. Thank you.",3,positive
"The team's effort on the marketing campaign has been excellent. We're ahead of schedule!",3,positive
"The team's dedication to team development is extraordinary. I'm honored to work alongside such passionate professionals!",4,very positive
"The printer in the open workspace is malfunctioning again. Can this please be fixed soon?",1,negative
"The Management's latest decision is catastrophic. We're going to fail because of this disaster.",0,very negative
"I'm submitting my reimbursement form for project work. Please confirm receipt.",2,neutral
"I'm submitting my equipment request for project work. Please confirm receipt.",2,neutral
"I'm incredibly grateful for the facilities team's mentorship on the website redesign. Their guidance has been transformational!",4,very positive
"I'm disappointed with the lack of response to my previous concerns about employee complaints.",1,negative
"The elevator in {building} has been unreliable lately. Multiple service interruptions this week.",1,negative
"The support from HR department has been absolutely wonderful. They go above and beyond every time!",4,very positive
"The decision to implement the new policy is disastrous. We're going to regret this catastrophe immensely.",0,very negative
"I'm extremely impressed by the facilities team's work on the website redesign. Absolutely exceptional performance!",4,very positive
"The air conditioning on the 4th floor seems to be broken again, it's uncomfortably warm.",1,negative
"{Department} has shown complete negligence with data privacy concerns. This is utterly unacceptable.",0,very negative
"The coffee machine on 2nd floor has been broken for days. Can maintenance look at this?",1,negative
"I'm disappointed with the lack of response to my previous concerns about data privacy concerns.",1,negative
"I've noticed the bike storage has been out of order for three days now. This is quite frustrating.",1,negative
"The new remote work policy is completely negligent and appalling. Someone needs to be held accountable.",0,very negative
"The leadership session was helpful. I learned several useful techniques.",3,positive
"I'm disgusted by how the security breach has been handled. This is a joke and shows complete incompetence.",0,very negative
"I'm so excited about the direction we're heading with the website redesign. The possibilities are endless!",4,very positive
"The company's commitment to sustainability is incredible and sets us apart. Proud to be here!",4,very positive
"The team's dedication to customer satisfaction is extraordinary. I'm honored to work alongside such passionate professionals!",4,very positive
"The temperature in the east wing is consistently too cold. Many people have complained.",1,negative
"The new bike storage is a great addition. It's already making a positive difference.",3,positive
"This company's approach to career progression is utterly negligent. We're headed for disaster.",0,very negative
"The new printer is working well. It's an upgrade from what we had before.",3,positive
"I'm genuinely excited to come to work every day. The positive environment and great people make all the difference!",4,very positive
"The collaboration across departments on the system upgrade has been phenomenal. Best teamwork I've seen!",4,very positive
"The updated laptop is much easier to use. Nice improvement!",3,positive
"I'm concerned about the delay in the client deliverable. We're falling behind schedule and it's stressful.",1,negative
"The team's dedication to team development is extraordinary. I'm honored to work alongside such passionate professionals!",4,very positive
"I'm shocked by the appalling lack of consideration for communication. This is negligent management.",0,very negative
"The updated laptop is much easier to use. Nice improvement!",3,positive
"The team building activity yesterday was inspirational! I left feeling motivated and energized. Thank you to the organizers!",4,very positive
"I'm happy to report that mentorship program has been successful. Good results so far.",3,positive
"The updated software license is much easier to use. Nice improvement!",3,positive
"I'm concerned about the delay in the website redesign. We're falling behind schedule and it's stressful.",1,negative
"The lunch options at the cafeteria have become quite limited. A bit disappointing.",1,negative
"I'm incredibly grateful for the IT team's mentorship on the marketing campaign. Their guidance has been transformational!",4,very positive
"The leadership's decision to reorganize departments is brilliant. This is exactly what we needed - game changer!",4,very positive
"I appreciate the facilities team's help with the server migration. Their expertise was very valuable.",3,positive
"I'm shocked by the appalling lack of consideration for career progression. This is negligent management.",0,very negative
"The WiFi connection in conference room B keeps dropping. This is making it very difficult to work.",1,negative
"Please review the updated budget proposal and provide feedback by {date}.",2,neutral
"I'd like to schedule a meeting to discuss work-life balance. What times work for everyone?",2,neutral
"The updated team member support is much easier to use. Nice improvement!",3,positive
"The coffee machine on 7th floor has been broken for days. Can maintenance look at this?",1,negative
"Huge congratulations to the marketing on landing the new client! This is an incredible milestone and I'm proud to be part of it!",4,very positive
"Can we move our {meeting} to 10am? Let me know if this works for everyone.",2,neutral
"Please find attached the budget proposal from {date}. Let me know if you need anything else.",2,neutral
"The Leadership's latest decision is catastrophic. We're going to fail because of this disaster.",0,very negative
"I'm thrilled to be part of the HR team. The innovation and energy here is truly inspiring!",4,very positive
"I'll be out of office on Dec 15-17. Please contact the facilities team for urgent matters.",2,neutral
"The lunch options at the cafeteria have become quite limited. A bit disappointing.",1,negative
"The temperature in conference room B is consistently too cold. Many people have complained.",1,negative
"The mentorship program has exceeded all expectations! This is a fantastic success story for our company!",4,very positive
"The decision to cancel the project is disastrous. We're going to regret this catastrophe immensely.",0,very negative
"The temperature in reception area is consistently too cold. Many people have complained.",1,negative
"Management's decision to reduce team headcount is absolutely disastrous. This will guarantee we lose top talent.",0,very negative
"I'd like to schedule a meeting to discuss work-life balance. What times work for everyone?",2,neutral
"The updated meeting room access is much easier to use. Nice improvement!",3,positive
"I'm submitting my expense report for the conference. Please confirm receipt.",2,neutral
"I'd like to schedule a meeting to discuss work-life balance. What times work for everyone?",2,neutral
"The recent upgrade to our development tools has significantly sped up our code deployment process.",3,positive
"I wanted to recognize the IT team for their consistent dedication to quality improvements. Great work!",3,positive
"I absolutely love the new shower facility! It's amazing and shows how much the company values employees.",4,very positive
"The Management will be conducting {activity} next week. Please let me know if you have questions.",2,neutral
"The parking situation at conference room B is becoming increasingly problematic. Something needs to change.",1,negative
"The workshop was phenomenal! Outstanding organization and such valuable content. Kudos to everyone involved!",4,very positive
"I've noticed the kitchen sink has been out of order for three days now. This is quite frustrating.",1,negative
"The onboarding session was helpful. I learned several useful techniques.",3,positive
"The temperature in reception area is consistently too cold. Many people have complained.",1,negative
"Thank you to Finance team for addressing the data privacy concerns so promptly. Problem solved!",3,positive
"How can anyone think implement the new policy is acceptable? This is completely negligent and dangerous.",0,very negative
"The project management system has been crashing repeatedly today. This is severely impacting productivity.",1,negative
"I'm blown away by the quality of documentation. The team has done an absolutely stellar job!",4,very positive
"The printer in building C constantly jams. This is wasting a lot of time.",1,negative
"The training session on career progression is scheduled for {date}. Registration is now open.",2,neutral
"I'm disappointed with the lack of response to my previous concerns about the security breach.",1,negative
"I wanted to recognize John from Finance for their consistent dedication to resolving the issue. Great work!",3,positive
"I've submitted a ticket about data privacy concerns weeks ago and still no response. This is frustrating.",1,negative
"The new strategy for career progression is an absolute disaster. We'll lose everything because of this.",0,very negative
"I'm thrilled to be part of the HR team. The innovation and energy here is truly inspiring!",4,very positive
"The noise level from nearby offices is becoming a real problem. It's hard to concentrate.",1,negative
"I'm thrilled to be part of the HR team. The innovation and energy here is truly inspiring!",4,very positive
"The management team's reduce team headcount is an absolute disgrace. This will destroy our key clients.",0,very negative
"{Department} has shown complete negligence with customer feedback. This is utterly unacceptable.",0,very negative
"The new security protocol is completely negligent and appalling. Someone needs to be held accountable.",0,very negative
"The decision to cut training budgets is disastrous. We're going to regret this catastrophe immensely.",0,very negative
"I'm disappointed with the lack of response to my previous concerns about employee complaints.",1,negative
"The lighting in conference room B is inadequate and causing eye strain. This needs attention.",1,negative
"The team's effort on the client deliverable has been excellent. We're ahead of schedule!",3,positive
"Huge congratulations to the customer service on reaching 1M users! This is an incredible milestone and I'm proud to be part of it!",4,very positive
"I've noticed the shower facility has been out of order for three days now. This is quite frustrating.",1,negative
"Working on the system upgrade has been the highlight of my career so far. What an amazing opportunity!",4,very positive
"The air conditioning on the 3rd floor seems to be broken again, it's uncomfortably warm.",1,negative
"The team meeting yesterday was productive. Good discussions and clear action items.",3,positive
"The management team's reduce team headcount is an absolute disgrace. This will destroy our key clients.",0,very negative
"The projector in the open workspace is malfunctioning again. Can this please be fixed soon?",1,negative
"The team meeting yesterday was productive. Good discussions and clear action items.",3,positive
"The handling of employee complaints has been an utter disaster. Leadership has failed us completely.",0,very negative
"Management's decision to reorganize departments is absolutely disastrous. This will guarantee we lose best employees.",0,very negative
"The collaboration between Marketing and HR on the marketing campaign has been really productive.",3,positive
"The company's commitment to employee development is incredible and sets us apart. Proud to be here!",4,very positive
"The {software} keeps freezing during the server migration. This is impacting my work significantly.",1,negative
"The decision to implement the new policy is disastrous. We're going to regret this catastrophe immensely.",0,very negative
"I'm really pleased with how smoothly the town hall went. Well done to everyone involved.",3,positive
"Great job on the the client deliverable presentation yesterday. The client seemed really impressed.",3,positive
"The recent upgrade to our development tools has significantly sped up our code deployment process.",3,positive
"I appreciate Sarah's help with training new hires. Their expertise was very valuable.",3,positive
"The team's effort on the client deliverable has been excellent. We're ahead of schedule!",3,positive
"The updated additional budget is much easier to use. Nice improvement!",3,positive
"I'm concerned about the delay in the client deliverable. We're falling behind schedule and it's stressful.",1,negative
"I need to request laptop for the client deliverable. What's the approval process?",2,neutral
"I'm submitting my equipment request for training. Please confirm receipt.",2,neutral
"I've noticed the kitchen sink has been out of order for three days now. This is quite frustrating.",1,negative
"This new expense reporting tool is a complete joke. It guarantees we'll lose all our competitive advantage.",0,very negative
"The decision to reorganize departments is disastrous. We're going to regret this catastrophe immensely.",0,very negative
"The project management system will undergo maintenance on {date} from after lunch to 3:30pm.",2,neutral
"The handling of employee complaints has been an utter disaster. Leadership has failed us completely.",0,very negative
"The new break room microwave is a great addition. It's already making a positive difference.",3,positive
"Management's decision to implement the new policy is absolutely disastrous. This will guarantee we lose top talent.",0,very negative
"The collaboration between Product and Finance on the client deliverable has been really productive.",3,positive
"The team building activity was phenomenal! Outstanding organization and such valuable content. Kudos to everyone involved!",4,very positive
"I'm disgusted by how workplace safety has been handled. This is a joke and shows complete incompetence.",0,very negative
"The response from Finance team regarding the security breach was helpful and timely. Thank you.",3,positive
"The management team's cancel the project is an absolute disgrace. This will destroy our key clients.",0,very negative
"I'm disgusted by how the security breach has been handled. This is a joke and shows complete incompetence.",0,very negative
"The WiFi connection in conference room B keeps dropping. This is making it very difficult to work.",1,negative
"I'm blown away by the quality of report. The team has done an absolutely stellar job!",4,very positive
"The workshop yesterday was inspirational! I left feeling motivated and energized. Thank you to the organizers!",4,very positive
"I'm looking for clarification on the process for {activity}. Can someone point me in the right direction?",2,neutral
"The elevator in {building} has been unreliable lately. Multiple service interruptions this week.",1,negative
"The team meeting yesterday was productive. Good discussions and clear action items.",3,positive
"Can we move our {meeting} to 10am? Let me know if this works for everyone.",2,neutral
"The team's effort on the marketing campaign has been excellent. We're ahead of schedule!",3,positive
"The coffee machine on 2nd floor has been broken for days. Can maintenance look at this?",1,negative
"I'm extremely impressed by the facilities team's work on the website redesign. Absolutely exceptional performance!",4,very positive
"I appreciate the IT team's help with resolving the issue. Their expertise was very valuable.",3,positive
"The team's dedication to sustainability is extraordinary. I'm honored to work alongside such passionate professionals!",4,very positive
"I'm requesting information about the expense reimbursement system for communication. Where can I find this?",2,neutral
"This new project management system is a complete joke. It guarantees we'll lose all our competitive advantage.",0,very negative
"The parking situation at building C is becoming increasingly problematic. Something needs to change.",1,negative
"I'm forwarding the email from nearby offices regarding work-life balance for your information.",2,neutral
"I'd like to schedule a meeting to discuss employee wellbeing. What times work for everyone?",2,neutral
"The lunch options at the cafeteria have become quite limited. A bit disappointing.",1,negative
"I'm appalled at the complete failure to address customer feedback. This is unacceptable negligence.",0,very negative
"The email system has been crashing repeatedly today. This is severely impacting productivity.",1,negative
"The phone system in the reception area is malfunctioning again. Can this please be fixed soon?",1,negative
"I'm happy to report that innovation lab has been successful. Good results so far.",3,positive
"I'm disappointed with the lack of response to my previous concerns about data privacy concerns.",1,negative
"I've noticed the water fountain has been out of order for three days now. This is quite frustrating.",1,negative
"I'm genuinely excited to come to work every day. The positive environment and great people make all the difference!",4,very positive
"{Department} has shown complete negligence with the budget overruns. This is utterly unacceptable.",0,very negative
"The lunch options at the cafeteria have become quite limited. A bit disappointing.",1,negative
"The expense reimbursement system decision is a total disaster waiting to happen. Someone will be responsible for this catastrophe.",0,very negative
"I appreciate Maria's help with resolving the issue. Their expertise was very valuable.",3,positive
"The conference was phenomenal! Outstanding organization and such valuable content. Kudos to everyone involved!",4,very positive
"The handling of employee complaints has been an utter disaster. Leadership has failed us completely.",0,very negative
"The temperature in reception area is consistently too cold. Many people have complained.",1,negative
"The coffee machine on 6th floor has been broken for days. Can maintenance look at this?",1,negative
"The company's commitment to innovation is incredible and sets us apart. Proud to be here!",4,very positive
"The projector in the the east wing is malfunctioning again. Can this please be fixed soon?",1,negative
"The WiFi connection in reception area keeps dropping. This is making it very difficult to work.",1,negative
"I'm satisfied with the progress on the system upgrade. We're moving in the right direction.",3,positive
"The new break room microwave is a great addition. It's already making a positive difference.",3,positive
"Management's decision to outsource critical functions is absolutely disastrous. This will guarantee we lose top talent.",0,very negative
"Can someone confirm the deadline for documentation? I want to make sure I have the right date.",2,neutral
"Please find attached the quarterly report from {date}. Let me know if you need anything else.",2,neutral
"The HR department will be conducting {activity} next week. Please let me know if you have questions.",2,neutral
"The elevator in {building} has been unreliable lately. Multiple service interruptions this week.",1,negative
"The {software} keeps freezing during the server migration. This is impacting my work significantly.",1,negative
"I'm appalled at the complete failure to address workplace safety. This is unacceptable negligence.",0,very negative
"The timesheet software will undergo maintenance on {date} from 3:30pm to 10am.",2,neutral
"The training session on professional development is scheduled for {date}. Registration is now open.",2,neutral
"The training session on employee wellbeing is scheduled for {date}. Registration is now open.",2,neutral
"I appreciate Maria's help with quality improvements. Their expertise was very valuable.",3,positive
"I'm extremely impressed by Sarah's work on the marketing campaign. Absolutely exceptional performance!",4,very positive
"{Department} has shown complete negligence with the security breach. This is utterly unacceptable.",0,very negative
"I wanted to thank the IT team for their quick response to employee complaints. Much appreciated!",3,positive
"I'm disgusted by how customer feedback has been handled. This is a joke and shows complete incompetence.",0,very negative
"I have a question about work-life balance. Is there documentation available?",2,neutral
"Working on the website redesign has been the highlight of my career so far. What an amazing opportunity!",4,very positive
"I'd like to schedule a meeting to discuss diversity and inclusion. What times work for everyone?",2,neutral
"I'm requesting information about the vacation approval process for diversity and inclusion. Where can I find this?",2,neutral
"I'm disgusted by how the budget overruns has been handled. This is a joke and shows complete incompetence.",0,very negative
"Please review the updated status update and provide feedback by {date}.",2,neutral
"The workshop was phenomenal! Outstanding organization and such valuable content. Kudos to everyone involved!",4,very positive
"I'm submitting my expense report for the conference. Please confirm receipt.",2,neutral
"The customer success initiative has exceeded all expectations! This is a fantastic success story for our company!",4,very positive
"The team's dedication to innovation is extraordinary. I'm honored to work alongside such passionate professionals!",4,very positive
"The innovation lab has exceeded all expectations! This is a fantastic success story for our company!",4,very positive
"The Finance team's latest decision is catastrophic. We're going to fail because of this disaster.",0,very negative
"Please review the updated status update and provide feedback by {date}.",2,neutral
"This company's approach to work-life balance is utterly negligent. We're headed for disaster.",0,very negative
"The Management will be conducting {activity} next week. Please let me know if you have questions.",2,neutral
"The decision to reduce team headcount is disastrous. We're going to regret this catastrophe immensely.",0,very negative
"Working on the client deliverable has been the highlight of my career so far. What an amazing opportunity!",4,very positive
"The new hiring freeze seems to be working well. It's simplified the equipment requests considerably.",3,positive
"I'm disappointed with the lack of response to my previous concerns about data privacy concerns.",1,negative
"Working on the Q4 initiative has been the highlight of my career so far. What an amazing opportunity!",4,very positive
"I need to request team member support for the system upgrade. What's the approval process?",2,neutral
"I'm frustrated with how long it takes to get approval for expense reimbursements. This is creating bottlenecks.",1,negative
"I've noticed the shower facility has been out of order for three days now. This is quite frustrating.",1,negative
"Management's decision to outsource critical functions is absolutely disastrous. This will guarantee we lose competitive edge.",0,very negative
"The new projector is working well. It's an upgrade from what we had before.",3,positive
"I'm submitting my expense report for training. Please confirm receipt.",2,neutral
"I'm organizing {activity} and need to know who's interested in participating.",2,neutral
"The collaboration between Engineering and Support on the client deliverable has been really productive.",3,positive
"I'm requesting information about the remote work policy for professional development. Where can I find this?",2,neutral
"The new security protocol is completely negligent and appalling. Someone needs to be held accountable.",0,very negative
"I appreciate the facilities team's help with training new hires. Their expertise was very valuable.",3,positive
"The new expense reimbursement system is completely negligent and appalling. Someone needs to be held accountable.",0,very negative
"The decision to cancel the project is disastrous. We're going to regret this catastrophe immensely.",0,very negative
"I've noticed the kitchen sink has been out of order for three days now. This is quite frustrating.",1,negative
"I absolutely love the new break room microwave! It's amazing and shows how much the company values employees.",4,very positive
"The response from Leadership regarding workplace safety was helpful and timely. Thank you.",3,positive
"The updated additional budget is much easier to use. Nice improvement!",3,positive
"Could someone share the schedule for next week's conference? I need to plan accordingly.",2,neutral
"The expense reporting tool has been crashing repeatedly today. This is severely impacting productivity.",1,negative
"The project management system will undergo maintenance on {date} from 2pm to morning.",2,neutral
"I absolutely love the new bike storage! It's amazing and shows how much the company values employees.",4,very positive
"The team's dedication to sustainability is extraordinary. I'm honored to work alongside such passionate professionals!",4,very positive
"I'm concerned about the delay in the system upgrade. We're falling behind schedule and it's stressful.",1,negative
"The team's dedication to customer satisfaction is extraordinary. I'm honored to work alongside such passionate professionals!",4,very positive
"Working on the website redesign has been the highlight of my career so far. What an amazing opportunity!",4,very positive
"The WiFi connection in reception area keeps dropping. This is making it very difficult to work.",1,negative
"{Department} has shown complete negligence with workplace safety. This is utterly unacceptable.",0,very negative
"The new strategy for communication is an absolute disaster. We'll lose everything because of this.",0,very negative
"The company culture here is outstanding. I feel so fortunate to work with such talented and supportive people!",4,very positive
"The IT department's latest decision is catastrophic. We're going to fail because of this disaster.",0,very negative
"Thank you to IT department for addressing the customer feedback so promptly. Problem solved!",3,positive
"The response from Management regarding employee complaints was helpful and timely. Thank you.",3,positive
"I need to request laptop for the marketing campaign. What's the approval process?",2,neutral
"The team meeting yesterday was productive. Good discussions and clear action items.",3,positive
"Could someone share the schedule for next week's conference? I need to plan accordingly.",2,neutral
"The support from Operations has been absolutely wonderful. They go above and beyond every time!",4,very positive
"The sustainability program has exceeded all expectations! This is a fantastic success story for our company!",4,very positive
"I'm satisfied with the progress on the marketing campaign. We're moving in the right direction.",3,positive
"The HR department's latest decision is catastrophic. We're going to fail because of this disaster.",0,very negative
"Can someone confirm the deadline for project submission? I want to make sure I have the right date.",2,neutral
"I'm forwarding the email from construction next door regarding communication for your information.",2,neutral
"The new whiteboard is working well. It's an upgrade from what we had before.",3,positive
"The collaboration space booking system is confusing and unreliable. Very frustrating to use.",1,negative
"I wanted to thank the IT team for their quick response to employee complaints. Much appreciated!",3,positive
"The team meeting yesterday was productive. Good discussions and clear action items.",3,positive
"The handling of the budget overruns has been an utter disaster. Leadership has failed us completely.",0,very negative
"The updated software license is much easier to use. Nice improvement!",3,positive
"I'm really pleased with how smoothly the training session went. Well done to everyone involved.",3,positive
"I've noticed the shower facility has been out of order for three days now. This is quite frustrating.",1,negative
"The parking situation at conference room B is becoming increasingly problematic. Something needs to change.",1,negative
"The IT department will be conducting {activity} next week. Please let me know if you have questions.",2,neutral
"{Department} has shown complete negligence with data privacy concerns. This is utterly unacceptable.",0,very negative
"I'm organizing {activity} and need to know who's interested in participating.",2,neutral
"I need to request team member support for the website redesign. What's the approval process?",2,neutral
"I'll be out of office on next week. Please contact Maria for urgent matters.",2,neutral
"The town hall was phenomenal! Outstanding organization and such valuable content. Kudos to everyone involved!",4,very positive
"The lunch options at the cafeteria have become quite limited. A bit disappointing.",1,negative
"I'm really pleased with how smoothly the quarterly review went. Well done to everyone involved.",3,positive
"{Department} has shown complete negligence with the budget overruns. This is utterly unacceptable.",0,very negative
"The management team's reorganize departments is an absolute disgrace. This will destroy our market position.",0,very negative
"I'm really pleased with how smoothly the town hall went. Well done to everyone involved.",3,positive
"The email system will undergo maintenance on {date} from 3:30pm to 3:30pm.",2,neutral
"The team's effort on the Q4 initiative has been excellent. We're ahead of schedule!",3,positive
"I'm concerned about the delay in the client deliverable. We're falling behind schedule and it's stressful.",1,negative
"The leadership's decision to outsource critical functions is brilliant. This is exactly what we needed - game changer!",4,very positive
"This company's approach to communication is utterly negligent. We're headed for disaster.",0,very negative
"The project management system improvements have made a noticeable difference in efficiency. Thank you!",3,positive
"I'm shocked by the appalling lack of consideration for career progression. This is negligent management.",0,very negative
"I have a question about communication. Is there documentation available?",2,neutral
"How can anyone think implement the new policy is acceptable? This is completely negligent and dangerous.",0,very negative
"The new strategy for work-life balance is an absolute disaster. We'll lose everything because of this.",0,very negative
"The new security protocol is completely negligent and appalling. Someone needs to be held accountable.",0,very negative
"The coffee machine on 7th floor has been broken for days. Can maintenance look at this?",1,negative
"The leadership's decision to cancel the project is brilliant. This is exactly what we needed - game changer!",4,very positive
"I'd like to schedule a meeting to discuss diversity and inclusion. What times work for everyone?",2,neutral
"I'm submitting my reimbursement form for team event. Please confirm receipt.",2,neutral
"I've submitted a ticket about the security breach weeks ago and still no response. This is frustrating.",1,negative
"How can anyone think implement the new policy is acceptable? This is completely negligent and dangerous.",0,very negative
"I absolutely love the new kitchen sink! It's amazing and shows how much the company values employees.",4,very positive
"This new CRM is a complete joke. It guarantees we'll lose all our competitive advantage.",0,very negative
"How can anyone think reorganize departments is acceptable? This is completely negligent and dangerous.",0,very negative
"The leadership's decision to cut training budgets is brilliant. This is exactly what we needed - game changer!",4,very positive
"I've submitted a ticket about the security breach weeks ago and still no response. This is frustrating.",1,negative
"The project management system improvements have made a noticeable difference in efficiency. Thank you!",3,positive
"I'd like to schedule a meeting to discuss work-life balance. What times work for everyone?",2,neutral
"Management's decision to cancel the project is absolutely disastrous. This will guarantee we lose best employees.",0,very negative
"This company's approach to diversity and inclusion is utterly negligent. We're headed for disaster.",0,very negative
"The collaboration between Sales and Finance on the website redesign has been really productive.",3,positive
"I'm genuinely excited to come to work every day. The positive environment and great people make all the difference!",4,very positive
"The new scanner is working well. It's an upgrade from what we had before.",3,positive
"The recent upgrade to our development tools has significantly sped up our code deployment process.",3,positive
"I wanted to thank the facilities team for their quick response to the security breach. Much appreciated!",3,positive
"I'll be out of office on next Friday. Please contact the IT team for urgent matters.",2,neutral
"I'm submitting my reimbursement form for client meeting. Please confirm receipt.",2,neutral
"The expense reporting tool improvements have made a noticeable difference in efficiency. Thank you!",3,positive
"Thank you to HR department for addressing the the security breach so promptly. Problem solved!",3,positive
"The company's commitment to innovation is incredible and sets us apart. Proud to be here!",4,very positive
"The next {meeting} is scheduled for Wednesday. The agenda will be sent tomorrow.",2,neutral
"The CRM improvements have made a noticeable difference in efficiency. Thank you!",3,positive
"Please find attached the meeting minutes from {date}. Let me know if you need anything else.",2,neutral
"I'm forwarding the email from nearby offices regarding communication for your information.",2,neutral
"How can anyone think cancel the project is acceptable? This is completely negligent and dangerous.",0,very negative
"I'm shocked by the appalling lack of consideration for communication. This is negligent management.",0,very negative
"The support from Operations has been absolutely wonderful. They go above and beyond every time!",4,very positive
"The management team's reduce team headcount is an absolute disgrace. This will destroy our market position.",0,very negative
"The innovation lab has exceeded all expectations! This is a fantastic success story for our company!",4,very positive
"The decision to cut training budgets is disastrous. We're going to regret this catastrophe immensely.",0,very negative
"I'm happy to report that customer success initiative has been successful. Good results so far.",3,positive
"The vacation approval process decision is a total disaster waiting to happen. Someone will be responsible for this catastrophe.",0,very negative
"I'm organizing {activity} and need to know who's interested in participating.",2,neutral
"I'm forwarding the email from the loading dock regarding employee wellbeing for your information.",2,neutral
"Huge congratulations to the IT on landing the new client! This is an incredible milestone and I'm proud to be part of it!",4,very positive
"I need to request meeting room access for the system upgrade. What's the approval process?",2,neutral
"Management's decision to cut training budgets is absolutely disastrous. This will guarantee we lose top talent.",0,very negative
"I've submitted a ticket about employee complaints weeks ago and still no response. This is frustrating.",1,negative
"The printer in the the east wing is malfunctioning again. Can this please be fixed soon?",1,negative
"The team meeting yesterday was productive. Good discussions and clear action items.",3,positive
"The email system will undergo maintenance on {date} from morning to 10am.",2,neutral
"I'm forwarding the email from construction next door regarding professional development for your information.",2,neutral
"I'm extremely impressed by John from Finance's work on the website redesign. Absolutely exceptional performance!",4,very positive
"The new strategy for communication is an absolute disaster. We'll lose everything because of this.",0,very negative
"Management's decision to reorganize departments is absolutely disastrous. This will guarantee we lose company reputation.",0,very negative
"I love how we're encouraged to innovate and try new approaches. This is a truly special workplace!",4,very positive
"I'm extremely impressed by John from Finance's work on the system upgrade. Absolutely exceptional performance!",4,very positive
"{Department} has shown complete negligence with data privacy concerns. This is utterly unacceptable.",0,very negative
"I've submitted a ticket about employee complaints weeks ago and still no response. This is frustrating.",1,negative
"The collaboration across departments on the system upgrade has been phenomenal. Best teamwork I've seen!",4,very positive
"I'm disgusted by how customer feedback has been handled. This is a joke and shows complete incompetence.",0,very negative
"The CRM has been crashing repeatedly today. This is severely impacting productivity.",1,negative
"How can anyone think implement the new policy is acceptable? This is completely negligent and dangerous.",0,very negative
"I'm shocked by the appalling lack of consideration for career progression. This is negligent management.",0,very negative
"Can we move our {meeting} to morning? Let me know if this works for everyone.",2,neutral
"Can someone confirm the deadline for documentation? I want to make sure I have the right date.",2,neutral
"I'm requesting information about the vacation approval process for diversity and inclusion. Where can I find this?",2,neutral
"I have a question about professional development. Is there documentation available?",2,neutral
"Can someone confirm the deadline for presentation? I want to make sure I have the right date.",2,neutral
"The {software} keeps freezing during training new hires. This is impacting my work significantly.",1,negative
"The {report} for last quarter is now available in the shared drive under Reports.",2,neutral
"I'm so excited about the direction we're heading with the Q4 initiative. The possibilities are endless!",4,very positive
"I'm disgusted by how customer feedback has been handled. This is a joke and shows complete incompetence.",0,very negative
"I'm disgusted by how data privacy concerns has been handled. This is a joke and shows complete incompetence.",0,very negative
"Can someone confirm the deadline for proposal? I want to make sure I have the right date.",2,neutral
"I've submitted a ticket about customer feedback weeks ago and still no response. This is frustrating.",1,negative
"I have a question about diversity and inclusion. Is there documentation available?",2,neutral
"The company culture here is outstanding. I feel so fortunate to work with such talented and supportive people!",4,very positive
"I'm incredibly grateful for Sarah's mentorship on the marketing campaign. Their guidance has been transformational!",4,very positive
"I'm genuinely excited to come to work every day. The positive environment and great people make all the difference!",4,very positive
"The training session on work-life balance is scheduled for {date}. Registration is now open.",2,neutral
"I'm disappointed with the lack of response to my previous concerns about data privacy concerns.",1,negative
"The training session was phenomenal! Outstanding organization and such valuable content. Kudos to everyone involved!",4,very positive
"I'm concerned about the delay in the marketing campaign. We're falling behind schedule and it's stressful.",1,negative
"Working on the marketing campaign has been the highlight of my career so far. What an amazing opportunity!",4,very positive
"The Management's latest decision is catastrophic. We're going to fail because of this disaster.",0,very negative
"The support from Finance team has been absolutely wonderful. They go above and beyond every time!",4,very positive
"The compliance session was helpful. I learned several useful techniques.",3,positive
"I appreciate the facilities team's help with resolving the issue. Their expertise was very valuable.",3,positive
"The HR department's latest decision is catastrophic. We're going to fail because of this disaster.",0,very negative
"I appreciate Maria's help with quality improvements. Their expertise was very valuable.",3,positive
"The printer in open workspace constantly jams. This is wasting a lot of time.",1,negative
"I have a question about communication. Is there documentation available?",2,neutral
"The recent upgrade to our development tools has significantly sped up our code deployment process.",3,positive
"The {report} for September is now available in the shared drive under Projects.",2,neutral
"The expense reimbursement system decision is a total disaster waiting to happen. Someone will be responsible for this catastrophe.",0,very negative
"The response from Management regarding customer feedback was helpful and timely. Thank you.",3,positive
"The printer in reception area constantly jams. This is wasting a lot of time.",1,negative
"I'm requesting information about the security protocol for employee wellbeing. Where can I find this?",2,neutral
"Can we move our {meeting} to 2pm? Let me know if this works for everyone.",2,neutral
"I wanted to thank the IT team for their quick response to data privacy concerns. Much appreciated!",3,positive
"Could someone share the schedule for next week's training session? I need to plan accordingly.",2,neutral
"I'll be out of office on January 5-7. Please contact the facilities team for urgent matters.",2,neutral
"Please find attached the quarterly report from {date}. Let me know if you need anything else.",2,neutral
"The WiFi connection in open workspace keeps dropping. This is making it very difficult to work.",1,negative
"The email system improvements have made a noticeable difference in efficiency. Thank you!",3,positive
"The lighting in reception area is inadequate and causing eye strain. This needs attention.",1,negative
"I'm shocked by the appalling lack of consideration for communication. This is negligent management.",0,very negative
"The {report} for Q3 is now available in the shared drive under Shared Documents.",2,neutral
"The team's effort on the marketing campaign has been excellent. We're ahead of schedule!",3,positive
"The team meeting yesterday was productive. Good discussions and clear action items.",3,positive
"I wanted to recognize the IT team for their consistent dedication to the server migration. Great work!",3,positive
"The new water fountain is a great addition. It's already making a positive difference.",3,positive
"I'd like to schedule a meeting to discuss employee wellbeing. What times work for everyone?",2,neutral
"I'm really pleased with how smoothly the training session went. Well done to everyone involved.",3,positive
"The hiring freeze decision is a total disaster waiting to happen. Someone will be responsible for this catastrophe.",0,very negative
"The team meeting yesterday was productive. Good discussions and clear action items.",3,positive
"I'm blown away by the quality of presentation. The team has done an absolutely stellar job!",4,very positive
"I'm organizing {activity} and need to know who's interested in participating.",2,neutral
"The leadership's decision to outsource critical functions is brilliant. This is exactly what we needed - game changer!",4,very positive
"I'm requesting information about the security protocol for employee wellbeing. Where can I find this?",2,neutral
"I'm happy to report that innovation lab has been successful. Good results so far.",3,positive
"The {software} keeps freezing during resolving the issue. This is impacting my work significantly.",1,negative
"I absolutely love the new bike storage! It's amazing and shows how much the company values employees.",4,very positive
"I'd like to schedule a meeting to discuss career progression. What times work for everyone?",2,neutral
"The decision to outsource critical functions is disastrous. We're going to regret this catastrophe immensely.",0,very negative
"This company's approach to communication is utterly negligent. We're headed for disaster.",0,very negative
"The recent upgrade to our development tools has significantly sped up our code deployment process.",3,positive
"The new hiring freeze seems to be working well. It's simplified the time-off requests considerably.",3,positive
"The expense reporting tool has been crashing repeatedly today. This is severely impacting productivity.",1,negative
"I'm blown away by the quality of documentation. The team has done an absolutely stellar job!",4,very positive
"Working with this team is an absolute pleasure; the level of collaboration and support is the best I've ever experienced.",4,very positive
"Working on the marketing campaign has been the highlight of my career so far. What an amazing opportunity!",4,very positive
"I'm submitting my equipment request for team event. Please confirm receipt.",2,neutral
"Please review the updated meeting minutes and provide feedback by {date}.",2,neutral
"I'm thrilled to be part of the marketing team. The innovation and energy here is truly inspiring!",4,very positive
"The elevator in {building} has been unreliable lately. Multiple service interruptions this week.",1,negative
"I'm so excited about the direction we're heading with the website redesign. The possibilities are endless!",4,very positive
"The training session on professional development is scheduled for {date}. Registration is now open.",2,neutral
"The management team's reduce team headcount is an absolute disgrace. This will destroy our competitive edge.",0,very negative
"I have a question about communication. Is there documentation available?",2,neutral
"I have a question about work-life balance. Is there documentation available?",2,neutral
"I'm appalled at the complete failure to address employee complaints. This is unacceptable negligence.",0,very negative
"The collaboration across departments on the marketing campaign has been phenomenal. Best teamwork I've seen!",4,very positive
"The HR department's latest decision is catastrophic. We're going to fail because of this disaster.",0,very negative
"The noise level from construction next door is becoming a real problem. It's hard to concentrate.",1,negative
"I'm appalled at the complete failure to address customer feedback. This is unacceptable negligence.",0,very negative
"The response from Operations regarding data privacy concerns was helpful and timely. Thank you.",3,positive
"The parking situation at open workspace is becoming increasingly problematic. Something needs to change.",1,negative
"The printer in building C constantly jams. This is wasting a lot of time.",1,negative
"{Department} has shown complete negligence with the budget overruns. This is utterly unacceptable.",0,very negative
"I'm organizing {activity} and need to know who's interested in participating.",2,neutral
"The collaboration across departments on the marketing campaign has been phenomenal. Best teamwork I've seen!",4,very positive
"How can anyone think reorganize departments is acceptable? This is completely negligent and dangerous.",0,very negative
"I'm happy to report that mentorship program has been successful. Good results so far.",3,positive
"Great job on the the website redesign presentation yesterday. The client seemed really impressed.",3,positive
"The huddle room booking system is confusing and unreliable. Very frustrating to use.",1,negative
"I'll be out of office on next Friday. Please contact the facilities team for urgent matters.",2,neutral
"The response from Management regarding employee complaints was helpful and timely. Thank you.",3,positive
"Huge congratulations to the facilities on landing the new client! This is an incredible milestone and I'm proud to be part of it!",4,very positive
"The boardroom booking system is confusing and unreliable. Very frustrating to use.",1,negative
"{Department} has shown complete negligence with the budget overruns. This is utterly unacceptable.",0,very negative
"The training session on work-life balance is scheduled for {date}. Registration is now open.",2,neutral
"The quarterly review yesterday was inspirational! I left feeling motivated and energized. Thank you to the organizers!",4,very positive
"The email system has been crashing repeatedly today. This is severely impacting productivity.",1,negative
"I've submitted a ticket about data privacy concerns weeks ago and still no response. This is frustrating.",1,negative
"The noise level from kitchen area is becoming a real problem. It's hard to concentrate.",1,negative
"The quarterly review was phenomenal! Outstanding organization and such valuable content. Kudos to everyone involved!",4,very positive
"Thanks for organizing the workshop. It was informative and well-structured.",3,positive
"The next {meeting} is scheduled for next Monday. The agenda will be sent tomorrow.",2,neutral
"I need to request additional budget for the marketing campaign. What's the approval process?",2,neutral
"I need to request meeting room access for the system upgrade. What's the approval process?",2,neutral
"The CRM improvements have made a noticeable difference in efficiency. Thank you!",3,positive
"The {report} for September is now available in the shared drive under Team Files.",2,neutral
"I wanted to recognize Maria for their consistent dedication to the server migration. Great work!",3,positive
"The company's commitment to work-life balance is incredible and sets us apart. Proud to be here!",4,very positive
"The management team's outsource critical functions is an absolute disgrace. This will destroy our top talent.",0,very negative
"I'm satisfied with the progress on the Q4 initiative. We're moving in the right direction.",3,positive
"The team meeting yesterday was productive. Good discussions and clear action items.",3,positive
"This new email system is a complete joke. It guarantees we'll lose all our competitive advantage.",0,very negative
"I love how we're encouraged to innovate and try new approaches. This is a truly special workplace!",4,very positive
"The {software} keeps freezing during resolving the issue. This is impacting my work significantly.",1,negative
"I'm submitting my time-off request for client meeting. Please confirm receipt.",2,neutral
"The decision to reduce team headcount is disastrous. We're going to regret this catastrophe immensely.",0,very negative
"The team's dedication to sustainability is extraordinary. I'm honored to work alongside such passionate professionals!",4,very positive
"The expense reporting tool has been crashing repeatedly today. This is severely impacting productivity.",1,negative
"I'm frustrated with how long it takes to get approval for procurement. This is creating bottlenecks.",1,negative
"The response from IT department regarding customer feedback was helpful and timely. Thank you.",3,positive
"The workshop yesterday was inspirational! I left feeling motivated and energized. Thank you to the organizers!",4,very positive
"The air conditioning on the 2nd floor seems to be broken again, it's uncomfortably warm.",1,negative
"The recent upgrade to our development tools has significantly sped up our code deployment process.",3,positive
"The HR portal will undergo maintenance on {date} from 10am to after lunch.",2,neutral
"The team's effort on the website redesign has been excellent. We're ahead of schedule!",3,positive
"This new HR portal is a complete joke. It guarantees we'll lose all our competitive advantage.",0,very negative
"I'm happy to report that sustainability program has been successful. Good results so far.",3,positive
"I love how we're encouraged to innovate and try new approaches. This is a truly special workplace!",4,very positive
"The CRM will undergo maintenance on {date} from 10am to morning.",2,neutral
"I'm incredibly grateful for Alex's mentorship on the system upgrade. Their guidance has been transformational!",4,very positive
"The new strategy for employee wellbeing is an absolute disaster. We'll lose everything because of this.",0,very negative
"The new vacation approval process is completely negligent and appalling. Someone needs to be held accountable.",0,very negative
"The new projector is working well. It's an upgrade from what we had before.",3,positive
"I wanted to thank the marketing team for their quick response to the budget overruns. Much appreciated!",3,positive
"The security protocol decision is a total disaster waiting to happen. Someone will be responsible for this catastrophe.",0,very negative
"The expense reimbursement system decision is a total disaster waiting to happen. Someone will be responsible for this catastrophe.",0,very negative
"I wanted to thank the development team for their quick response to the budget overruns. Much appreciated!",3,positive
"The leadership session was helpful. I learned several useful techniques.",3,positive
"I need to request software license for the marketing campaign. What's the approval process?",2,neutral
"The team's dedication to sustainability is extraordinary. I'm honored to work alongside such passionate professionals!",4,very positive
"I'm genuinely excited to come to work every day. The positive environment and great people make all the difference!",4,very positive
"Working with this team is an absolute pleasure; the level of collaboration and support is the best I've ever experienced.",4,very positive
"The new printer is working well. It's an upgrade from what we had before.",3,positive
"Please review the updated quarterly report and provide feedback by {date}.",2,neutral
"I absolutely love the new water fountain! It's amazing and shows how much the company values employees.",4,very positive
"The management team's cancel the project is an absolute disgrace. This will destroy our key clients.",0,very negative
"I've noticed the break room microwave has been out of order for three days now. This is quite frustrating.",1,negative
"The company culture here is outstanding. I feel so fortunate to work with such talented and supportive people!",4,very positive
"Can someone confirm the deadline for presentation? I want to make sure I have the right date.",2,neutral
"The {report} for last month is now available in the shared drive under Projects.",2,neutral
"The new expense reimbursement system seems to be working well. It's simplified the equipment requests considerably.",3,positive
"The collaboration between Product and HR on the marketing campaign has been really productive.",3,positive
"The support from Operations has been absolutely wonderful. They go above and beyond every time!",4,very positive
"The updated meeting room access is much easier to use. Nice improvement!",3,positive
"I absolutely love the new water fountain! It's amazing and shows how much the company values employees.",4,very positive
"The team's dedication to customer satisfaction is extraordinary. I'm honored to work alongside such passionate professionals!",4,very positive
"I appreciate Alex's help with training new hires. Their expertise was very valuable.",3,positive
"Thanks for organizing the quarterly review. It was informative and well-structured.",3,positive
"The management team's reduce team headcount is an absolute disgrace. This will destroy our competitive edge.",0,very negative
"The team meeting yesterday was productive. Good discussions and clear action items.",3,positive
"I need to request additional budget for the client deliverable. What's the approval process?",2,neutral
"I'm requesting information about the hiring freeze for communication. Where can I find this?",2,neutral
"Working on the system upgrade has been the highlight of my career so far. What an amazing opportunity!",4,very positive
"The company's commitment to work-life balance is incredible and sets us apart. Proud to be here!",4,very positive
"I'm thrilled to be part of the facilities team. The innovation and energy here is truly inspiring!",4,very positive
"I'm happy to report that customer success initiative has been successful. Good results so far.",3,positive
"Management's decision to cancel the project is absolutely disastrous. This will guarantee we lose key clients.",0,very negative
"I'm frustrated with how long it takes to get approval for travel booking. This is creating bottlenecks.",1,negative
"Thank you to HR department for addressing the workplace safety so promptly. Problem solved!",3,positive
"The leadership session was helpful. I learned several useful techniques.",3,positive
"Working with this team is an absolute pleasure; the level of collaboration and support is the best I've ever experienced.",4,very positive
"The team's effort on the marketing campaign has been excellent. We're ahead of schedule!",3,positive
"The recent upgrade to our development tools has significantly sped up our code deployment process.",3,positive
"I'm organizing {activity} and need to know who's interested in participating.",2,neutral
"Could someone share the schedule for next week's conference? I need to plan accordingly.",2,neutral
"I'm submitting my time-off request for the conference. Please confirm receipt.",2,neutral
"The {report} for this week is now available in the shared drive under Projects.",2,neutral
"The leadership's decision to implement the new policy is brilliant. This is exactly what we needed - game changer!",4,very positive
"Working with this team is an absolute pleasure; the level of collaboration and support is the best I've ever experienced.",4,very positive
"I'm thrilled to be part of the facilities team. The innovation and energy here is truly inspiring!",4,very positive
"The recent upgrade to our development tools has significantly sped up our code deployment process.",3,positive
"I'm frustrated with how long it takes to get approval for travel booking. This is creating bottlenecks.",1,negative
"Working with this team is an absolute pleasure; the level of collaboration and support is the best I've ever experienced.",4,very positive
"Can someone confirm the deadline for documentation? I want to make sure I have the right date.",2,neutral
"The WiFi connection in building C keeps dropping. This is making it very difficult to work.",1,negative
"I'm having ongoing issues with CRM. The support response has been slow.",1,negative
"How can anyone think cancel the project is acceptable? This is completely negligent and dangerous.",0,very negative
"The new bike storage is a great addition. It's already making a positive difference.",3,positive
"The team's effort on the marketing campaign has been excellent. We're ahead of schedule!",3,positive
"Thank you to Finance team for addressing the the budget overruns so promptly. Problem solved!",3,positive
"The new expense reimbursement system is completely negligent and appalling. Someone needs to be held accountable.",0,very negative
"Could someone share the schedule for next week's town hall? I need to plan accordingly.",2,neutral
"The air conditioning on the 7th floor seems to be broken again, it's uncomfortably warm.",1,negative
"The elevator in {building} has been unreliable lately. Multiple service interruptions this week.",1,negative
"I'm incredibly grateful for the IT team's mentorship on the Q4 initiative. Their guidance has been transformational!",4,very positive
"Please find attached the budget proposal from {date}. Let me know if you need anything else.",2,neutral
"I'm forwarding the email from construction next door regarding professional development for your information.",2,neutral
"I have a question about work-life balance. Is there documentation available?",2,neutral
"The management team's reorganize departments is an absolute disgrace. This will destroy our best employees.",0,very negative
"The {report} for Q3 is now available in the shared drive under Projects.",2,neutral
"The decision to reduce team headcount is disastrous. We're going to regret this catastrophe immensely.",0,very negative
"How can anyone think reduce team headcount is acceptable? This is completely negligent and dangerous.",0,very negative
"The HR department's latest decision is catastrophic. We're going to fail because of this disaster.",0,very negative
"I've submitted a ticket about customer feedback weeks ago and still no response. This is frustrating.",1,negative
"I'm happy to report that innovation lab has been successful. Good results so far.",3,positive
"The handling of the security breach has been an utter disaster. Leadership has failed us completely.",0,very negative
"I'm concerned about the delay in the client deliverable. We're falling behind schedule and it's stressful.",1,negative
"Please find attached the quarterly report from {date}. Let me know if you need anything else.",2,neutral
"The video conferencing system in the conference room B is malfunctioning again. Can this please be fixed soon?",1,negative
"I've noticed the break room microwave has been out of order for three days now. This is quite frustrating.",1,negative
"I've submitted a ticket about customer feedback weeks ago and still no response. This is frustrating.",1,negative
"I'm incredibly grateful for Alex's mentorship on the client deliverable. Their guidance has been transformational!",4,very positive
"I'm incredibly grateful for the IT team's mentorship on the website redesign. Their guidance has been transformational!",4,very positive
"The air conditioning on the 5th floor seems to be broken again, it's uncomfortably warm.",1,negative
"The leadership session was helpful. I learned several useful techniques.",3,positive
"I'm looking for clarification on the process for {activity}. Can someone point me in the right direction?",2,neutral
"The scanner in the the main office is malfunctioning again. Can this please be fixed soon?",1,negative
"I'm requesting information about the hiring freeze for employee wellbeing. Where can I find this?",2,neutral
"The management team's reorganize departments is an absolute disgrace. This will destroy our market position.",0,very negative
"Thank you to Operations for addressing the workplace safety so promptly. Problem solved!",3,positive
"The new security protocol is completely negligent and appalling. Someone needs to be held accountable.",0,very negative
"I'm satisfied with the progress on the website redesign. We're moving in the right direction.",3,positive
"I'm genuinely excited to come to work every day. The positive environment and great people make all the difference!",4,very positive
"I'm blown away by the quality of proposal. The team has done an absolutely stellar job!",4,very positive
"The new whiteboard is working well. It's an upgrade from what we had before.",3,positive
"I'm shocked by the appalling lack of consideration for communication. This is negligent management.",0,very negative
"I'm frustrated with how long it takes to get approval for travel booking. This is creating bottlenecks.",1,negative
"Thank you to IT department for addressing the the security breach so promptly. Problem solved!",3,positive
"The lunch options at the cafeteria have become quite limited. A bit disappointing.",1,negative
"I'm forwarding the email from the loading dock regarding professional development for your information.",2,neutral
"The new bike storage is a great addition. It's already making a positive difference.",3,positive
"I love how we're encouraged to innovate and try new approaches. This is a truly special workplace!",4,very positive
"I'm appalled at the complete failure to address the security breach. This is unacceptable negligence.",0,very negative
"Working on the Q4 initiative has been the highlight of my career so far. What an amazing opportunity!",4,very positive
"The team's dedication to quality excellence is extraordinary. I'm honored to work alongside such passionate professionals!",4,very positive
"The timesheet software has been crashing repeatedly today. This is severely impacting productivity.",1,negative
"The elevator in {building} has been unreliable lately. Multiple service interruptions this week.",1,negative
"The recent upgrade to our development tools has significantly sped up our code deployment process.",3,positive
"Working with this team is an absolute pleasure; the level of collaboration and support is the best I've ever experienced.",4,very positive
"Working on the system upgrade has been the highlight of my career so far. What an amazing opportunity!",4,very positive
"The management team's reorganize departments is an absolute disgrace. This will destroy our competitive edge.",0,very negative
"I am attaching the revised meeting notes from yesterday's team discussion for your review.",2,neutral
"I've submitted a ticket about employee complaints weeks ago and still no response. This is frustrating.",1,negative
"{Department} has shown complete negligence with customer feedback. This is utterly unacceptable.",0,very negative
"The team building activity was phenomenal! Outstanding organization and such valuable content. Kudos to everyone involved!",4,very positive
"I'm requesting information about the security protocol for communication. Where can I find this?",2,neutral
"I'm appalled at the complete failure to address employee complaints. This is unacceptable negligence.",0,very negative
"The updated software license is much easier to use. Nice improvement!",3,positive
"The team's effort on the Q4 initiative has been excellent. We're ahead of schedule!",3,positive
"I absolutely love the new kitchen sink! It's amazing and shows how much the company values employees.",4,very positive
"I'm disgusted by how data privacy concerns has been handled. This is a joke and shows complete incompetence.",0,very negative
"I'm disgusted by how employee complaints has been handled. This is a joke and shows complete incompetence.",0,very negative
"The company culture here is outstanding. I feel so fortunate to work with such talented and supportive people!",4,very positive
"I'm extremely impressed by Maria's work on the Q4 initiative. Absolutely exceptional performance!",4,very positive
"This new CRM is a complete joke. It guarantees we'll lose all our competitive advantage.",0,very negative
"Thank you to Operations for addressing the the security breach so promptly. Problem solved!",3,positive
"I'm disappointed with the lack of response to my previous concerns about the budget overruns.",1,negative
"The hiring freeze decision is a total disaster waiting to happen. Someone will be responsible for this catastrophe.",0,very negative
"I appreciate the IT team's help with resolving the issue. Their expertise was very valuable.",3,positive
"The {software} keeps freezing during the server migration. This is impacting my work significantly.",1,negative
"The coffee machine on 7th floor has been broken for days. Can maintenance look at this?",1,negative
"The WiFi connection in reception area keeps dropping. This is making it very difficult to work.",1,negative
"The printer in the main office constantly jams. This is wasting a lot of time.",1,negative
"Working on the client deliverable has been the highlight of my career so far. What an amazing opportunity!",4,very positive
"I'm genuinely excited to come to work every day. The positive environment and great people make all the difference!",4,very positive
"The HR portal will undergo maintenance on {date} from 2pm to morning.",2,neutral
"I'm genuinely excited to come to work every day. The positive environment and great people make all the difference!",4,very positive
"The WiFi connection in building C keeps dropping. This is making it very difficult to work.",1,negative
"I'm submitting my reimbursement form for project work. Please confirm receipt.",2,neutral
"This new project management system is a complete joke. It guarantees we'll lose all our competitive advantage.",0,very negative
"The projector in the reception area is malfunctioning again. Can this please be fixed soon?",1,negative
"I'm so excited about the direction we're heading with the client deliverable. The possibilities are endless!",4,very positive
"Huge congratulations to the marketing on launching version 2.0! This is an incredible milestone and I'm proud to be part of it!",4,very positive
"I'm really pleased with how smoothly the town hall went. Well done to everyone involved.",3,positive
"Management's decision to outsource critical functions is absolutely disastrous. This will guarantee we lose top talent.",0,very negative
"Please review the updated project plan and provide feedback by {date}.",2,neutral
"The air conditioning on the 6th floor seems to be broken again, it's uncomfortably warm.",1,negative
"I wanted to recognize John from Finance for their consistent dedication to the server migration. Great work!",3,positive
"The team building activity was phenomenal! Outstanding organization and such valuable content. Kudos to everyone involved!",4,very positive
"The temperature in reception area is consistently too cold. Many people have complained.",1,negative
"The handling of data privacy concerns has been an utter disaster. Leadership has failed us completely.",0,very negative
"The team meeting yesterday was productive. Good discussions and clear action items.",3,positive
"This new timesheet software is a complete joke. It guarantees we'll lose all our competitive advantage.",0,very negative
"The HR department's latest decision is catastrophic. We're going to fail because of this disaster.",0,very negative
"The WiFi connection in the east wing keeps dropping. This is making it very difficult to work.",1,negative
"Please find attached the meeting minutes from {date}. Let me know if you need anything else.",2,neutral
"I'm forwarding the email from kitchen area regarding diversity and inclusion for your information.",2,neutral
"Can we move our {meeting} to morning? Let me know if this works for everyone.",2,neutral
"The updated additional budget is much easier to use. Nice improvement!",3,positive
"Working with this team is an absolute pleasure; the level of collaboration and support is the best I've ever experienced.",4,very positive
"I'm requesting information about the security protocol for work-life balance. Where can I find this?",2,neutral
"The noise level from construction next door is becoming a real problem. It's hard to concentrate.",1,negative
"The support from Finance team has been absolutely wonderful. They go above and beyond every time!",4,very positive
"I'm concerned about the delay in the Q4 initiative. We're falling behind schedule and it's stressful.",1,negative
"I've noticed the water fountain has been out of order for three days now. This is quite frustrating.",1,negative
"Please review the updated project plan and provide feedback by {date}.",2,neutral
"The company's commitment to sustainability is incredible and sets us apart. Proud to be here!",4,very positive
"I'm happy to report that sustainability program has been successful. Good results so far.",3,positive
"I'm requesting information about the hiring freeze for work-life balance. Where can I find this?",2,neutral
"The parking situation at conference room B is becoming increasingly problematic. Something needs to change.",1,negative
"I wanted to recognize the facilities team for their consistent dedication to quality improvements. Great work!",3,positive
"I have a question about professional development. Is there documentation available?",2,neutral
"I'm looking for clarification on the process for {activity}. Can someone point me in the right direction?",2,neutral
"I'm extremely impressed by Sarah's work on the marketing campaign. Absolutely exceptional performance!",4,very positive
"I wanted to thank the customer service team for their quick response to workplace safety. Much appreciated!",3,positive
"The next {meeting} is scheduled for next Monday. The agenda will be sent tomorrow.",2,neutral
"Huge congratulations to the marketing on launching version 2.0! This is an incredible milestone and I'm proud to be part of it!",4,very positive
"I appreciate Alex's help with training new hires. Their expertise was very valuable.",3,positive
"The company culture here is outstanding. I feel so fortunate to work with such talented and supportive people!",4,very positive
"I'm appalled at the complete failure to address the security breach. This is unacceptable negligence.",0,very negative
"I'm thrilled to be part of the customer service team. The innovation and energy here is truly inspiring!",4,very positive
"The updated software license is much easier to use. Nice improvement!",3,positive
"The workshop was phenomenal! Outstanding organization and such valuable content. Kudos to everyone involved!",4,very positive
"Working on the client deliverable has been the highlight of my career so far. What an amazing opportunity!",4,very positive
"The security protocol decision is a total disaster waiting to happen. Someone will be responsible for this catastrophe.",0,very negative
"The whiteboard in the the east wing is malfunctioning again. Can this please be fixed soon?",1,negative
"I'm shocked by the appalling lack of consideration for diversity and inclusion. This is negligent management.",0,very negative
"The response from Management regarding the budget overruns was helpful and timely. Thank you.",3,positive
"I absolutely love the new break room microwave! It's amazing and shows how much the company values employees.",4,very positive
"This new email system is a complete joke. It guarantees we'll lose all our competitive advantage.",0,very negative
"I'm appalled at the complete failure to address employee complaints. This is unacceptable negligence.",0,very negative
"I'm disgusted by how customer feedback has been handled. This is a joke and shows complete incompetence.",0,very negative
"I'm extremely impressed by the facilities team's work on the website redesign. Absolutely exceptional performance!",4,very positive
"I need to request software license for the marketing campaign. What's the approval process?",2,neutral
"I wanted to thank the marketing team for their quick response to employee complaints. Much appreciated!",3,positive
"I absolutely love the new shower facility! It's amazing and shows how much the company values employees.",4,very positive
"I'm appalled at the complete failure to address the security breach. This is unacceptable negligence.",0,very negative
"I'm extremely impressed by John from Finance's work on the client deliverable. Absolutely exceptional performance!",4,very positive
"Can someone confirm the deadline for report? I want to make sure I have the right date.",2,neutral
"The handling of employee complaints has been an utter disaster. Leadership has failed us completely.",0,very negative
"I am attaching the revised meeting notes from yesterday's team discussion for your review.",2,neutral
"The team's effort on the marketing campaign has been excellent. We're ahead of schedule!",3,positive
"The air conditioning on the 3rd floor seems to be broken again, it's uncomfortably warm.",1,negative
"I'm concerned about the delay in the Q4 initiative. We're falling behind schedule and it's stressful.",1,negative
"I have a question about career progression. Is there documentation available?",2,neutral
"The company's commitment to diversity is incredible and sets us apart. Proud to be here!",4,very positive
"The new hiring freeze seems to be working well. It's simplified the time-off requests considerably.",3,positive
"The security protocol decision is a total disaster waiting to happen. Someone will be responsible for this catastrophe.",0,very negative
"The sustainability program has exceeded all expectations! This is a fantastic success story for our company!",4,very positive
"The CRM improvements have made a noticeable difference in efficiency. Thank you!",3,positive
"The HR department's latest decision is catastrophic. We're going to fail because of this disaster.",0,very negative
"The company's commitment to diversity is incredible and sets us apart. Proud to be here!",4,very positive
"I am attaching the revised meeting notes from yesterday's team discussion for your review.",2,neutral
"I love how we're encouraged to innovate and try new approaches. This is a truly special workplace!",4,very positive
"The company's commitment to employee development is incredible and sets us apart. Proud to be here!",4,very positive
"The management team's reduce team headcount is an absolute disgrace. This will destroy our competitive edge.",0,very negative
"The new strategy for work-life balance is an absolute disaster. We'll lose everything because of this.",0,very negative
"I am attaching the revised meeting notes from yesterday's team discussion for your review.",2,neutral
"I'm disappointed with the lack of response to my previous concerns about the budget overruns.",1,negative
"The HR portal will undergo maintenance on {date} from 10am to morning.",2,neutral
"I have a question about diversity and inclusion. Is there documentation available?",2,neutral
"This new project management system is a complete joke. It guarantees we'll lose all our competitive advantage.",0,very negative
"The {software} keeps freezing during the server migration. This is impacting my work significantly.",1,negative
"I'll be out of office on the 23rd. Please contact Sarah for urgent matters.",2,neutral
"I'd like to schedule a meeting to discuss career progression. What times work for everyone?",2,neutral
"I'm disgusted by how workplace safety has been handled. This is a joke and shows complete incompetence.",0,very negative
"Please find attached the status update from {date}. Let me know if you need anything else.",2,neutral
"Great job on the the website redesign presentation yesterday. The client seemed really impressed.",3,positive
"Thanks for organizing the training session. It was informative and well-structured.",3,positive
"I'm appalled at the complete failure to address data privacy concerns. This is unacceptable negligence.",0,very negative
"I'm extremely impressed by Maria's work on the client deliverable. Absolutely exceptional performance!",4,very positive
"The lunch options at the cafeteria have become quite limited. A bit disappointing.",1,negative
"Thanks for organizing the town hall. It was informative and well-structured.",3,positive
"Please review the updated project plan and provide feedback by {date}.",2,neutral
"I'm thrilled to be part of the HR team. The innovation and energy here is truly inspiring!",4,very positive
"I'm thrilled to be part of the marketing team. The innovation and energy here is truly inspiring!",4,very positive
"The CRM will undergo maintenance on {date} from morning to after lunch.",2,neutral
"This company's approach to professional development is utterly negligent. We're headed for disaster.",0,very negative
"The Leadership's latest decision is catastrophic. We're going to fail because of this disaster.",0,very negative
"The new hiring freeze is completely negligent and appalling. Someone needs to be held accountable.",0,very negative
"Can we move our {meeting} to 3:30pm? Let me know if this works for everyone.",2,neutral
"Could someone share the schedule for next week's training session? I need to plan accordingly.",2,neutral
"The support from IT department has been absolutely wonderful. They go above and beyond every time!",4,very positive
"The vacation approval process decision is a total disaster waiting to happen. Someone will be responsible for this catastrophe.",0,very negative
"The HR department's latest decision is catastrophic. We're going to fail because of this disaster.",0,very negative
"The company's commitment to diversity is incredible and sets us apart. Proud to be here!",4,very positive
"I'm extremely impressed by Maria's work on the client deliverable. Absolutely exceptional performance!",4,very positive
"The CRM will undergo maintenance on {date} from 3:30pm to 10am.",2,neutral
"Management's decision to implement the new policy is absolutely disastrous. This will guarantee we lose top talent.",0,very negative
"The company culture here is outstanding. I feel so fortunate to work with such talented and supportive people!",4,very positive
"Management's decision to cut training budgets is absolutely disastrous. This will guarantee we lose competitive edge.",0,very negative
"I'm really pleased with how smoothly the quarterly review went. Well done to everyone involved.",3,positive
"The vacation approval process decision is a total disaster waiting to happen. Someone will be responsible for this catastrophe.",0,very negative
"The recent upgrade to our development tools has significantly sped up our code deployment process.",3,positive
"Could someone share the schedule for next week's conference? I need to plan accordingly.",2,neutral
"Could someone share the schedule for next week's team building activity? I need to plan accordingly.",2,neutral
"I'm incredibly grateful for the IT team's mentorship on the client deliverable. Their guidance has been transformational!",4,very positive
"The decision to outsource critical functions is disastrous. We're going to regret this catastrophe immensely.",0,very negative
"The company culture here is outstanding. I feel so fortunate to work with such talented and supportive people!",4,very positive
"I'm happy to report that innovation lab has been successful. Good results so far.",3,positive
"Can we move our {meeting} to 2pm? Let me know if this works for everyone.",2,neutral
"The HR portal will undergo maintenance on {date} from morning to after lunch.",2,neutral
"The printer in building C constantly jams. This is wasting a lot of time.",1,negative
"The expense reporting tool has been crashing repeatedly today. This is severely impacting productivity.",1,negative
"I've noticed the break room microwave has been out of order for three days now. This is quite frustrating.",1,negative
"The mentorship program has exceeded all expectations! This is a fantastic success story for our company!",4,very positive
"Can we move our {meeting} to morning? Let me know if this works for everyone.",2,neutral
"I absolutely love the new break room microwave! It's amazing and shows how much the company values employees.",4,very positive
"The {report} for last month is now available in the shared drive under Team Files.",2,neutral
"Huge congratulations to the IT on launching version 2.0! This is an incredible milestone and I'm proud to be part of it!",4,very positive
"I'm organizing {activity} and need to know who's interested in participating.",2,neutral
"I'm disappointed with the lack of response to my previous concerns about data privacy concerns.",1,negative
"I wanted to recognize the facilities team for their consistent dedication to training new hires. Great work!",3,positive
"The company culture here is outstanding. I feel so fortunate to work with such talented and supportive people!",4,very positive
"The noise level from nearby offices is becoming a real problem. It's hard to concentrate.",1,negative
"I'm really pleased with how smoothly the conference went. Well done to everyone involved.",3,positive
"The new hiring freeze seems to be working well. It's simplified the travel booking considerably.",3,positive
"I'm so excited about the direction we're heading with the Q4 initiative. The possibilities are endless!",4,very positive
"The hiring freeze decision is a total disaster waiting to happen. Someone will be responsible for this catastrophe.",0,very negative
"Please find attached the budget proposal from {date}. Let me know if you need anything else.",2,neutral
"{Department} has shown complete negligence with customer feedback. This is utterly unacceptable.",0,very negative
"I'm organizing {activity} and need to know who's interested in participating.",2,neutral
"The parking situation at the east wing is becoming increasingly problematic. Something needs to change.",1,negative
"The support from HR department has been absolutely wonderful. They go above and beyond every time!",4,very positive
"{Department} has shown complete negligence with data privacy concerns. This is utterly unacceptable.",0,very negative
"The parking situation at the main office is becoming increasingly problematic. Something needs to change.",1,negative
"The handling of the security breach has been an utter disaster. Leadership has failed us completely.",0,very negative
"Great job on the the marketing campaign presentation yesterday. The client seemed really impressed.",3,positive
"I'm looking for clarification on the process for {activity}. Can someone point me in the right direction?",2,neutral
"The Leadership will be conducting {activity} next week. Please let me know if you have questions.",2,neutral
"The team meeting yesterday was productive. Good discussions and clear action items.",3,positive
"The timesheet software will undergo maintenance on {date} from morning to morning.",2,neutral
"The {software} keeps freezing during training new hires. This is impacting my work significantly.",1,negative
"The leadership session was helpful. I learned several useful techniques.",3,positive
"I love how we're encouraged to innovate and try new approaches. This is a truly special workplace!",4,very positive
"The software session was helpful. I learned several useful techniques.",3,positive
"I need to request additional budget for the Q4 initiative. What's the approval process?",2,neutral
"The training session on work-life balance is scheduled for {date}. Registration is now open.",2,neutral
"Please find attached the meeting minutes from {date}. Let me know if you need anything else.",2,neutral
"I'm genuinely excited to come to work every day. The positive environment and great people make all the difference!",4,very positive
"I am attaching the revised meeting notes from yesterday's team discussion for your review.",2,neutral
"The noise level from the loading dock is becoming a real problem. It's hard to concentrate.",1,negative
"I'm incredibly grateful for Sarah's mentorship on the website redesign. Their guidance has been transformational!",4,very positive
"I'm appalled at the complete failure to address the security breach. This is unacceptable negligence.",0,very negative
"The new water fountain is a great addition. It's already making a positive difference.",3,positive
"The {report} for September is now available in the shared drive under Shared Documents.",2,neutral
"The {report} for September is now available in the shared drive under Projects.",2,neutral
"The HR department's latest decision is catastrophic. We're going to fail because of this disaster.",0,very negative
"I absolutely love the new water fountain! It's amazing and shows how much the company values employees.",4,very positive
"The new kitchen sink is a great addition. It's already making a positive difference.",3,positive
"This new project management system is a complete joke. It guarantees we'll lose all our competitive advantage.",0,very negative
"The timesheet software will undergo maintenance on {date} from 10am to 2pm.",2,neutral
"The elevator in {building} has been unreliable lately. Multiple service interruptions this week.",1,negative
"The collaboration between Sales and HR on the website redesign has been really productive.",3,positive
"Thanks for organizing the town hall. It was informative and well-structured.",3,positive
"I'm extremely impressed by Sarah's work on the Q4 initiative. Absolutely exceptional performance!",4,very positive
"I'm disgusted by how employee complaints has been handled. This is a joke and shows complete incompetence.",0,very negative
"I'm so excited about the direction we're heading with the marketing campaign. The possibilities are endless!",4,very positive
"Management's decision to implement the new policy is absolutely disastrous. This will guarantee we lose market position.",0,very negative
"The WiFi connection in the east wing keeps dropping. This is making it very difficult to work.",1,negative
"I'm genuinely excited to come to work every day. The positive environment and great people make all the difference!",4,very positive
"I'd like to schedule a meeting to discuss career progression. What times work for everyone?",2,neutral
"The support from Finance team has been absolutely wonderful. They go above and beyond every time!",4,very positive
"I'm shocked by the appalling lack of consideration for diversity and inclusion. This is negligent management.",0,very negative
"The next {meeting} is scheduled for Thursday. The agenda will be sent tomorrow.",2,neutral
"I'm thrilled to be part of the marketing team. The innovation and energy here is truly inspiring!",4,very positive
"Could someone share the schedule for next week's training session? I need to plan accordingly.",2,neutral
"The new printer is working well. It's an upgrade from what we had before.",3,positive
"The boardroom booking system is confusing and unreliable. Very frustrating to use.",1,negative
"The whiteboard in the open workspace is malfunctioning again. Can this please be fixed soon?",1,negative
"I have a question about communication. Is there documentation available?",2,neutral
"The parking situation at reception area is becoming increasingly problematic. Something needs to change.",1,negative
"The noise level from construction next door is becoming a real problem. It's hard to concentrate.",1,negative
"The team meeting yesterday was productive. Good discussions and clear action items.",3,positive
"This company's approach to career progression is utterly negligent. We're headed for disaster.",0,very negative
"Can we move our {meeting} to morning? Let me know if this works for everyone.",2,neutral
"The decision to reorganize departments is disastrous. We're going to regret this catastrophe immensely.",0,very negative
"The decision to cancel the project is disastrous. We're going to regret this catastrophe immensely.",0,very negative
"The noise level from nearby offices is becoming a real problem. It's hard to concentrate.",1,negative
"The collaboration between Marketing and Finance on the website redesign has been really productive.",3,positive
"I wanted to thank the facilities team for their quick response to the budget overruns. Much appreciated!",3,positive
"I absolutely love the new water fountain! It's amazing and shows how much the company values employees.",4,very positive
"I've submitted a ticket about data privacy concerns weeks ago and still no response. This is frustrating.",1,negative
"I've submitted a ticket about the security breach weeks ago and still no response. This is frustrating.",1,negative
"Can someone confirm the deadline for documentation? I want to make sure I have the right date.",2,neutral
"The temperature in building C is consistently too cold. Many people have complained.",1,negative
"I've noticed the water fountain has been out of order for three days now. This is quite frustrating.",1,negative
"I'm frustrated with how long it takes to get approval for expense reimbursements. This is creating bottlenecks.",1,negative
"I wanted to recognize Maria for their consistent dedication to training new hires. Great work!",3,positive
"How can anyone think outsource critical functions is acceptable? This is completely negligent and dangerous.",0,very negative
"I'm disgusted by how the security breach has been handled. This is a joke and shows complete incompetence.",0,very negative
"The security protocol decision is a total disaster waiting to happen. Someone will be responsible for this catastrophe.",0,very negative
"I'm organizing {activity} and need to know who's interested in participating.",2,neutral
"The collaboration between Sales and Finance on the Q4 initiative has been really productive.",3,positive
"The team meeting yesterday was productive. Good discussions and clear action items.",3,positive
"The parking situation at the main office is becoming increasingly problematic. Something needs to change.",1,negative
"The {software} keeps freezing during quality improvements. This is impacting my work significantly.",1,negative
"I'm genuinely excited to come to work every day. The positive environment and great people make all the difference!",4,very positive
"I'm organizing {activity} and need to know who's interested in participating.",2,neutral
"The hiring freeze decision is a total disaster waiting to happen. Someone will be responsible for this catastrophe.",0,very negative
"I'm disgusted by how employee complaints has been handled. This is a joke and shows complete incompetence.",0,very negative
"Thanks for organizing the training session. It was informative and well-structured.",3,positive
"I'm concerned about the delay in the client deliverable. We're falling behind schedule and it's stressful.",1,negative